# Blender 5.0.1
# www.blender.org
o Trashbag_hole_coarse
v 0.004300 0.582445 -0.173297
v -0.119092 0.580814 -0.136180
v -0.172600 0.582045 -0.019047
v -0.141757 0.582822 0.104409
v -0.000582 0.582848 0.168129
v 0.003382 0.326903 0.156423
v -0.106033 0.329009 0.097156
v -0.136386 0.325848 0.001550
v -0.095735 0.340178 -0.132519
v -0.003098 0.331923 -0.138248
v -0.004142 0.454732 0.163075
v -0.119105 0.455391 0.106266
v -0.163831 0.453437 -0.003902
v -0.109608 0.457004 -0.127790
v -0.003958 0.456195 -0.161553
v -0.002674 0.199201 0.145241
v -0.084983 0.198605 0.090889
v -0.096854 0.202350 0.005305
v -0.073789 0.223580 -0.106612
v 0.002245 0.208264 -0.073690
v -0.053663 0.107076 0.028018
v -0.060773 0.094549 0.079709
v -0.001957 0.086460 0.131814
v -0.001727 0.123610 -0.007292
v -0.050641 0.118940 -0.037007
v -0.059917 0.385431 0.138906
v -0.079329 0.517322 0.145985
v -0.140758 0.387866 0.047370
v -0.156290 0.521500 0.044776
v -0.134798 0.392170 -0.067939
v -0.150288 0.517878 -0.071297
v -0.053873 0.390893 -0.148464
v -0.060352 0.518315 -0.155103
v -0.045399 0.263087 0.127307
v -0.117121 0.268727 0.046050
v -0.106078 0.269169 -0.062122
v -0.047038 0.277868 -0.122019
v -0.079143 0.144412 0.052413
v -0.036637 0.145616 0.120042
v -0.032306 0.168140 -0.055301
v -0.009155 0.091540 0.035069
v -0.070218 0.163090 -0.039716
v -0.017179 0.076497 0.038361
v -0.003901 0.393006 0.160607
v -0.050843 0.319588 0.131911
v -0.115636 0.386025 0.097229
v -0.066494 0.451152 0.143447
v -0.134885 0.517162 0.101456
v -0.084209 0.583245 0.148195
v -0.000616 0.516770 0.166209
v -0.129863 0.323480 0.053050
v -0.150105 0.389656 -0.008601
v -0.147803 0.452247 0.053563
v -0.168949 0.521802 -0.014680
v -0.162472 0.582406 0.044506
v -0.122270 0.329396 -0.068358
v -0.104715 0.394731 -0.130114
v -0.145115 0.455099 -0.067585
v -0.111381 0.518839 -0.129859
v -0.159459 0.580903 -0.077811
v -0.047192 0.328667 -0.137321
v 0.003512 0.387379 -0.154174
v -0.057939 0.454303 -0.152057
v 0.003996 0.517237 -0.166660
v -0.064190 0.582199 -0.161589
v -0.101580 0.265222 0.089551
v 0.003029 0.261877 0.149252
v -0.046464 0.200725 0.120700
v -0.118257 0.271789 -0.002316
v -0.098715 0.202319 0.050111
v -0.089922 0.281048 -0.121379
v -0.089822 0.217157 -0.054984
v 0.002663 0.271847 -0.109727
v -0.042855 0.214491 -0.094248
v -0.077032 0.155272 0.010369
v -0.074379 0.140303 0.088813
v -0.054797 0.100512 0.049875
v -0.027752 0.074593 0.058767
v 0.002472 0.144686 0.139794
v -0.028279 0.087442 0.114299
v -0.001996 0.165866 -0.042404
v 0.002278 0.087362 0.044684
v -0.065212 0.168148 -0.070566
v -0.028504 0.121863 -0.021567
v -0.052514 0.114766 -0.012187
v -0.035320 0.426120 0.154634
v -0.025412 0.360168 0.153884
v -0.083089 0.357040 0.118566
v -0.088411 0.418490 0.124517
v -0.107998 0.484307 0.123081
v -0.119951 0.550317 0.125484
v -0.041063 0.550026 0.161047
v -0.036579 0.487973 0.159699
v -0.131915 0.427220 0.080990
v -0.125217 0.362300 0.078494
v -0.140659 0.356558 0.027461
v -0.153049 0.420760 0.025940
v -0.161029 0.485186 0.023311
v -0.167637 0.550008 0.013296
v -0.150022 0.549972 0.075533
v -0.141630 0.484544 0.074298
v -0.153307 0.422478 -0.031634
v -0.138923 0.358800 -0.030109
v -0.118707 0.362013 -0.099666
v -0.129267 0.425015 -0.095378
v -0.127694 0.487258 -0.103960
v -0.135633 0.549421 -0.109110
v -0.165587 0.549665 -0.046715
v -0.161852 0.485949 -0.034086
v -0.090994 0.425426 -0.139811
v -0.076875 0.362317 -0.142278
v -0.027376 0.364802 -0.146894
v -0.026168 0.420381 -0.156300
v -0.032038 0.493284 -0.160225
v -0.029577 0.550155 -0.166623
v -0.091164 0.550436 -0.147465
v -0.086373 0.487505 -0.143172
v -0.073379 0.224668 0.105148
v -0.082374 0.288389 0.106777
v -0.022245 0.294504 0.145908
v -0.025319 0.230445 0.138466
v -0.106105 0.231079 0.022522
v -0.128866 0.301704 0.022235
v -0.120151 0.298522 0.069699
v -0.103162 0.227180 0.067111
v -0.092639 0.242713 -0.087999
v -0.105864 0.301585 -0.102064
v -0.121999 0.296863 -0.029535
v -0.100461 0.235774 -0.029436
v -0.017140 0.244328 -0.096182
v -0.020203 0.302938 -0.125543
v -0.067297 0.301964 -0.133976
v -0.065653 0.251951 -0.119851
v -0.065733 0.127887 0.029559
v -0.089655 0.176822 0.029215
v -0.090200 0.175743 0.070399
v -0.074053 0.122729 0.067381
v -0.043897 0.083003 0.076252
v -0.043473 0.089171 0.056641
v -0.058536 0.119742 0.099445
v -0.063744 0.173494 0.103837
v -0.023149 0.171814 0.134562
v -0.015663 0.111315 0.130104
v -0.010134 0.075757 0.124800
v -0.037246 0.080683 0.092863
v -0.013530 0.143110 -0.027301
v -0.015218 0.190989 -0.063679
v -0.050925 0.189277 -0.084600
v -0.045873 0.138792 -0.050494
v -0.030278 0.100339 -0.007054
v -0.011803 0.099987 0.022418
v -0.061712 0.137799 -0.041881
v -0.074912 0.187391 -0.073543
v -0.083505 0.181426 -0.016089
v -0.061482 0.133355 -0.008867
v -0.035613 0.093256 0.031710
v -0.039397 0.101701 -0.013561
v -0.033979 0.393250 0.153226
v -0.053869 0.352431 0.137174
v -0.085439 0.385723 0.122068
v -0.062253 0.418269 0.141030
v -0.115378 0.517360 0.123875
v -0.082911 0.550343 0.146945
v -0.039280 0.516952 0.160273
v -0.073030 0.484214 0.145281
v -0.130496 0.386828 0.073446
v -0.134371 0.355392 0.053663
v -0.147969 0.388830 0.019804
v -0.144139 0.419950 0.052315
v -0.165440 0.521704 0.014430
v -0.159509 0.549946 0.044754
v -0.145676 0.517294 0.074503
v -0.151787 0.484820 0.049053
v -0.144874 0.390812 -0.034892
v -0.128478 0.360499 -0.069002
v -0.121020 0.393921 -0.105044
v -0.141091 0.423788 -0.067097
v -0.130490 0.518302 -0.105972
v -0.155259 0.549396 -0.074539
v -0.162930 0.525794 -0.044454
v -0.146935 0.486406 -0.068976
v -0.081239 0.393624 -0.142877
v -0.050818 0.359490 -0.144166
v -0.024965 0.388342 -0.152180
v -0.063630 0.423158 -0.149100
v -0.032859 0.521709 -0.162805
v -0.062409 0.550416 -0.158142
v -0.088074 0.518982 -0.144579
v -0.058901 0.486224 -0.153135
v -0.077898 0.256413 0.106082
v -0.047609 0.287199 0.128403
v -0.020783 0.262211 0.143312
v -0.049025 0.231480 0.122170
v -0.118577 0.270385 0.022649
v -0.126025 0.300248 0.046632
v -0.113034 0.266753 0.068590
v -0.105709 0.229298 0.045229
v -0.100342 0.271966 -0.093517
v -0.114889 0.299127 -0.065619
v -0.112790 0.270008 -0.027398
v -0.097864 0.242940 -0.059028
v -0.018485 0.273401 -0.111354
v -0.043563 0.298856 -0.127902
v -0.069870 0.280709 -0.128968
v -0.044130 0.249029 -0.110074
v -0.079089 0.153376 0.032098
v -0.092010 0.178092 0.050243
v -0.080941 0.141925 0.071193
v -0.069360 0.125408 0.049211
v -0.042991 0.084824 0.066570
v -0.056697 0.139501 0.103953
v -0.044196 0.172707 0.118520
v -0.017091 0.144973 0.134433
v -0.033535 0.112175 0.116919
v -0.023181 0.076232 0.107199
v -0.014636 0.166643 -0.044492
v -0.033639 0.187332 -0.070560
v -0.049861 0.169129 -0.070339
v -0.029533 0.143514 -0.037388
v -0.027736 0.088347 0.017059
v -0.006764 0.077802 0.045382
v -0.022682 0.104239 0.003403
v -0.068568 0.162507 -0.054431
v -0.077826 0.183095 -0.046663
v -0.072936 0.158217 -0.010687
v -0.061783 0.136786 -0.028799
v -0.023996 0.075211 0.049242
v -0.030918 0.091794 0.004516
v -0.003927 0.425914 0.161491
v 0.003476 0.359987 0.159236
v -0.023926 0.327136 0.149890
v -0.080273 0.328449 0.114334
v -0.108464 0.357403 0.099945
v -0.114767 0.426722 0.105016
v -0.093555 0.451320 0.126840
v -0.033638 0.459019 0.158248
v -0.128856 0.484232 0.100824
v -0.139449 0.550027 0.103057
v -0.121765 0.583162 0.127024
v -0.041640 0.582996 0.162025
v -0.000675 0.549853 0.167296
v -0.004677 0.483665 0.164726
v -0.122325 0.330042 0.076707
v -0.134444 0.324867 0.028091
v -0.143575 0.357432 -0.000137
v -0.157836 0.421439 -0.002576
v -0.158447 0.452889 0.024748
v -0.135345 0.455774 0.081377
v -0.166726 0.485557 -0.005458
v -0.170966 0.549920 -0.016668
v -0.169578 0.582318 0.011885
v -0.153054 0.582589 0.076257
v -0.131815 0.327399 -0.028179
v -0.111719 0.331392 -0.104405
v -0.101003 0.371158 -0.131799
v -0.113329 0.426017 -0.122901
v -0.127463 0.456363 -0.102914
v -0.158994 0.454176 -0.032631
v -0.109389 0.487853 -0.128311
v -0.115502 0.549872 -0.132827
v -0.140094 0.580513 -0.112370
v -0.168370 0.581499 -0.049751
v -0.071997 0.331607 -0.139519
v -0.028647 0.333910 -0.137851
v -0.003378 0.363398 -0.148614
v 0.003628 0.419626 -0.158800
v -0.031268 0.460923 -0.158244
v -0.085995 0.456208 -0.142745
v -0.004046 0.484660 -0.163423
v 0.004159 0.549970 -0.170171
v -0.034700 0.582452 -0.168976
v -0.093867 0.581627 -0.150971
v -0.093782 0.225501 0.087965
v -0.107107 0.297152 0.090602
v 0.003218 0.294212 0.152584
v -0.002785 0.229921 0.147103
v -0.024160 0.199719 0.136836
v -0.063931 0.197813 0.107675
v -0.105127 0.232734 -0.001574
v -0.129071 0.302860 -0.003876
v -0.095735 0.200127 0.071162
v -0.097732 0.200760 0.028260
v -0.084279 0.252155 -0.114413
v -0.090498 0.310279 -0.130273
v -0.092400 0.205281 -0.019753
v -0.083386 0.214649 -0.085042
v 0.002403 0.235532 -0.089664
v 0.002919 0.301508 -0.124957
v -0.061797 0.216656 -0.104843
v -0.015987 0.216397 -0.080648
v -0.064048 0.130220 0.010097
v -0.088076 0.178456 0.007128
v -0.080683 0.174157 0.089416
v -0.073571 0.121205 0.080364
v -0.058828 0.096747 0.065153
v -0.054772 0.105566 0.037854
v -0.047670 0.085374 0.085462
v -0.036762 0.088652 0.046999
v -0.002577 0.171322 0.143072
v 0.002241 0.111058 0.135256
v -0.013551 0.086628 0.127153
v -0.051142 0.096973 0.098770
v -0.001455 0.075808 0.129885
v 0.002143 0.183642 -0.056300
v -0.001845 0.142732 -0.025532
v -0.001394 0.102872 0.025760
v -0.063910 0.196206 -0.092757
v -0.056241 0.135899 -0.051539
v -0.041307 0.121996 -0.037246
v -0.016137 0.123490 -0.011677
v -0.051289 0.110557 0.007456
v -0.047473 0.113670 -0.030704
v -0.019896 0.438314 0.160045
v -0.019162 0.409532 0.158737
v -0.049552 0.401685 0.146470
v -0.047968 0.434484 0.150302
v -0.018577 0.376600 0.157579
v -0.010636 0.343458 0.156758
v -0.038871 0.343886 0.144807
v -0.044301 0.372835 0.146505
v -0.069808 0.369150 0.129960
v -0.067247 0.340391 0.125548
v -0.095545 0.344973 0.107700
v -0.097588 0.369458 0.110741
v -0.079619 0.434843 0.132971
v -0.075995 0.402030 0.130703
v -0.107231 0.410343 0.109232
v -0.105512 0.443083 0.116304
v -0.116196 0.467732 0.112058
v -0.123378 0.500733 0.112643
v -0.093832 0.500877 0.136287
v -0.085995 0.467787 0.135226
v -0.129296 0.533707 0.113853
v -0.132574 0.566583 0.115681
v -0.102403 0.566848 0.138753
v -0.099674 0.533929 0.137192
v -0.061238 0.533678 0.154310
v -0.062973 0.566678 0.155417
v -0.020543 0.566399 0.165971
v -0.020039 0.533367 0.164871
v -0.052140 0.467467 0.152617
v -0.057380 0.500580 0.153820
v -0.018778 0.500261 0.164084
v -0.021355 0.467184 0.161836
v -0.126349 0.443249 0.094159
v -0.125433 0.402629 0.086497
v -0.138248 0.403492 0.060815
v -0.139721 0.435693 0.067745
v -0.119012 0.373995 0.090848
v -0.116868 0.345605 0.088705
v -0.128400 0.338707 0.065516
v -0.131646 0.370908 0.066652
v -0.140252 0.372043 0.040711
v -0.135370 0.340050 0.040783
v -0.139560 0.341116 0.014401
v -0.145886 0.372983 0.013276
v -0.151432 0.436442 0.039708
v -0.146827 0.404357 0.036929
v -0.152734 0.405066 0.012241
v -0.159602 0.437135 0.011049
v -0.163771 0.469257 0.009581
v -0.167553 0.509671 0.000362
v -0.160241 0.509420 0.029839
v -0.154960 0.468740 0.038597
v -0.169176 0.533870 -0.000970
v -0.171225 0.566107 -0.002855
v -0.165318 0.566168 0.028568
v -0.163152 0.541870 0.029102
v -0.152728 0.533664 0.060102
v -0.156605 0.566221 0.060645
v -0.146803 0.566347 0.090541
v -0.143121 0.533610 0.089114
v -0.146168 0.468376 0.060343
v -0.148913 0.501028 0.059828
v -0.138180 0.500802 0.088125
v -0.133412 0.467950 0.088041
v -0.160098 0.437847 -0.017470
v -0.152953 0.405946 -0.016400
v -0.146783 0.415130 -0.046939
v -0.152637 0.446693 -0.047523
v -0.145579 0.373980 -0.015325
v -0.138737 0.342217 -0.013732
v -0.130287 0.344003 -0.050680
v -0.136745 0.375573 -0.051208
v -0.126002 0.377106 -0.086034
v -0.120263 0.345748 -0.087324
v -0.107180 0.355282 -0.122110
v -0.111788 0.382688 -0.120133
v -0.136433 0.440089 -0.083402
v -0.130330 0.408940 -0.088103
v -0.115982 0.410239 -0.117762
v -0.122978 0.441184 -0.109898
v -0.118900 0.472214 -0.116884
v -0.119656 0.503084 -0.118103
v -0.139781 0.502353 -0.085989
v -0.137976 0.471164 -0.084257
v -0.123489 0.534083 -0.120538
v -0.128182 0.565086 -0.123914
v -0.149691 0.564992 -0.092202
v -0.144407 0.533673 -0.088775
v -0.158655 0.537626 -0.061244
v -0.162328 0.565320 -0.064161
v -0.170380 0.565811 -0.032859
v -0.168194 0.537821 -0.030431
v -0.155583 0.478222 -0.048790
v -0.154928 0.509929 -0.058664
v -0.165791 0.509829 -0.028260
v -0.164409 0.469745 -0.018806
v -0.103968 0.441501 -0.132355
v -0.095673 0.410141 -0.137075
v -0.069474 0.408072 -0.146819
v -0.078781 0.440102 -0.145291
v -0.091995 0.382681 -0.138305
v -0.087649 0.355354 -0.138770
v -0.061984 0.345533 -0.141714
v -0.066085 0.376652 -0.145205
v -0.038401 0.373684 -0.147771
v -0.039926 0.350516 -0.142551
v -0.016411 0.348211 -0.143226
v -0.010402 0.375559 -0.151270
v -0.049720 0.437844 -0.153231
v -0.040438 0.405374 -0.152317
v -0.010901 0.403623 -0.156366
v -0.011531 0.444110 -0.160266
v -0.019774 0.476771 -0.161167
v -0.016185 0.505126 -0.164216
v -0.044493 0.509811 -0.158811
v -0.043204 0.469478 -0.156239
v -0.012521 0.537764 -0.168145
v -0.012828 0.566304 -0.171097
v -0.047035 0.566384 -0.164428
v -0.045570 0.534114 -0.161046
v -0.076059 0.534624 -0.151485
v -0.078648 0.566266 -0.154875
v -0.105611 0.565738 -0.142707
v -0.101982 0.534632 -0.139313
v -0.072825 0.471086 -0.148173
v -0.073838 0.502795 -0.149221
v -0.099048 0.503413 -0.137153
v -0.098424 0.472305 -0.136352
v -0.082254 0.209594 0.096014
v -0.087477 0.240846 0.097643
v -0.062681 0.239973 0.113881
v -0.059191 0.208753 0.112602
v -0.094091 0.280764 0.098672
v -0.092172 0.312598 0.104194
v -0.064151 0.311870 0.121322
v -0.067443 0.279930 0.114633
v -0.033912 0.278686 0.136827
v -0.036378 0.311067 0.139995
v -0.009891 0.310548 0.152997
v -0.009179 0.278079 0.149517
v -0.035921 0.215287 0.130082
v -0.037894 0.246805 0.131227
v -0.014415 0.246008 0.145176
v -0.013737 0.214472 0.143478
v -0.101614 0.216509 0.010801
v -0.110909 0.247431 0.010665
v -0.110513 0.245940 0.034233
v -0.101810 0.214940 0.033848
v -0.124420 0.286652 0.010061
v -0.132834 0.313652 0.015492
v -0.129883 0.312427 0.040732
v -0.122971 0.285375 0.034588
v -0.119932 0.283561 0.057879
v -0.124434 0.310815 0.064480
v -0.113593 0.313403 0.086513
v -0.111876 0.281830 0.080002
v -0.101140 0.212871 0.055746
v -0.109141 0.243942 0.056719
v -0.103191 0.241999 0.078571
v -0.096350 0.210815 0.076982
v -0.086873 0.236896 -0.100037
v -0.093864 0.265911 -0.107185
v -0.098981 0.256049 -0.078337
v -0.090766 0.226099 -0.068757
v -0.096475 0.295317 -0.118789
v -0.101839 0.324791 -0.121975
v -0.114191 0.315294 -0.086057
v -0.107090 0.285572 -0.082622
v -0.113822 0.282777 -0.045368
v -0.122971 0.313154 -0.048434
v -0.131698 0.314889 -0.011794
v -0.121639 0.288359 -0.017166
v -0.096341 0.229621 -0.040727
v -0.104959 0.256162 -0.042986
v -0.108011 0.249591 -0.015253
v -0.098273 0.218923 -0.014113
v -0.006843 0.228801 -0.086150
v -0.007390 0.257508 -0.102027
v -0.028700 0.260525 -0.107712
v -0.026808 0.231870 -0.093205
v -0.008075 0.286909 -0.117628
v -0.015015 0.317326 -0.131773
v -0.036835 0.319854 -0.133549
v -0.030920 0.289725 -0.121273
v -0.054096 0.289614 -0.128208
v -0.057568 0.315306 -0.135608
v -0.082439 0.324907 -0.136928
v -0.077596 0.295501 -0.132207
v -0.052103 0.229419 -0.106718
v -0.056780 0.265120 -0.121651
v -0.078263 0.266775 -0.123958
v -0.072924 0.237980 -0.114647
v -0.059539 0.116990 0.024779
v -0.071066 0.141640 0.017510
v -0.073062 0.139739 0.036778
v -0.059850 0.108707 0.047014
v -0.084088 0.168023 0.013804
v -0.092935 0.187701 0.017486
v -0.093844 0.185985 0.039531
v -0.085836 0.166317 0.035406
v -0.087664 0.163992 0.055897
v -0.095317 0.190580 0.060424
v -0.089614 0.188562 0.080784
v -0.085609 0.161692 0.075328
v -0.065367 0.105881 0.063886
v -0.075976 0.133712 0.057874
v -0.077572 0.131341 0.076002
v -0.067520 0.104136 0.076040
v -0.052115 0.089359 0.071269
v -0.036461 0.078410 0.082767
v -0.051009 0.093949 0.057470
v -0.035580 0.081437 0.060702
v -0.045567 0.095963 0.042358
v -0.059602 0.106466 0.095235
v -0.068926 0.129966 0.092592
v -0.050254 0.129171 0.107052
v -0.045494 0.101406 0.105335
v -0.074189 0.160386 0.093149
v -0.073756 0.187542 0.098651
v -0.056124 0.179993 0.110561
v -0.053084 0.152897 0.108608
v -0.027559 0.158665 0.129490
v -0.034257 0.185880 0.128183
v -0.013191 0.185096 0.141529
v -0.007597 0.158079 0.140656
v -0.023565 0.099886 0.122903
v -0.025340 0.124826 0.125330
v -0.006997 0.124276 0.135959
v -0.002186 0.099264 0.133409
v -0.017564 0.075971 0.115630
v -0.020975 0.086949 0.121180
v -0.032425 0.081886 0.103207
v -0.026562 0.074273 0.094827
v -0.046170 0.088862 0.096393
v -0.001765 0.132448 -0.017460
v -0.001929 0.154030 -0.033623
v -0.022698 0.155089 -0.039598
v -0.016732 0.132670 -0.021333
v -0.006198 0.177895 -0.051982
v -0.006423 0.202228 -0.070075
v -0.025169 0.204975 -0.077491
v -0.024117 0.179842 -0.058784
v -0.041554 0.178599 -0.070432
v -0.043830 0.201617 -0.087708
v -0.062086 0.206508 -0.099620
v -0.061144 0.182558 -0.083374
v -0.036384 0.132342 -0.038417
v -0.038830 0.155802 -0.053088
v -0.049646 0.157453 -0.063025
v -0.050593 0.125501 -0.044900
v -0.039449 0.107498 -0.021360
v -0.020846 0.094997 0.011129
v -0.027513 0.114021 -0.011983
v -0.017276 0.115903 -0.001630
v 0.002829 0.095502 0.035000
v -0.001664 0.113076 0.010683
v -0.058260 0.127863 -0.038455
v -0.059402 0.148233 -0.058963
v -0.064841 0.149036 -0.047427
v -0.056271 0.121597 -0.024865
v -0.069808 0.181704 -0.078428
v -0.073906 0.209443 -0.097423
v -0.080965 0.199461 -0.069539
v -0.074384 0.178751 -0.058289
v -0.073279 0.167984 -0.031725
v -0.086020 0.199687 -0.039884
v -0.090173 0.189798 -0.005449
v -0.080306 0.170566 -0.008104
v -0.056997 0.123313 -0.014252
v -0.064554 0.144489 -0.022084
v -0.068049 0.144284 -0.002343
v -0.057743 0.119767 0.006585
v -0.045632 0.100195 0.028536
v -0.029199 0.082450 0.047185
v -0.026589 0.084398 0.031412
v -0.043087 0.103607 0.007103
v -0.019514 0.425976 0.159359
v -0.034561 0.409686 0.153869
v -0.050568 0.418106 0.147299
v -0.036432 0.442571 0.155713
v -0.010950 0.360011 0.158216
v -0.024722 0.343632 0.152038
v -0.039927 0.360399 0.147051
v -0.033382 0.376782 0.152260
v -0.068414 0.352711 0.127559
v -0.081952 0.344761 0.116720
v -0.096602 0.357208 0.109269
v -0.084127 0.369332 0.120243
v -0.077513 0.418431 0.131776
v -0.086785 0.402106 0.123406
v -0.102992 0.426693 0.115269
v -0.090622 0.434889 0.125695
v -0.119765 0.484227 0.112362
v -0.111933 0.500839 0.123430
v -0.089942 0.484327 0.135885
v -0.104043 0.467788 0.122599
v -0.131265 0.550158 0.114790
v -0.121149 0.566749 0.126381
v -0.101368 0.550404 0.137947
v -0.118059 0.533854 0.124574
v -0.062328 0.550192 0.154798
v -0.041468 0.566522 0.161631
v -0.020372 0.549896 0.165413
v -0.040354 0.533500 0.160554
v -0.054780 0.484019 0.153388
v -0.037837 0.500394 0.160017
v -0.017912 0.483705 0.163499
v -0.035270 0.475556 0.159183
v -0.124222 0.426908 0.093592
v -0.132313 0.403036 0.073913
v -0.138114 0.423519 0.067676
v -0.133922 0.443521 0.081297
v -0.118099 0.361819 0.089957
v -0.123887 0.346140 0.077597
v -0.130064 0.354781 0.066110
v -0.126221 0.374440 0.079125
v -0.137852 0.356005 0.040766
v -0.137767 0.340645 0.027778
v -0.142765 0.357003 0.013814
v -0.143466 0.372562 0.027142
v -0.148681 0.420339 0.040097
v -0.149722 0.404694 0.026406
v -0.156319 0.421106 0.011676
v -0.156109 0.436817 0.025393
v -0.164874 0.485388 0.008788
v -0.164595 0.509565 0.014935
v -0.156009 0.484966 0.038010
v -0.159978 0.469011 0.024030
v -0.170279 0.549993 -0.001897
v -0.168749 0.566164 0.012617
v -0.164299 0.554022 0.028853
v -0.166377 0.533840 0.013945
v -0.154789 0.549950 0.060410
v -0.151789 0.566284 0.076012
v -0.145196 0.549987 0.089869
v -0.147910 0.533643 0.074969
v -0.147451 0.484696 0.060012
v -0.143537 0.500925 0.074275
v -0.135696 0.484375 0.088024
v -0.139943 0.468167 0.074462
v -0.156714 0.421910 -0.016907
v -0.149630 0.406578 -0.031302
v -0.150047 0.430937 -0.047126
v -0.156557 0.438336 -0.032077
v -0.142184 0.358049 -0.014621
v -0.135531 0.343014 -0.029290
v -0.133500 0.359726 -0.051144
v -0.142299 0.374696 -0.030650
v -0.123104 0.361347 -0.086919
v -0.114478 0.346682 -0.104457
v -0.109819 0.370896 -0.121128
v -0.121488 0.377740 -0.098549
v -0.134525 0.424471 -0.083471
v -0.123561 0.409684 -0.103800
v -0.121808 0.425651 -0.110198
v -0.130808 0.440590 -0.095196
v -0.118916 0.487630 -0.117372
v -0.128650 0.502761 -0.104821
v -0.138551 0.486735 -0.085006
v -0.127486 0.471797 -0.103335
v -0.125930 0.549591 -0.122195
v -0.138101 0.564970 -0.110823
v -0.147158 0.549336 -0.090483
v -0.132960 0.533862 -0.107430
v -0.160316 0.549495 -0.062497
v -0.167142 0.565580 -0.048273
v -0.169208 0.549817 -0.031463
v -0.164277 0.537730 -0.045553
v -0.156776 0.494046 -0.049691
v -0.161244 0.509881 -0.043136
v -0.165626 0.485749 -0.019605
v -0.160629 0.470042 -0.033291
v -0.103032 0.425972 -0.132669
v -0.083056 0.409310 -0.142774
v -0.077766 0.424420 -0.145112
v -0.091968 0.441011 -0.139678
v -0.090176 0.370929 -0.138664
v -0.074471 0.346839 -0.141247
v -0.064109 0.361024 -0.143748
v -0.079148 0.377939 -0.142762
v -0.037521 0.361874 -0.145387
v -0.029813 0.349423 -0.142632
v -0.017003 0.363998 -0.147760
v -0.024461 0.376403 -0.149925
v -0.048848 0.421892 -0.152319
v -0.025588 0.404319 -0.154559
v -0.011168 0.419768 -0.158281
v -0.026940 0.444604 -0.158097
v -0.020027 0.493005 -0.162417
v -0.028425 0.509425 -0.162455
v -0.043658 0.485583 -0.157068
v -0.031651 0.477095 -0.159097
v -0.012661 0.550025 -0.169442
v -0.030002 0.566365 -0.168298
v -0.046334 0.550291 -0.162717
v -0.033266 0.533925 -0.164043
v -0.077399 0.550486 -0.153100
v -0.092664 0.566068 -0.149248
v -0.103867 0.550210 -0.140939
v -0.089549 0.534733 -0.145850
v -0.073204 0.486915 -0.148579
v -0.086976 0.503227 -0.143706
v -0.098475 0.487836 -0.136626
v -0.086158 0.471833 -0.142885
v -0.084803 0.225046 0.096943
v -0.075612 0.240464 0.105736
v -0.060886 0.224187 0.113379
v -0.071254 0.209219 0.104292
v -0.096439 0.296742 0.099228
v -0.078427 0.312265 0.112414
v -0.069390 0.295972 0.115384
v -0.080172 0.272398 0.106349
v -0.035107 0.294838 0.138146
v -0.023079 0.310760 0.147760
v -0.009519 0.294273 0.151141
v -0.021470 0.278326 0.144426
v -0.036865 0.230915 0.130735
v -0.025997 0.246346 0.139130
v -0.014055 0.230101 0.144326
v -0.024711 0.214816 0.137723
v -0.106066 0.231802 0.010696
v -0.110801 0.246738 0.022620
v -0.105974 0.230263 0.034022
v -0.101796 0.215767 0.022474
v -0.129616 0.302224 0.009471
v -0.131567 0.313118 0.028303
v -0.127638 0.301052 0.034607
v -0.123875 0.286079 0.022513
v -0.123726 0.299368 0.058343
v -0.120307 0.314049 0.075903
v -0.114810 0.297763 0.080598
v -0.116811 0.282645 0.069132
v -0.104984 0.228231 0.056234
v -0.107041 0.242916 0.067745
v -0.099669 0.226233 0.077830
v -0.099543 0.211792 0.066430
v -0.090502 0.251404 -0.103931
v -0.096600 0.257339 -0.090956
v -0.094673 0.241296 -0.075848
v -0.088868 0.230087 -0.085849
v -0.099163 0.309960 -0.120739
v -0.108861 0.316385 -0.103579
v -0.110787 0.300380 -0.084517
v -0.103859 0.286599 -0.095813
v -0.118613 0.297947 -0.046914
v -0.126728 0.312196 -0.030931
v -0.126798 0.303771 -0.018349
v -0.116820 0.281534 -0.028235
v -0.101193 0.244745 -0.042075
v -0.108117 0.258812 -0.030758
v -0.102965 0.234106 -0.014767
v -0.095713 0.220698 -0.028334
v -0.007106 0.243017 -0.094080
v -0.017778 0.258793 -0.103821
v -0.027741 0.246093 -0.100567
v -0.016539 0.230111 -0.088469
v -0.008490 0.301789 -0.124951
v -0.027414 0.318669 -0.132380
v -0.032251 0.304496 -0.127462
v -0.019293 0.288107 -0.118648
v -0.055513 0.300566 -0.131588
v -0.069569 0.316667 -0.137077
v -0.079940 0.310104 -0.134910
v -0.065715 0.291042 -0.131255
v -0.054998 0.250764 -0.116151
v -0.067809 0.266314 -0.124707
v -0.075721 0.252376 -0.119678
v -0.063301 0.237617 -0.114282
v -0.064977 0.128982 0.019655
v -0.071917 0.140666 0.027768
v -0.067159 0.126714 0.039518
v -0.060052 0.114037 0.036896
v -0.089004 0.177612 0.018213
v -0.093389 0.186926 0.028648
v -0.090396 0.175860 0.039963
v -0.084898 0.167219 0.024658
v -0.091756 0.176879 0.060394
v -0.093388 0.189485 0.070704
v -0.086792 0.174796 0.080224
v -0.087438 0.162769 0.065678
v -0.071963 0.124030 0.058473
v -0.077567 0.132433 0.067029
v -0.066922 0.120200 0.092346
v -0.060222 0.129546 0.099863
v -0.048860 0.119309 0.106450
v -0.052555 0.107325 0.101354
v -0.071675 0.173765 0.097768
v -0.062856 0.188895 0.107022
v -0.054601 0.166408 0.109545
v -0.064542 0.160029 0.101085
v -0.033464 0.172231 0.126976
v -0.023655 0.185433 0.135795
v -0.012929 0.171491 0.140311
v -0.017615 0.158325 0.136226
v -0.024488 0.111684 0.124003
v -0.016187 0.124492 0.131661
v -0.006774 0.111102 0.134279
v -0.015114 0.099495 0.128840
v -0.014147 0.154596 -0.035490
v -0.021639 0.143371 -0.031292
v -0.006296 0.189931 -0.061343
v -0.015540 0.203420 -0.072515
v -0.024602 0.192327 -0.068545
v -0.014958 0.178776 -0.054139
v -0.042518 0.188467 -0.078132
v -0.052822 0.202684 -0.094047
v -0.049540 0.179197 -0.076966
v -0.036879 0.143546 -0.044556
v -0.047813 0.147827 -0.056498
v -0.042682 0.131982 -0.044660
v -0.015754 0.104770 0.012849
v -0.011941 0.112773 0.007629
v -0.073379 0.195432 -0.086929
v -0.078971 0.201071 -0.080709
v -0.079124 0.192119 -0.063203
v -0.070908 0.173648 -0.065569
v -0.079388 0.180585 -0.031364
v -0.087549 0.191502 -0.017894
v -0.086103 0.179727 -0.004139
v -0.077905 0.172383 -0.019921
v -0.061283 0.135033 -0.018789
v -0.066436 0.145973 -0.012558
v -0.062583 0.131727 0.000730
v -0.056888 0.121337 -0.002505
v -0.038953 0.099109 0.017071
v -0.048686 0.385249 0.145464
v -0.018888 0.393082 0.158279
v -0.055111 0.368911 0.139467
v -0.052430 0.335965 0.134508
v -0.074730 0.385625 0.129388
v -0.105709 0.394008 0.108153
v -0.060985 0.401855 0.140078
v -0.064039 0.434694 0.142172
v -0.097167 0.517417 0.136653
v -0.126642 0.517230 0.113106
v -0.081481 0.533849 0.146355
v -0.083772 0.566806 0.147641
v -0.059594 0.517138 0.154047
v -0.019508 0.516819 0.164467
v -0.076431 0.500773 0.145702
v -0.069575 0.467664 0.144543
v -0.136053 0.387327 0.060635
v -0.123869 0.386380 0.085754
v -0.136335 0.371472 0.053899
v -0.132327 0.339381 0.053374
v -0.144765 0.388386 0.033737
v -0.150048 0.389201 0.005691
v -0.143396 0.403989 0.047284
v -0.145881 0.436056 0.053869
v -0.161613 0.525652 0.029438
v -0.168334 0.521773 -0.000296
v -0.157651 0.533698 0.044752
v -0.161185 0.566179 0.044700
v -0.150694 0.517356 0.059868
v -0.140722 0.517215 0.088485
v -0.155092 0.509290 0.044880
v -0.150674 0.468549 0.049515
v -0.143213 0.399262 -0.046939
v -0.147723 0.390296 -0.023352
v -0.131556 0.376303 -0.068566
v -0.125454 0.344837 -0.068983
v -0.129008 0.392936 -0.084973
v -0.113694 0.394509 -0.119061
v -0.138075 0.408016 -0.067379
v -0.143525 0.439472 -0.067193
v -0.141814 0.518007 -0.087247
v -0.121260 0.518574 -0.119147
v -0.152727 0.533638 -0.072839
v -0.157572 0.565149 -0.076245
v -0.156976 0.525755 -0.060065
v -0.167139 0.525824 -0.029453
v -0.148290 0.502126 -0.070004
v -0.146056 0.470732 -0.068183
v -0.067888 0.392350 -0.146195
v -0.093691 0.394459 -0.137796
v -0.052423 0.375152 -0.146607
v -0.049060 0.343964 -0.141082
v -0.039472 0.389497 -0.150370
v -0.010623 0.387561 -0.153747
v -0.055167 0.406679 -0.149807
v -0.064622 0.438968 -0.149657
v -0.045005 0.521958 -0.159873
v -0.012379 0.525490 -0.166834
v -0.061353 0.534387 -0.156506
v -0.063389 0.566359 -0.159890
v -0.074816 0.518711 -0.150176
v -0.100272 0.519023 -0.138030
v -0.059519 0.502249 -0.153981
v -0.058432 0.470245 -0.152530
v -0.064551 0.255922 0.114165
v -0.091525 0.264789 0.098294
v -0.046466 0.275127 0.127718
v -0.049207 0.303346 0.129819
v -0.032836 0.262593 0.135955
v -0.008885 0.261951 0.148188
v -0.050443 0.247363 0.122556
v -0.047697 0.215846 0.121557
v -0.117959 0.269635 0.034490
v -0.118932 0.271013 0.010447
v -0.121769 0.284512 0.046357
v -0.127633 0.311630 0.052795
v -0.115705 0.267724 0.057416
v -0.108544 0.265891 0.079462
v -0.110076 0.244990 0.045564
v -0.101693 0.213961 0.044916
v -0.103138 0.270811 -0.080552
v -0.096980 0.280419 -0.109987
v -0.110619 0.284140 -0.063878
v -0.118776 0.314187 -0.067179
v -0.108780 0.267587 -0.043947
v -0.116163 0.272905 -0.016200
v -0.101396 0.254178 -0.060385
v -0.094370 0.231763 -0.057496
v -0.029740 0.275079 -0.114644
v -0.007709 0.272157 -0.109931
v -0.042349 0.287860 -0.123805
v -0.045323 0.313650 -0.132911
v -0.058543 0.279533 -0.126617
v -0.080637 0.281187 -0.127636
v -0.045563 0.263406 -0.116255
v -0.041895 0.227762 -0.099904
v -0.077293 0.145670 0.042489
v -0.078019 0.154339 0.020856
v -0.086892 0.165227 0.045841
v -0.095964 0.191745 0.050022
v -0.080668 0.143110 0.061928
v -0.079160 0.140964 0.080274
v -0.073714 0.135051 0.048358
v -0.062502 0.107276 0.055622
v -0.046298 0.139157 0.111517
v -0.066462 0.139868 0.096543
v -0.037741 0.159054 0.121480
v -0.045324 0.186400 0.119664
v -0.026730 0.145284 0.127811
v -0.007383 0.144739 0.138850
v -0.034779 0.125233 0.117978
v -0.035434 0.100673 0.113333
v -0.023540 0.167410 -0.048848
v -0.033020 0.177724 -0.062941
v -0.034478 0.200176 -0.080106
v -0.040506 0.168755 -0.062695
v -0.031058 0.155500 -0.045822
v -0.030294 0.131252 -0.031168
v -0.018619 0.081539 0.027889
v -0.016561 0.090707 0.022972
v -0.025317 0.109276 -0.004320
v -0.073891 0.173237 -0.044149
v -0.084367 0.202026 -0.055013
v -0.068768 0.156044 -0.026081
v -0.075200 0.156568 -0.000003
v -0.065778 0.149655 -0.034042
v -0.042399 0.103514 -0.001823
v -0.003912 0.409465 0.160958
v -0.004011 0.442372 0.162343
v -0.003844 0.376513 0.160085
v 0.003440 0.343427 0.158034
v -0.037663 0.327417 0.142316
v -0.010274 0.326943 0.154947
v -0.065964 0.328119 0.123567
v -0.093972 0.328723 0.105734
v -0.109384 0.369615 0.101137
v -0.107498 0.345210 0.098700
v -0.117076 0.402315 0.098219
v -0.117101 0.443089 0.105827
v -0.082464 0.451288 0.134214
v -0.107783 0.455401 0.116943
v -0.049804 0.450949 0.151524
v -0.020435 0.450669 0.160829
v -0.131948 0.500701 0.101021
v -0.125892 0.467768 0.100692
v -0.137428 0.533605 0.102177
v -0.140889 0.566431 0.103867
v -0.102929 0.583270 0.139361
v -0.133289 0.582993 0.116302
v -0.063287 0.583137 0.155896
v -0.020590 0.582881 0.166302
v -0.000678 0.533320 0.166726
v -0.000636 0.566361 0.167819
v -0.000482 0.500215 0.165653
v -0.004344 0.467122 0.163822
v -0.126340 0.322729 0.064914
v -0.115423 0.329451 0.087513
v -0.132456 0.324220 0.040769
v -0.135932 0.325372 0.015028
v -0.146891 0.373392 -0.000819
v -0.140185 0.341567 0.000657
v -0.154108 0.405427 -0.001992
v -0.161228 0.437436 -0.003209
v -0.153546 0.452565 0.039198
v -0.162118 0.453173 0.010346
v -0.141570 0.451957 0.067684
v -0.128035 0.455532 0.094413
v -0.168118 0.509748 -0.013905
v -0.165559 0.469477 -0.004651
v -0.169830 0.533855 -0.015508
v -0.171926 0.565983 -0.017862
v -0.166393 0.582359 0.028105
v -0.171894 0.582219 -0.003831
v -0.157964 0.582484 0.060690
v -0.147873 0.582698 0.090952
v -0.126838 0.328477 -0.049746
v -0.134913 0.326542 -0.012662
v -0.117326 0.330391 -0.087040
v -0.104518 0.339889 -0.122437
v -0.102912 0.382932 -0.131012
v -0.098394 0.355561 -0.132489
v -0.106832 0.410433 -0.128980
v -0.114307 0.441532 -0.122544
v -0.137488 0.455630 -0.083710
v -0.119072 0.456820 -0.116595
v -0.154375 0.462440 -0.048080
v -0.162679 0.453780 -0.018102
v -0.109995 0.503330 -0.128917
v -0.109423 0.472416 -0.127957
v -0.113341 0.534362 -0.131188
v -0.117497 0.565355 -0.134567
v -0.151747 0.580645 -0.093759
v -0.129993 0.580569 -0.125479
v -0.163962 0.581149 -0.065709
v -0.171251 0.581809 -0.034212
v -0.059764 0.330277 -0.139002
v -0.085044 0.339984 -0.138225
v -0.038414 0.335051 -0.138385
v -0.015738 0.332626 -0.137864
v 0.003454 0.375360 -0.151653
v -0.003249 0.347556 -0.143863
v 0.003575 0.403462 -0.156845
v 0.003706 0.443991 -0.160832
v -0.042716 0.453399 -0.155571
v -0.019516 0.460540 -0.160217
v -0.072454 0.455302 -0.147896
v -0.098475 0.456811 -0.136248
v -0.004091 0.500931 -0.164922
v -0.004000 0.468397 -0.162263
v 0.004077 0.533605 -0.168428
v 0.004236 0.566263 -0.171826
v -0.047606 0.582370 -0.166047
v -0.012962 0.582473 -0.172573
v -0.079660 0.581953 -0.156613
v -0.107002 0.581220 -0.144379
v -0.096891 0.241293 0.088730
v -0.090829 0.210060 0.087026
v -0.104505 0.281189 0.090025
v -0.104263 0.312924 0.095929
v 0.003124 0.278009 0.150783
v 0.003305 0.310497 0.154529
v -0.002850 0.245826 0.148105
v -0.002727 0.214294 0.146174
v -0.035054 0.200181 0.129223
v -0.013451 0.199377 0.142561
v -0.054660 0.193862 0.113739
v -0.075321 0.198215 0.099419
v -0.110095 0.248311 -0.001788
v -0.100543 0.217481 -0.001246
v -0.123813 0.287354 -0.002978
v -0.133171 0.314155 0.002240
v -0.097875 0.201191 0.060695
v -0.091722 0.199224 0.081403
v -0.097899 0.199837 0.039320
v -0.097515 0.201528 0.016901
v -0.087212 0.266600 -0.118172
v -0.081062 0.237704 -0.109928
v -0.087999 0.295663 -0.128052
v -0.093080 0.325093 -0.131774
v -0.091707 0.214890 -0.038953
v -0.095002 0.203597 -0.006729
v -0.085898 0.214832 -0.074325
v -0.083076 0.222557 -0.095299
v 0.002498 0.249911 -0.097689
v 0.002319 0.221549 -0.081692
v 0.002789 0.286614 -0.117532
v -0.002933 0.316583 -0.131882
v -0.052483 0.215884 -0.100874
v -0.025919 0.218088 -0.085580
v -0.006608 0.215123 -0.078216
v -0.069903 0.142788 0.007537
v -0.058836 0.118284 0.015556
v -0.082673 0.169062 0.002981
v -0.092112 0.188533 0.006169
v -0.081431 0.160881 0.084641
v -0.083138 0.187933 0.090166
v -0.074958 0.130518 0.084675
v -0.064627 0.102878 0.087825
v 0.002555 0.158025 0.141540
v -0.002625 0.184923 0.144239
v 0.002321 0.124230 0.136944
v -0.037874 0.091633 0.107886
v -0.056133 0.093397 0.090444
v 0.002114 0.174681 -0.049247
v 0.002186 0.195740 -0.065329
v -0.034876 0.123740 -0.031168
v -0.051013 0.112039 -0.001542
v -0.049068 0.106458 0.015919
v -0.048676 0.110164 -0.018680
v 0.124447 0.581796 -0.128309
v 0.172799 0.582079 -0.012144
v 0.144482 0.583079 0.101751
v 0.111032 0.321235 0.094044
v 0.135397 0.326229 -0.005450
v 0.093341 0.332614 -0.132258
v 0.124052 0.455424 0.106949
v 0.160725 0.453499 -0.003757
v 0.112714 0.465088 -0.126881
v 0.089926 0.202571 0.083999
v 0.095389 0.210156 -0.001484
v 0.072210 0.216463 -0.101356
v 0.047719 0.105255 0.020166
v 0.059585 0.094559 0.079795
v 0.063378 0.385481 0.137471
v 0.077412 0.517295 0.148701
v 0.143414 0.391939 0.047548
v 0.159231 0.525455 0.049119
v 0.132589 0.392163 -0.067933
v 0.152685 0.518185 -0.066333
v 0.061290 0.395581 -0.147804
v 0.067965 0.518624 -0.152176
v 0.051496 0.263415 0.121998
v 0.116378 0.268382 0.050363
v 0.102075 0.269116 -0.061859
v 0.045059 0.277642 -0.120896
v 0.081931 0.151882 0.046188
v 0.040997 0.145776 0.115275
v 0.030650 0.166402 -0.052956
v 0.012493 0.084026 0.035609
v 0.066133 0.163016 -0.039415
v 0.019668 0.075880 0.035576
v 0.057823 0.319848 0.131130
v 0.117454 0.394153 0.099340
v 0.068027 0.451199 0.143839
v 0.135855 0.517346 0.106926
v 0.080611 0.583332 0.150677
v 0.132755 0.324013 0.046847
v 0.150685 0.393732 -0.008580
v 0.148934 0.460414 0.053423
v 0.167575 0.517779 -0.007875
v 0.166295 0.582400 0.048067
v 0.119536 0.329409 -0.068381
v 0.109461 0.398593 -0.124844
v 0.145252 0.455041 -0.063313
v 0.118273 0.519672 -0.122203
v 0.161036 0.581291 -0.072789
v 0.047315 0.328703 -0.137436
v 0.058709 0.462272 -0.152281
v 0.071766 0.582259 -0.158670
v 0.096384 0.265058 0.092152
v 0.040146 0.200428 0.122625
v 0.117095 0.271381 0.003620
v 0.100946 0.206638 0.043366
v 0.085708 0.273762 -0.118795
v 0.083845 0.212372 -0.057301
v 0.042172 0.214438 -0.093066
v 0.071139 0.148772 0.011240
v 0.078851 0.147394 0.083502
v 0.057649 0.103133 0.052617
v 0.026174 0.074788 0.057012
v 0.033101 0.091266 0.111574
v 0.065035 0.169087 -0.066469
v 0.026347 0.123000 -0.021141
v 0.022090 0.086128 0.015654
v 0.046801 0.110741 -0.011586
v 0.027394 0.426093 0.156750
v 0.032358 0.360307 0.151482
v 0.082776 0.352969 0.121670
v 0.089748 0.418511 0.125681
v 0.109032 0.484403 0.126881
v 0.116028 0.550524 0.128269
v 0.038516 0.550056 0.162885
v 0.035389 0.483849 0.159834
v 0.137020 0.427435 0.074868
v 0.129405 0.354526 0.073124
v 0.143343 0.356900 0.020841
v 0.154200 0.428853 0.025878
v 0.160605 0.493362 0.021877
v 0.168927 0.549968 0.017894
v 0.153147 0.550014 0.079766
v 0.144511 0.488535 0.080884
v 0.150766 0.422463 -0.031509
v 0.135361 0.359223 -0.038203
v 0.113977 0.362429 -0.107787
v 0.126773 0.425215 -0.099238
v 0.132826 0.487725 -0.098709
v 0.140767 0.550251 -0.099591
v 0.167133 0.549765 -0.038591
v 0.159236 0.486000 -0.033836
v 0.091550 0.425497 -0.139900
v 0.076856 0.362360 -0.142433
v 0.023938 0.364518 -0.147190
v 0.033595 0.420803 -0.155127
v 0.027941 0.493133 -0.161110
v 0.037848 0.550165 -0.164896
v 0.097404 0.551027 -0.142333
v 0.095076 0.488125 -0.138830
v 0.073794 0.232530 0.102389
v 0.075138 0.288275 0.111958
v 0.028621 0.294669 0.143863
v 0.019585 0.230235 0.140562
v 0.107440 0.238974 0.021637
v 0.128629 0.301527 0.028094
v 0.118160 0.298322 0.074791
v 0.105353 0.235098 0.065243
v 0.089400 0.244579 -0.088465
v 0.101397 0.301816 -0.105628
v 0.118323 0.297130 -0.033864
v 0.099172 0.243385 -0.029973
v 0.022288 0.245154 -0.097559
v 0.026322 0.303698 -0.126394
v 0.066483 0.301990 -0.133666
v 0.062692 0.244697 -0.115712
v 0.064563 0.127930 0.029432
v 0.090759 0.180330 0.028187
v 0.091810 0.175777 0.068643
v 0.074111 0.122757 0.067005
v 0.043731 0.086630 0.065163
v 0.045492 0.092343 0.053859
v 0.056106 0.113487 0.099017
v 0.059546 0.166614 0.103677
v 0.017899 0.171649 0.136925
v 0.019737 0.111469 0.127304
v 0.010091 0.075832 0.124613
v 0.037699 0.082844 0.095538
v 0.013521 0.143090 -0.027615
v 0.019799 0.191633 -0.065335
v 0.049961 0.189206 -0.083691
v 0.043783 0.135857 -0.048546
v 0.035680 0.100164 -0.007392
v 0.011707 0.099954 0.022151
v 0.058799 0.138137 -0.039994
v 0.074233 0.194165 -0.076392
v 0.080589 0.184829 -0.016695
v 0.057968 0.133360 -0.008752
v 0.030286 0.091560 0.020071
v 0.025852 0.384959 0.155419
v 0.060904 0.352596 0.135343
v 0.085482 0.385719 0.123949
v 0.062786 0.418303 0.141246
v 0.113893 0.517501 0.127574
v 0.079454 0.550371 0.149751
v 0.037260 0.516953 0.161759
v 0.073539 0.484205 0.146857
v 0.133147 0.394940 0.074376
v 0.138425 0.355788 0.047474
v 0.150030 0.392919 0.019851
v 0.146755 0.428135 0.050721
v 0.164356 0.517627 0.019800
v 0.163640 0.553933 0.048298
v 0.149186 0.517227 0.079898
v 0.153318 0.492913 0.051341
v 0.142026 0.390996 -0.038732
v 0.126311 0.360519 -0.069013
v 0.121180 0.393724 -0.101384
v 0.140188 0.423609 -0.062984
v 0.134633 0.519067 -0.100135
v 0.157198 0.549761 -0.069471
v 0.163326 0.517900 -0.035893
v 0.148781 0.486559 -0.064310
v 0.088030 0.398058 -0.140676
v 0.050937 0.359513 -0.144245
v 0.032165 0.388882 -0.151298
v 0.063721 0.423180 -0.149216
v 0.032741 0.521648 -0.162931
v 0.069755 0.550614 -0.155120
v 0.095325 0.519616 -0.139616
v 0.067079 0.486630 -0.150624
v 0.071693 0.264237 0.108741
v 0.054165 0.287524 0.125436
v 0.026684 0.262374 0.139593
v 0.042334 0.231185 0.124088
v 0.117716 0.270134 0.027794
v 0.125655 0.300002 0.051851
v 0.110748 0.266466 0.072171
v 0.108048 0.237217 0.043926
v 0.096588 0.271913 -0.092829
v 0.111365 0.299109 -0.065520
v 0.110333 0.269647 -0.023748
v 0.093147 0.238625 -0.053888
v 0.024070 0.274202 -0.112594
v 0.044919 0.299109 -0.128332
v 0.067073 0.273466 -0.125874
v 0.043307 0.248986 -0.108999
v 0.078737 0.153415 0.032239
v 0.093681 0.178198 0.048921
v 0.084335 0.149311 0.065214
v 0.069307 0.125455 0.048946
v 0.061995 0.146504 0.099455
v 0.038192 0.172455 0.121184
v 0.021594 0.145127 0.130958
v 0.037305 0.112432 0.113294
v 0.023003 0.076237 0.106794
v 0.018973 0.167019 -0.046186
v 0.032379 0.191916 -0.072671
v 0.050402 0.164011 -0.067768
v 0.027860 0.142012 -0.035622
v 0.024831 0.098806 0.000487
v 0.065322 0.162412 -0.054023
v 0.073665 0.183047 -0.046251
v 0.065984 0.151664 -0.008936
v 0.058171 0.136726 -0.028687
v 0.023305 0.076266 0.046630
v 0.031047 0.092415 0.010099
v 0.030683 0.327299 0.148539
v 0.079460 0.320419 0.117446
v 0.114263 0.353501 0.097220
v 0.122231 0.426796 0.100419
v 0.101009 0.451376 0.125327
v 0.033653 0.459065 0.157824
v 0.130841 0.484293 0.107176
v 0.138352 0.550324 0.107302
v 0.117247 0.583424 0.129221
v 0.039202 0.583045 0.163725
v 0.125371 0.322520 0.071105
v 0.136171 0.325254 0.021587
v 0.143189 0.357800 -0.007139
v 0.156544 0.421502 -0.002432
v 0.157271 0.461037 0.024396
v 0.139338 0.459877 0.081652
v 0.163700 0.485615 -0.005587
v 0.171098 0.549926 -0.010121
v 0.171365 0.582300 0.016673
v 0.158591 0.582642 0.072478
v 0.129010 0.327653 -0.032263
v 0.107997 0.331615 -0.108340
v 0.099079 0.363351 -0.132371
v 0.113755 0.426060 -0.122884
v 0.131048 0.456460 -0.098563
v 0.155650 0.454169 -0.032478
v 0.117898 0.488441 -0.121321
v 0.120952 0.550801 -0.124980
v 0.144957 0.581451 -0.102905
v 0.169531 0.581630 -0.041405
v 0.071777 0.331660 -0.139609
v 0.022271 0.333229 -0.137819
v 0.027215 0.460748 -0.159033
v 0.087747 0.456378 -0.142441
v 0.034614 0.582380 -0.169165
v 0.100163 0.582168 -0.145843
v 0.095035 0.233400 0.085571
v 0.102233 0.297027 0.095819
v 0.018676 0.199527 0.138779
v 0.069841 0.201696 0.100928
v 0.104981 0.240509 -0.002264
v 0.128769 0.302563 0.002657
v 0.099292 0.204367 0.064048
v 0.098981 0.208487 0.021598
v 0.079978 0.244851 -0.110903
v 0.087328 0.302936 -0.128777
v 0.089275 0.213371 -0.027594
v 0.083577 0.220715 -0.079624
v 0.063900 0.218371 -0.104545
v 0.020822 0.217194 -0.082150
v 0.061481 0.130269 0.010086
v 0.086759 0.181925 0.006345
v 0.081095 0.174173 0.087446
v 0.071049 0.115001 0.080093
v 0.061600 0.101036 0.064423
v 0.051427 0.104367 0.033585
v 0.049358 0.087150 0.081127
v 0.035523 0.090206 0.042997
v 0.017082 0.086760 0.124410
v 0.046608 0.091301 0.097636
v 0.061035 0.189316 -0.087182
v 0.054006 0.135833 -0.051422
v 0.035975 0.122327 -0.032970
v 0.012501 0.123541 -0.009824
v 0.048150 0.109702 0.007575
v 0.050715 0.116626 -0.027849
v 0.011970 0.442421 0.161338
v 0.011295 0.409513 0.159936
v 0.041711 0.401604 0.149936
v 0.048472 0.434542 0.149990
v 0.010862 0.376563 0.159121
v 0.017512 0.343560 0.155565
v 0.045489 0.339945 0.142638
v 0.040430 0.376915 0.149005
v 0.073230 0.369206 0.129897
v 0.070398 0.336425 0.126755
v 0.101716 0.336996 0.105943
v 0.098574 0.377624 0.114083
v 0.081588 0.434886 0.133766
v 0.072443 0.401998 0.133903
v 0.108571 0.410340 0.110686
v 0.109276 0.443120 0.117297
v 0.115737 0.467831 0.118241
v 0.122581 0.500915 0.118804
v 0.094968 0.500894 0.138262
v 0.088917 0.467825 0.136335
v 0.129101 0.533959 0.116070
v 0.133716 0.566854 0.113918
v 0.099680 0.566964 0.140229
v 0.098066 0.533978 0.139224
v 0.058168 0.533674 0.157003
v 0.059503 0.566723 0.158049
v 0.018916 0.566429 0.166741
v 0.018383 0.533384 0.165671
v 0.052405 0.467494 0.152881
v 0.055886 0.500555 0.155611
v 0.017664 0.500273 0.164399
v 0.016886 0.471317 0.162627
v 0.129800 0.443262 0.094762
v 0.127953 0.410771 0.087712
v 0.140451 0.407573 0.061156
v 0.142131 0.443866 0.068057
v 0.120609 0.378039 0.092852
v 0.121326 0.337844 0.084414
v 0.132426 0.339148 0.059831
v 0.134564 0.379001 0.067485
v 0.143677 0.380143 0.040834
v 0.138396 0.340483 0.034414
v 0.140700 0.341430 0.007684
v 0.148651 0.381087 0.013191
v 0.151161 0.436509 0.039926
v 0.149128 0.404525 0.033586
v 0.153697 0.405313 0.005284
v 0.157939 0.437209 0.011230
v 0.160885 0.469348 0.009511
v 0.164341 0.501606 0.007061
v 0.158500 0.501239 0.035713
v 0.154102 0.468818 0.038401
v 0.168716 0.533864 0.004663
v 0.171697 0.566108 0.002870
v 0.168413 0.566117 0.032315
v 0.164215 0.533683 0.033381
v 0.156288 0.533573 0.064454
v 0.161581 0.566194 0.060359
v 0.151363 0.566479 0.087493
v 0.145432 0.533718 0.093932
v 0.146709 0.476429 0.067115
v 0.151562 0.504990 0.065540
v 0.141430 0.500787 0.094314
v 0.136025 0.471975 0.094837
v 0.157267 0.437866 -0.017329
v 0.149918 0.406283 -0.023612
v 0.139950 0.407497 -0.054938
v 0.148530 0.438791 -0.047199
v 0.146853 0.382039 -0.015445
v 0.136296 0.342673 -0.021264
v 0.129905 0.351877 -0.050921
v 0.135665 0.379562 -0.051086
v 0.124006 0.377108 -0.086120
v 0.117964 0.345762 -0.087406
v 0.104563 0.347559 -0.122479
v 0.110135 0.378743 -0.120641
v 0.135577 0.440150 -0.083204
v 0.130032 0.408731 -0.084097
v 0.119094 0.409983 -0.111172
v 0.123988 0.441309 -0.109572
v 0.122350 0.472694 -0.115546
v 0.124913 0.503848 -0.112724
v 0.141634 0.502883 -0.084480
v 0.139161 0.471449 -0.083400
v 0.126841 0.535062 -0.114750
v 0.133165 0.566095 -0.114870
v 0.151946 0.565639 -0.086644
v 0.145300 0.534333 -0.086995
v 0.160936 0.533857 -0.052290
v 0.164733 0.565554 -0.055461
v 0.171113 0.565854 -0.025278
v 0.168365 0.533840 -0.022808
v 0.152730 0.470376 -0.048140
v 0.156572 0.502113 -0.049727
v 0.164417 0.501812 -0.020487
v 0.160898 0.469778 -0.018653
v 0.105574 0.441654 -0.132132
v 0.101460 0.410373 -0.133529
v 0.076417 0.408762 -0.145121
v 0.079610 0.440185 -0.145297
v 0.091159 0.378782 -0.138615
v 0.085990 0.347676 -0.138728
v 0.062080 0.345580 -0.141848
v 0.066121 0.376681 -0.145317
v 0.038428 0.373689 -0.147796
v 0.036000 0.342389 -0.140527
v 0.009839 0.347792 -0.143612
v 0.017392 0.375919 -0.150654
v 0.049981 0.441824 -0.153518
v 0.048260 0.413938 -0.151842
v 0.018120 0.403912 -0.155582
v 0.019027 0.444297 -0.159377
v 0.011694 0.476595 -0.162258
v 0.012000 0.505048 -0.164749
v 0.048240 0.501800 -0.157199
v 0.047283 0.469615 -0.155449
v 0.016503 0.533667 -0.167322
v 0.021329 0.566282 -0.170029
v 0.055085 0.566381 -0.162181
v 0.053430 0.534241 -0.158757
v 0.082976 0.535057 -0.147522
v 0.085387 0.566601 -0.150917
v 0.111358 0.566514 -0.136288
v 0.108329 0.535407 -0.132967
v 0.074128 0.471187 -0.147868
v 0.081774 0.503302 -0.145581
v 0.107196 0.504125 -0.131220
v 0.101390 0.472685 -0.135366
v 0.083220 0.217242 0.093532
v 0.082302 0.248652 0.099274
v 0.056333 0.247679 0.116001
v 0.058565 0.208721 0.109634
v 0.087510 0.280668 0.102359
v 0.098296 0.308827 0.102131
v 0.067654 0.312059 0.122882
v 0.063536 0.279889 0.117289
v 0.040119 0.278940 0.133299
v 0.043059 0.311298 0.138603
v 0.016483 0.310647 0.151963
v 0.015378 0.278165 0.147766
v 0.029937 0.215023 0.132116
v 0.031640 0.246552 0.134067
v 0.008701 0.245874 0.146795
v 0.008270 0.214349 0.144741
v 0.101967 0.224167 0.009963
v 0.112182 0.255019 0.015909
v 0.112423 0.253491 0.038827
v 0.103920 0.222652 0.032747
v 0.123583 0.286445 0.015863
v 0.133105 0.313974 0.008811
v 0.131713 0.312934 0.034316
v 0.122500 0.285107 0.039676
v 0.118654 0.283294 0.062285
v 0.127263 0.311406 0.058371
v 0.117418 0.309868 0.081671
v 0.108367 0.281629 0.084066
v 0.104011 0.220558 0.054168
v 0.110280 0.251465 0.060575
v 0.101659 0.249653 0.081587
v 0.098527 0.218490 0.074957
v 0.082172 0.229622 -0.096582
v 0.088860 0.258593 -0.104548
v 0.095042 0.255985 -0.077728
v 0.087050 0.226040 -0.068115
v 0.092221 0.288006 -0.116858
v 0.098468 0.317342 -0.121265
v 0.111119 0.315291 -0.085988
v 0.103303 0.285536 -0.082254
v 0.112843 0.290339 -0.046134
v 0.122301 0.320809 -0.049144
v 0.128706 0.315374 -0.019380
v 0.120870 0.287839 -0.010189
v 0.092248 0.229579 -0.040574
v 0.103067 0.259529 -0.039051
v 0.109123 0.256700 -0.008996
v 0.097090 0.226454 -0.014778
v 0.011685 0.229357 -0.086680
v 0.012603 0.258054 -0.102510
v 0.033644 0.257832 -0.108017
v 0.031695 0.232799 -0.095416
v 0.013768 0.287428 -0.117975
v 0.009055 0.316853 -0.131834
v 0.034609 0.312175 -0.130746
v 0.035984 0.283299 -0.119864
v 0.048983 0.287166 -0.125604
v 0.057416 0.315352 -0.135625
v 0.080251 0.317505 -0.135871
v 0.074719 0.288233 -0.129853
v 0.050967 0.229350 -0.105327
v 0.054566 0.257884 -0.117796
v 0.074591 0.259503 -0.120574
v 0.073208 0.230600 -0.108134
v 0.055129 0.112042 0.024381
v 0.067425 0.138453 0.017852
v 0.074214 0.139080 0.042690
v 0.058137 0.109425 0.042588
v 0.080118 0.162906 0.017372
v 0.093036 0.195051 0.010792
v 0.096278 0.193469 0.032869
v 0.087086 0.165922 0.039803
v 0.089331 0.163440 0.059508
v 0.097606 0.191237 0.053612
v 0.093121 0.189010 0.073700
v 0.083890 0.157899 0.078639
v 0.066447 0.112010 0.059141
v 0.078814 0.136448 0.061644
v 0.077536 0.134267 0.079654
v 0.066246 0.103668 0.080025
v 0.033207 0.076876 0.073007
v 0.054023 0.093071 0.066212
v 0.031298 0.082338 0.052854
v 0.042810 0.095223 0.041030
v 0.060520 0.102583 0.091472
v 0.064588 0.133146 0.095728
v 0.047129 0.132464 0.108654
v 0.044339 0.101399 0.105423
v 0.069296 0.160228 0.095578
v 0.078871 0.187718 0.092081
v 0.050458 0.186637 0.113003
v 0.050388 0.159555 0.109687
v 0.032081 0.158852 0.124599
v 0.028567 0.185640 0.130576
v 0.007940 0.184989 0.142881
v 0.012558 0.158196 0.138428
v 0.027247 0.100125 0.119659
v 0.029380 0.125008 0.121641
v 0.011492 0.124367 0.134144
v 0.010748 0.099363 0.131260
v 0.009693 0.086530 0.129598
v 0.017990 0.075982 0.114820
v 0.025416 0.087255 0.116599
v 0.031263 0.081827 0.103764
v 0.029980 0.075037 0.084900
v 0.012893 0.132616 -0.019644
v 0.009997 0.154329 -0.034332
v 0.029374 0.153845 -0.043812
v 0.026313 0.131300 -0.027764
v 0.010558 0.178288 -0.052609
v 0.010975 0.202746 -0.070675
v 0.029783 0.205784 -0.079964
v 0.031586 0.179141 -0.062880
v 0.039790 0.183291 -0.072221
v 0.040192 0.205945 -0.087109
v 0.063815 0.202943 -0.095845
v 0.058235 0.175642 -0.077757
v 0.031746 0.133730 -0.034985
v 0.036892 0.157263 -0.052625
v 0.055334 0.148400 -0.058930
v 0.043592 0.126898 -0.042935
v 0.043629 0.109076 -0.023618
v 0.028698 0.090754 0.001121
v 0.035335 0.106305 -0.017111
v 0.007359 0.076237 0.044341
v 0.022858 0.109362 -0.001519
v 0.015831 0.090747 0.023867
v 0.009875 0.110316 0.012023
v 0.061618 0.148947 -0.047178
v 0.054335 0.124917 -0.035707
v 0.068402 0.179309 -0.072169
v 0.073051 0.202210 -0.089665
v 0.077686 0.199399 -0.068795
v 0.070888 0.178669 -0.057746
v 0.068853 0.167950 -0.031462
v 0.081675 0.199677 -0.039592
v 0.087474 0.197491 -0.012546
v 0.072503 0.164438 -0.009434
v 0.053725 0.122895 -0.011790
v 0.061784 0.147274 -0.020304
v 0.063147 0.141096 -0.001547
v 0.055253 0.119800 0.006664
v 0.038113 0.098477 0.021774
v 0.027763 0.085013 0.039820
v 0.026504 0.085616 0.030301
v 0.036289 0.098891 0.003239
v 0.011607 0.425964 0.160476
v 0.026363 0.401421 0.155872
v 0.042830 0.418047 0.150608
v 0.028313 0.442548 0.157737
v 0.017903 0.360107 0.156694
v 0.031595 0.343785 0.150282
v 0.046356 0.352307 0.143786
v 0.025498 0.372590 0.154976
v 0.071906 0.352798 0.128602
v 0.081271 0.336645 0.119844
v 0.103120 0.353232 0.107547
v 0.084096 0.369335 0.122979
v 0.078508 0.418456 0.132610
v 0.087250 0.402110 0.124787
v 0.111605 0.426705 0.111395
v 0.096887 0.434933 0.124330
v 0.119607 0.484365 0.118628
v 0.111959 0.500952 0.127318
v 0.092281 0.484351 0.137451
v 0.105236 0.467868 0.126201
v 0.130054 0.550444 0.116437
v 0.116741 0.566985 0.128776
v 0.098969 0.550487 0.139708
v 0.115126 0.534029 0.127847
v 0.058927 0.550215 0.157531
v 0.038937 0.566566 0.163387
v 0.018683 0.549920 0.166238
v 0.037956 0.533514 0.162341
v 0.054262 0.484014 0.154397
v 0.036406 0.500394 0.160960
v 0.017239 0.483723 0.163456
v 0.034545 0.471449 0.158836
v 0.130374 0.427074 0.088086
v 0.134128 0.411125 0.076320
v 0.142831 0.427824 0.061190
v 0.136475 0.443549 0.081732
v 0.122812 0.353960 0.085565
v 0.127670 0.338473 0.072250
v 0.134530 0.355143 0.060397
v 0.128306 0.378484 0.080434
v 0.141350 0.356394 0.034318
v 0.140050 0.341011 0.021240
v 0.144218 0.357309 0.007041
v 0.146712 0.380665 0.027141
v 0.149326 0.420393 0.040293
v 0.152123 0.404956 0.019495
v 0.155766 0.421175 0.011844
v 0.155928 0.444929 0.025262
v 0.162397 0.485472 0.008348
v 0.162400 0.505494 0.020795
v 0.155970 0.485023 0.037155
v 0.158685 0.477189 0.023250
v 0.170472 0.549986 0.003706
v 0.170437 0.566133 0.017257
v 0.166601 0.549901 0.032740
v 0.166849 0.533800 0.018708
v 0.158506 0.549905 0.064313
v 0.157494 0.566303 0.072319
v 0.146801 0.550157 0.094189
v 0.151354 0.533625 0.079664
v 0.149405 0.492747 0.066240
v 0.146631 0.500829 0.080423
v 0.138531 0.484320 0.094657
v 0.142296 0.476245 0.081290
v 0.154709 0.421936 -0.016770
v 0.145278 0.406885 -0.038884
v 0.145750 0.423009 -0.046916
v 0.153465 0.438315 -0.031955
v 0.139924 0.358489 -0.022075
v 0.133018 0.343265 -0.033295
v 0.133224 0.367667 -0.051126
v 0.138708 0.375091 -0.038551
v 0.121028 0.361359 -0.087009
v 0.111073 0.346896 -0.108459
v 0.107403 0.363068 -0.121837
v 0.116798 0.378128 -0.106583
v 0.132941 0.424475 -0.083456
v 0.124031 0.409499 -0.100140
v 0.121693 0.425681 -0.110165
v 0.129222 0.440859 -0.098761
v 0.124711 0.488221 -0.112410
v 0.133524 0.503397 -0.099211
v 0.140358 0.487152 -0.083788
v 0.132154 0.472073 -0.098531
v 0.128657 0.550622 -0.116358
v 0.142990 0.565858 -0.101322
v 0.149685 0.549955 -0.084901
v 0.136310 0.534714 -0.101487
v 0.162974 0.549708 -0.053853
v 0.168535 0.565693 -0.040025
v 0.169958 0.549846 -0.024047
v 0.165363 0.533836 -0.037188
v 0.154564 0.486233 -0.048821
v 0.161213 0.501952 -0.034768
v 0.162541 0.485790 -0.019496
v 0.157454 0.470064 -0.033088
v 0.103660 0.426037 -0.132703
v 0.089586 0.409826 -0.140335
v 0.078100 0.424473 -0.145230
v 0.093274 0.441142 -0.139576
v 0.088666 0.363155 -0.138951
v 0.074404 0.346891 -0.141394
v 0.064206 0.361061 -0.143870
v 0.079102 0.377972 -0.142917
v 0.037295 0.357967 -0.144515
v 0.023157 0.348775 -0.142897
v 0.010172 0.363612 -0.148282
v 0.028004 0.376673 -0.149557
v 0.049270 0.429855 -0.152905
v 0.032898 0.404804 -0.153504
v 0.018493 0.420016 -0.157443
v 0.034584 0.444928 -0.156807
v 0.011865 0.492845 -0.163569
v 0.028318 0.509369 -0.162574
v 0.047768 0.485685 -0.156190
v 0.027588 0.476934 -0.159931
v 0.021007 0.550034 -0.168357
v 0.038425 0.566319 -0.166607
v 0.054254 0.550355 -0.160425
v 0.033129 0.533862 -0.164180
v 0.084122 0.550874 -0.149116
v 0.098846 0.566630 -0.144117
v 0.109740 0.550987 -0.134538
v 0.096136 0.535349 -0.140758
v 0.081606 0.487451 -0.145248
v 0.095044 0.503862 -0.138994
v 0.107323 0.488471 -0.131096
v 0.088328 0.472075 -0.142243
v 0.085588 0.232922 0.094316
v 0.069500 0.248220 0.107385
v 0.060192 0.224167 0.110318
v 0.071745 0.216853 0.101646
v 0.090070 0.296665 0.104680
v 0.077383 0.304316 0.114686
v 0.065618 0.295951 0.119970
v 0.073405 0.276255 0.110152
v 0.041572 0.295085 0.135874
v 0.029665 0.310927 0.146308
v 0.015922 0.294365 0.149810
v 0.027613 0.278489 0.141537
v 0.030737 0.230651 0.132973
v 0.020138 0.246136 0.141685
v 0.008470 0.229971 0.145701
v 0.019102 0.214614 0.139631
v 0.106661 0.239645 0.009914
v 0.112437 0.254344 0.027571
v 0.107930 0.238181 0.032965
v 0.103074 0.223467 0.021535
v 0.129204 0.302060 0.015630
v 0.132803 0.313518 0.021791
v 0.127500 0.300824 0.040128
v 0.123257 0.285865 0.027981
v 0.122715 0.299143 0.063395
v 0.123218 0.310616 0.070125
v 0.111560 0.297579 0.085811
v 0.114559 0.282414 0.073359
v 0.107399 0.236148 0.054647
v 0.107038 0.250494 0.071248
v 0.101429 0.234148 0.075695
v 0.102213 0.219470 0.064618
v 0.085577 0.244076 -0.100901
v 0.092869 0.257276 -0.090134
v 0.091340 0.240714 -0.070951
v 0.084989 0.228341 -0.085273
v 0.095332 0.302597 -0.119399
v 0.104756 0.316612 -0.107366
v 0.107312 0.300361 -0.084302
v 0.097970 0.287158 -0.103325
v 0.117793 0.305539 -0.047704
v 0.124435 0.312217 -0.030996
v 0.126538 0.303323 -0.011118
v 0.114644 0.281216 -0.024496
v 0.097201 0.244689 -0.041974
v 0.106076 0.258036 -0.023146
v 0.102168 0.241806 -0.015359
v 0.094101 0.228154 -0.028969
v 0.012122 0.243571 -0.094588
v 0.023123 0.259609 -0.105148
v 0.032783 0.247032 -0.102687
v 0.021523 0.230935 -0.089897
v 0.014442 0.302291 -0.125168
v 0.021314 0.317959 -0.132020
v 0.036057 0.297761 -0.125646
v 0.025143 0.288888 -0.119733
v 0.055120 0.300599 -0.131411
v 0.069094 0.316713 -0.137020
v 0.077412 0.302788 -0.133223
v 0.064038 0.287424 -0.129613
v 0.052763 0.243542 -0.111829
v 0.064857 0.259065 -0.121060
v 0.072065 0.245092 -0.115806
v 0.060482 0.230430 -0.109702
v 0.063087 0.129029 0.019577
v 0.071649 0.140289 0.031984
v 0.063718 0.120624 0.040225
v 0.059440 0.117706 0.029672
v 0.088876 0.181107 0.017321
v 0.094746 0.194315 0.021965
v 0.092528 0.179361 0.038746
v 0.084972 0.166927 0.029397
v 0.093630 0.176945 0.058822
v 0.096315 0.190058 0.063679
v 0.086320 0.168038 0.078390
v 0.088130 0.162248 0.069078
v 0.072105 0.124070 0.058135
v 0.079311 0.135237 0.070717
v 0.068835 0.110674 0.067603
v 0.064388 0.113976 0.091956
v 0.054812 0.132748 0.103061
v 0.046729 0.112985 0.106035
v 0.052953 0.102016 0.098429
v 0.071531 0.173772 0.095730
v 0.061335 0.180204 0.104113
v 0.049112 0.172930 0.112376
v 0.058171 0.156479 0.103467
v 0.027903 0.172013 0.129708
v 0.018290 0.185253 0.137912
v 0.007779 0.171390 0.141792
v 0.022301 0.158495 0.132388
v 0.028346 0.111898 0.120606
v 0.020412 0.124639 0.128653
v 0.011117 0.111184 0.132566
v 0.019049 0.099656 0.126143
v 0.026030 0.074236 0.094797
v 0.018305 0.154840 -0.037175
v 0.010743 0.190397 -0.061965
v 0.020238 0.204161 -0.074103
v 0.019425 0.179293 -0.055834
v 0.039325 0.196134 -0.080501
v 0.051826 0.202615 -0.092882
v 0.048060 0.175763 -0.073750
v 0.033685 0.144932 -0.042787
v 0.045046 0.148635 -0.055765
v 0.035139 0.113130 -0.024504
v 0.018839 0.099281 0.011952
v 0.017425 0.109801 0.005559
v 0.069444 0.188504 -0.081846
v 0.078259 0.207863 -0.082838
v 0.075634 0.192054 -0.062564
v 0.078051 0.186764 -0.029674
v 0.084441 0.199308 -0.025661
v 0.083824 0.183165 -0.004808
v 0.074118 0.171949 -0.016752
v 0.055159 0.127049 -0.020680
v 0.061261 0.142730 -0.011513
v 0.059459 0.131763 0.000800
v 0.054003 0.121350 -0.002404
v 0.038866 0.096417 0.030508
v 0.037364 0.099602 0.012686
v 0.041036 0.389268 0.149502
v 0.011051 0.393054 0.159588
v 0.062150 0.369040 0.136574
v 0.059478 0.336177 0.133555
v 0.074581 0.385621 0.130848
v 0.106445 0.393998 0.109997
v 0.060980 0.401867 0.140388
v 0.065200 0.434744 0.142412
v 0.096834 0.517443 0.138793
v 0.124547 0.517461 0.118867
v 0.078582 0.533844 0.149231
v 0.080127 0.566867 0.150284
v 0.057184 0.517112 0.156433
v 0.018042 0.516829 0.165095
v 0.075756 0.500744 0.147966
v 0.070896 0.467687 0.145400
v 0.139056 0.395437 0.061083
v 0.126107 0.394495 0.087289
v 0.139626 0.379568 0.054269
v 0.135889 0.339842 0.047239
v 0.147269 0.392464 0.033820
v 0.151431 0.393294 0.005711
v 0.145018 0.404033 0.047469
v 0.147249 0.444209 0.053974
v 0.161409 0.517461 0.034373
v 0.166569 0.517737 0.005791
v 0.161913 0.541729 0.048535
v 0.165007 0.566135 0.048180
v 0.153688 0.517238 0.064947
v 0.143695 0.517258 0.093998
v 0.156250 0.509180 0.050100
v 0.150855 0.476654 0.052525
v 0.138114 0.391476 -0.050965
v 0.147499 0.394332 -0.023288
v 0.129439 0.376312 -0.068562
v 0.123068 0.344858 -0.069013
v 0.127017 0.392925 -0.085055
v 0.117216 0.394156 -0.110748
v 0.135732 0.407995 -0.067375
v 0.142962 0.439335 -0.063047
v 0.143260 0.518618 -0.085552
v 0.125552 0.519468 -0.113498
v 0.154932 0.533984 -0.067802
v 0.159288 0.565526 -0.071185
v 0.158748 0.517992 -0.050890
v 0.166442 0.517830 -0.021605
v 0.150612 0.502370 -0.065163
v 0.147090 0.470776 -0.063721
v 0.075089 0.396981 -0.144954
v 0.099722 0.398599 -0.134262
v 0.052469 0.375169 -0.146671
v 0.049208 0.343996 -0.141189
v 0.047211 0.398084 -0.150402
v 0.017722 0.387891 -0.153048
v 0.062358 0.407397 -0.148513
v 0.064982 0.438996 -0.149730
v 0.048794 0.517965 -0.158473
v 0.016229 0.517321 -0.165579
v 0.068750 0.534645 -0.153493
v 0.070819 0.566490 -0.156910
v 0.082175 0.519185 -0.146320
v 0.107450 0.519780 -0.131826
v 0.067443 0.502605 -0.151229
v 0.059202 0.476238 -0.152651
v 0.061505 0.263846 0.115195
v 0.084872 0.264662 0.100542
v 0.052797 0.275459 0.123521
v 0.056016 0.303646 0.128288
v 0.038764 0.262848 0.131203
v 0.014876 0.262037 0.146027
v 0.043609 0.247092 0.125113
v 0.041188 0.215543 0.123318
v 0.117331 0.269325 0.039228
v 0.117770 0.270765 0.015945
v 0.121109 0.284222 0.051067
v 0.129939 0.312209 0.046462
v 0.114387 0.267396 0.061334
v 0.104981 0.265649 0.082651
v 0.111868 0.252501 0.049783
v 0.104374 0.221662 0.043588
v 0.099190 0.270759 -0.080046
v 0.092086 0.273109 -0.107735
v 0.106794 0.284104 -0.063695
v 0.115637 0.314186 -0.067156
v 0.107625 0.275147 -0.044615
v 0.114951 0.272307 -0.009473
v 0.097342 0.254115 -0.060053
v 0.088484 0.223789 -0.051805
v 0.034586 0.268717 -0.113209
v 0.013150 0.272690 -0.110364
v 0.045362 0.313684 -0.132980
v 0.056462 0.272294 -0.123307
v 0.077119 0.273922 -0.124779
v 0.044805 0.263381 -0.115424
v 0.041183 0.227711 -0.098692
v 0.073053 0.147805 0.021436
v 0.088759 0.164724 0.049815
v 0.097393 0.192425 0.043400
v 0.083790 0.150584 0.055839
v 0.082912 0.148209 0.074495
v 0.076803 0.137785 0.052365
v 0.063506 0.113432 0.050407
v 0.051480 0.146132 0.107216
v 0.071601 0.146885 0.091757
v 0.042319 0.159249 0.116058
v 0.039177 0.186119 0.121927
v 0.031062 0.145443 0.123451
v 0.012170 0.144848 0.136804
v 0.038796 0.125435 0.114022
v 0.035637 0.100734 0.112559
v 0.010333 0.166268 -0.043166
v 0.038493 0.170206 -0.062135
v 0.018786 0.081202 0.027031
v 0.024850 0.114659 -0.009784
v 0.069767 0.173173 -0.043777
v 0.080409 0.201986 -0.054509
v 0.065867 0.159098 -0.025545
v 0.068620 0.150068 0.001268
v 0.062234 0.150525 -0.030367
v 0.044497 0.327623 0.141098
v 0.017029 0.327046 0.153965
v 0.069096 0.324199 0.124971
v 0.099917 0.320857 0.103883
v 0.110800 0.377747 0.104108
v 0.112881 0.337320 0.095829
v 0.119448 0.410461 0.099893
v 0.120991 0.443107 0.106644
v 0.085214 0.451336 0.135052
v 0.112514 0.455456 0.117827
v 0.050419 0.451002 0.151339
v 0.012339 0.458906 0.162374
v 0.133792 0.500821 0.107070
v 0.127114 0.467781 0.107116
v 0.137279 0.533850 0.106970
v 0.143848 0.566669 0.101373
v 0.100190 0.583417 0.140654
v 0.134247 0.583279 0.114345
v 0.059895 0.583198 0.158419
v 0.019068 0.582913 0.167051
v 0.129735 0.323260 0.059056
v 0.119315 0.321822 0.082930
v 0.134844 0.324699 0.034403
v 0.136614 0.325691 0.008342
v 0.148960 0.381485 -0.000958
v 0.139561 0.341942 -0.006344
v 0.153056 0.405724 -0.009005
v 0.158922 0.437495 -0.003054
v 0.152662 0.452644 0.039326
v 0.159557 0.453258 0.010473
v 0.144321 0.460131 0.067748
v 0.133354 0.459650 0.094894
v 0.165536 0.501698 -0.006704
v 0.162174 0.469541 -0.004594
v 0.169519 0.533854 -0.009028
v 0.172189 0.566000 -0.011153
v 0.169580 0.582330 0.031970
v 0.172401 0.582232 0.002072
v 0.162831 0.582498 0.060394
v 0.152202 0.582860 0.087782
v 0.126320 0.336239 -0.050264
v 0.132180 0.327012 -0.020240
v 0.114674 0.330400 -0.087073
v 0.101569 0.332307 -0.122311
v 0.101723 0.379005 -0.131459
v 0.096287 0.347855 -0.132718
v 0.111350 0.410384 -0.123897
v 0.115853 0.441676 -0.122231
v 0.137663 0.455788 -0.083217
v 0.121654 0.457110 -0.115810
v 0.150828 0.454565 -0.047615
v 0.159270 0.453802 -0.017944
v 0.117872 0.504061 -0.121524
v 0.112926 0.476784 -0.126632
v 0.119336 0.535255 -0.123396
v 0.122770 0.566310 -0.126704
v 0.153893 0.581316 -0.088249
v 0.135018 0.581622 -0.116448
v 0.166124 0.581406 -0.056993
v 0.171821 0.581869 -0.026465
v 0.059777 0.330327 -0.139114
v 0.083149 0.332446 -0.137721
v 0.034570 0.327040 -0.135824
v 0.009462 0.332179 -0.138097
v 0.046675 0.453576 -0.154853
v 0.011523 0.460344 -0.161257
v 0.073473 0.455378 -0.147794
v 0.100878 0.457065 -0.135721
v 0.055810 0.582295 -0.163875
v 0.021598 0.582420 -0.171538
v 0.086528 0.582237 -0.152688
v 0.112851 0.582001 -0.137949
v 0.093440 0.249052 0.090976
v 0.092386 0.217725 0.084779
v 0.099382 0.281052 0.093776
v 0.109311 0.309238 0.092530
v 0.029222 0.199926 0.131351
v 0.008096 0.199262 0.143828
v 0.051438 0.197278 0.113494
v 0.081019 0.202082 0.092762
v 0.111313 0.255689 0.003808
v 0.100038 0.225078 -0.001996
v 0.123044 0.287001 0.003240
v 0.131852 0.314541 -0.004755
v 0.100856 0.205497 0.053774
v 0.095831 0.203353 0.074247
v 0.100171 0.207654 0.032668
v 0.097558 0.209209 0.010209
v 0.082863 0.259308 -0.115117
v 0.084433 0.288371 -0.125903
v 0.090322 0.317662 -0.130928
v 0.087480 0.214871 -0.038750
v 0.092296 0.211590 -0.013893
v 0.082307 0.212627 -0.070199
v 0.077607 0.215731 -0.093804
v 0.051443 0.215815 -0.099545
v 0.030672 0.218977 -0.087912
v 0.011293 0.215669 -0.078778
v 0.065530 0.139619 0.008081
v 0.056834 0.118321 0.015592
v 0.075525 0.162893 0.001279
v 0.090669 0.196023 -0.000585
v 0.078434 0.160630 0.087449
v 0.087490 0.188211 0.083344
v 0.072627 0.133601 0.088087
v 0.050552 0.099938 0.043437
v 0.040774 0.091988 0.104473
v 0.054776 0.093403 0.090549
v 0.043078 0.116288 -0.034640
v 0.047692 0.111128 -0.001491
v -0.056041 0.434591 0.146428
v -0.058207 0.451054 0.147685
v -0.067371 0.385536 0.134214
v -0.095365 0.381696 0.114432
v -0.104704 0.381764 0.107188
v -0.074613 0.451233 0.138940
v -0.071926 0.434780 0.137670
v -0.069958 0.418361 0.136496
v -0.068549 0.401953 0.135471
v -0.097866 0.410324 0.116655
v -0.096366 0.393964 0.115494
v -0.101615 0.500885 0.131250
v -0.105053 0.517419 0.131653
v -0.088564 0.517385 0.141451
v -0.085410 0.500840 0.141127
v -0.093598 0.467809 0.130266
v -0.097631 0.484341 0.130864
v -0.081716 0.484285 0.140713
v -0.077965 0.467739 0.140006
v -0.110566 0.566830 0.133952
v -0.111127 0.583247 0.134584
v -0.093931 0.583270 0.143909
v -0.093446 0.566841 0.143323
v -0.107666 0.533924 0.132269
v -0.109459 0.550393 0.133100
v -0.092492 0.550388 0.142576
v -0.090918 0.533904 0.141905
v -0.071537 0.533770 0.150525
v -0.072805 0.550274 0.151050
v -0.051693 0.550108 0.158147
v -0.050791 0.533587 0.157668
v -0.073562 0.566749 0.151698
v -0.073942 0.583200 0.152221
v -0.052463 0.583067 0.159180
v -0.052220 0.566599 0.158741
v -0.030880 0.566453 0.164073
v -0.030986 0.582931 0.164434
v -0.010477 0.582852 0.167561
v -0.010481 0.566368 0.167242
v -0.030076 0.533425 0.162987
v -0.030594 0.549953 0.163504
v -0.010419 0.549861 0.166704
v -0.010260 0.533331 0.166143
v -0.060941 0.467569 0.148787
v -0.064017 0.484121 0.149545
v -0.044348 0.475643 0.156384
v -0.042270 0.459105 0.155444
v -0.067046 0.500682 0.149971
v -0.069623 0.517236 0.150219
v -0.049430 0.517041 0.157410
v -0.047601 0.500483 0.157181
v -0.028209 0.500319 0.162339
v -0.029282 0.516877 0.162649
v -0.009974 0.516782 0.165678
v -0.009555 0.500226 0.165208
v -0.026945 0.483760 0.161816
v -0.118320 0.414546 0.098870
v -0.126758 0.414833 0.086976
v -0.133810 0.415207 0.074189
v -0.140006 0.415626 0.060880
v -0.167463 0.497631 -0.006103
v -0.165576 0.497503 0.008192
v -0.161744 0.497337 0.022807
v -0.156794 0.497155 0.037636
v -0.139280 0.399754 -0.059248
v -0.142641 0.415588 -0.058986
v -0.145630 0.431346 -0.059007
v -0.147905 0.447037 -0.059322
v -0.134178 0.351466 -0.042228
v -0.130775 0.335802 -0.041382
v -0.127924 0.344412 -0.059758
v -0.131046 0.360105 -0.060006
v -0.140851 0.383184 -0.042845
v -0.137446 0.367284 -0.042679
v -0.134212 0.375931 -0.059824
v -0.136705 0.387843 -0.059543
v -0.130381 0.384616 -0.076926
v -0.127321 0.368791 -0.077729
v -0.125933 0.393344 -0.093264
v -0.124385 0.353075 -0.078202
v -0.121415 0.337553 -0.078090
v -0.117462 0.346226 -0.096117
v -0.112626 0.354831 -0.111958
v -0.109943 0.339422 -0.112337
v -0.115300 0.370459 -0.110933
v -0.141364 0.455353 -0.075670
v -0.140041 0.439770 -0.075317
v -0.133523 0.455928 -0.091602
v -0.137871 0.424120 -0.075305
v -0.135072 0.408372 -0.075733
v -0.135346 0.502507 -0.093759
v -0.137328 0.518112 -0.094980
v -0.146157 0.517929 -0.079319
v -0.144119 0.502226 -0.078036
v -0.133799 0.471417 -0.092106
v -0.134217 0.486939 -0.092816
v -0.142812 0.486558 -0.077023
v -0.142079 0.470935 -0.076247
v -0.145219 0.564960 -0.099900
v -0.147286 0.580564 -0.101451
v -0.155828 0.580760 -0.085851
v -0.153828 0.565059 -0.084286
v -0.139909 0.533732 -0.096484
v -0.142673 0.549351 -0.098183
v -0.151376 0.549353 -0.082570
v -0.148703 0.533644 -0.080860
v -0.149351 0.462708 -0.059847
v -0.150355 0.478411 -0.060550
v -0.151496 0.494160 -0.061460
v -0.162746 0.497898 -0.034790
v -0.166435 0.497766 -0.020279
v -0.038255 0.437106 -0.155556
v -0.037531 0.421053 -0.154426
v -0.026577 0.432478 -0.157316
v -0.011360 0.431926 -0.159399
v -0.012241 0.513230 -0.165526
v -0.044038 0.497683 -0.157858
v -0.024747 0.525647 -0.164935
v -0.025992 0.582477 -0.170682
v -0.089515 0.252802 0.098016
v -0.083949 0.300397 0.107335
v -0.058763 0.295619 0.122039
v -0.065987 0.267920 0.114341
v -0.056988 0.279539 0.121119
v -0.055289 0.263505 0.120664
v -0.114825 0.259228 0.010606
v -0.114598 0.258565 0.022667
v -0.114164 0.257787 0.034377
v -0.113554 0.256853 0.045810
v -0.112410 0.255823 0.057069
v -0.110049 0.254820 0.068180
v -0.105891 0.253929 0.079043
v -0.099259 0.253241 0.089181
v -0.102479 0.262558 -0.070431
v -0.097994 0.247688 -0.068384
v -0.094595 0.236555 -0.066681
v -0.101515 0.294764 -0.108917
v -0.107209 0.324304 -0.111930
v -0.104412 0.309445 -0.110757
v -0.111642 0.315858 -0.095078
v -0.114625 0.330906 -0.095970
v -0.118245 0.322284 -0.077309
v -0.114778 0.307227 -0.075967
v -0.108456 0.301006 -0.093556
v -0.110960 0.292295 -0.074253
v -0.106832 0.277425 -0.072370
v -0.112249 0.283446 -0.054509
v -0.116792 0.298525 -0.056160
v -0.117888 0.289775 -0.037282
v -0.112738 0.274511 -0.035932
v -0.120922 0.313659 -0.057709
v -0.124607 0.328927 -0.058967
v -0.126988 0.320341 -0.040178
v -0.122692 0.305030 -0.038753
v -0.092997 0.223271 -0.048029
v -0.097687 0.238163 -0.049886
v -0.102536 0.253249 -0.051422
v -0.107440 0.268363 -0.052919
v -0.104204 0.247268 -0.030096
v -0.112022 0.261261 -0.015653
v -0.114089 0.260060 -0.001987
v -0.037102 0.261963 -0.111745
v -0.035912 0.247560 -0.105058
v -0.035018 0.236850 -0.099832
v -0.034123 0.226336 -0.094370
v -0.038365 0.276471 -0.118119
v -0.043028 0.238317 -0.105152
v -0.053587 0.240036 -0.111654
v -0.061433 0.226973 -0.109585
v -0.063957 0.116923 0.045486
v -0.082683 0.155144 0.046638
v -0.083970 0.153876 0.056522
v -0.084338 0.152636 0.066092
v -0.083070 0.151553 0.075510
v -0.079355 0.150741 0.084605
v -0.066591 0.115522 0.054627
v -0.069381 0.114138 0.063368
v -0.071172 0.112409 0.076111
v -0.067742 0.111185 0.088297
v -0.041405 0.118960 0.111864
v -0.042589 0.109602 0.109458
v -0.072482 0.150234 0.092918
v -0.063146 0.149870 0.100641
v -0.045683 0.159357 0.115228
v -0.044724 0.149251 0.114340
v -0.035725 0.135412 0.118946
v -0.026029 0.135063 0.126511
v -0.016631 0.134749 0.133007
v -0.007187 0.134527 0.137386
v -0.028553 0.073246 0.082189
v -0.034240 0.213001 -0.087631
v -0.059115 0.172311 -0.076032
v -0.061687 0.158113 -0.065043
v -0.038677 0.115341 -0.028965
v -0.001562 0.108099 0.018541
v -0.001716 0.117542 0.002969
v -0.086796 0.211260 -0.061363
v -0.080048 0.190433 -0.052784
v -0.072616 0.163382 -0.023041
v -0.081190 0.188400 -0.040337
v -0.088442 0.208905 -0.045571
v -0.090516 0.206728 -0.030346
v -0.085430 0.193226 -0.029688
v 0.026820 0.413758 0.156224
v 0.052660 0.393542 0.144116
v 0.053983 0.409981 0.144831
v 0.041678 0.450907 0.154477
v 0.040146 0.434446 0.153219
v 0.055764 0.426423 0.145769
v 0.058011 0.442872 0.147049
v 0.047137 0.364673 0.144666
v 0.051578 0.377088 0.143379
v 0.092661 0.344958 0.113890
v 0.091036 0.328723 0.111886
v 0.093996 0.361264 0.115383
v 0.104025 0.365443 0.108481
v 0.076736 0.451279 0.139592
v 0.073485 0.434827 0.138207
v 0.089416 0.434923 0.129127
v 0.093340 0.451369 0.130280
v 0.070717 0.418390 0.137029
v 0.098979 0.410329 0.118113
v 0.096817 0.393959 0.117329
v 0.102064 0.426718 0.118969
v 0.103819 0.500939 0.132887
v 0.105733 0.517487 0.133284
v 0.087332 0.517377 0.143981
v 0.085550 0.500829 0.143333
v 0.097358 0.467862 0.131363
v 0.100983 0.484392 0.132261
v 0.083075 0.484288 0.142354
v 0.080048 0.467766 0.141043
v 0.123448 0.550499 0.122381
v 0.122531 0.534009 0.121988
v 0.124671 0.583387 0.123327
v 0.124164 0.566956 0.122883
v 0.108580 0.566988 0.134604
v 0.109090 0.583433 0.135044
v 0.090645 0.583383 0.145915
v 0.090141 0.566923 0.145504
v 0.106967 0.534018 0.133639
v 0.107868 0.550519 0.134092
v 0.089443 0.550436 0.144976
v 0.088548 0.533919 0.144470
v 0.068410 0.533760 0.153436
v 0.069237 0.550295 0.153961
v 0.048668 0.550134 0.160491
v 0.047998 0.533592 0.159956
v 0.069869 0.566799 0.154487
v 0.070315 0.583270 0.154871
v 0.049502 0.583122 0.161355
v 0.049173 0.566644 0.160998
v 0.028846 0.566492 0.165323
v 0.029051 0.582973 0.165646
v 0.009219 0.582870 0.167920
v 0.009118 0.566384 0.167613
v 0.028081 0.533444 0.164267
v 0.028516 0.549983 0.164824
v 0.008981 0.549875 0.167103
v 0.008825 0.533341 0.166531
v 0.060452 0.459343 0.148567
v 0.063898 0.484110 0.150894
v 0.044747 0.483927 0.157364
v 0.043257 0.467403 0.155921
v 0.065825 0.500649 0.152084
v 0.067317 0.517204 0.152878
v 0.047148 0.517029 0.159377
v 0.046066 0.500470 0.158552
v 0.026937 0.500328 0.162927
v 0.027556 0.516886 0.163683
v 0.008679 0.516789 0.165975
v 0.008551 0.500233 0.165344
v 0.024997 0.458992 0.160052
v 0.026218 0.483780 0.161887
v 0.008349 0.475410 0.164008
v 0.138513 0.415451 0.067993
v 0.144067 0.415902 0.054300
v 0.115135 0.365672 0.098031
v 0.123744 0.366089 0.086230
v 0.130510 0.366612 0.073621
v 0.135905 0.367191 0.060700
v 0.140124 0.367804 0.047562
v 0.143366 0.368385 0.034192
v 0.145616 0.368876 0.020524
v 0.146667 0.369276 0.006582
v 0.152606 0.416802 0.026242
v 0.145731 0.369752 -0.007664
v 0.142484 0.370414 -0.022555
v 0.143971 0.382539 -0.026746
v 0.130634 0.343650 -0.041807
v 0.125624 0.344437 -0.059759
v 0.128961 0.360130 -0.059976
v 0.132162 0.375946 -0.059770
v 0.135372 0.391811 -0.059384
v 0.128271 0.384614 -0.076968
v 0.125210 0.368802 -0.077777
v 0.121216 0.377531 -0.094613
v 0.123414 0.389379 -0.093685
v 0.122132 0.353092 -0.078261
v 0.118867 0.337568 -0.078139
v 0.115319 0.346237 -0.096216
v 0.118307 0.361804 -0.095670
v 0.112153 0.390551 -0.119580
v 0.139755 0.447638 -0.075198
v 0.137280 0.431967 -0.075182
v 0.131247 0.432689 -0.091240
v 0.133534 0.448321 -0.091028
v 0.134411 0.416243 -0.075482
v 0.131366 0.400451 -0.076124
v 0.125626 0.401231 -0.092787
v 0.128526 0.416995 -0.091814
v 0.127190 0.452870 -0.105877
v 0.128679 0.480175 -0.105694
v 0.128059 0.464559 -0.105738
v 0.129649 0.511463 -0.106534
v 0.129046 0.495816 -0.105916
v 0.137128 0.495287 -0.091619
v 0.138280 0.510991 -0.092414
v 0.146297 0.510536 -0.077334
v 0.144616 0.494769 -0.076389
v 0.135150 0.463940 -0.091023
v 0.136219 0.479596 -0.091191
v 0.143168 0.479017 -0.075774
v 0.141663 0.463307 -0.075402
v 0.132567 0.542696 -0.109104
v 0.130814 0.527094 -0.107615
v 0.139903 0.526685 -0.093623
v 0.148314 0.526297 -0.078641
v 0.112122 0.453405 -0.127184
v 0.103638 0.390794 -0.130591
v 0.092935 0.390550 -0.138159
v 0.080680 0.389730 -0.143045
v 0.067447 0.388447 -0.146116
v 0.053514 0.386964 -0.148136
v 0.058148 0.450327 -0.151994
v 0.034108 0.432852 -0.156080
v 0.018768 0.432144 -0.158533
v 0.003666 0.431796 -0.159944
v 0.040024 0.493460 -0.158598
v 0.040500 0.509646 -0.159887
v 0.056344 0.510149 -0.155501
v 0.055847 0.494060 -0.154507
v 0.039093 0.461208 -0.156824
v 0.039582 0.477320 -0.157587
v 0.024618 0.525591 -0.165065
v 0.043221 0.582344 -0.167239
v 0.041058 0.525875 -0.161388
v 0.061499 0.236001 0.110883
v 0.051878 0.235576 0.117461
v 0.050782 0.223751 0.116881
v 0.049423 0.208317 0.116200
v 0.089050 0.312607 0.109430
v 0.099558 0.266220 -0.070516
v 0.096225 0.255057 -0.068962
v 0.108720 0.315856 -0.094981
v 0.112130 0.330914 -0.096002
v 0.115305 0.322289 -0.077308
v 0.111426 0.307218 -0.075870
v 0.101365 0.286242 -0.091132
v 0.105117 0.300988 -0.093281
v 0.107254 0.292268 -0.074038
v 0.102888 0.277380 -0.072039
v 0.108516 0.283410 -0.054414
v 0.113367 0.298510 -0.056114
v 0.112001 0.282121 -0.036659
v 0.117879 0.313661 -0.057707
v 0.121962 0.328943 -0.058982
v 0.126728 0.328075 -0.040822
v 0.122298 0.312686 -0.039522
v 0.123927 0.304038 -0.022292
v 0.119835 0.292487 -0.021394
v 0.098508 0.253189 -0.051220
v 0.103507 0.268311 -0.052770
v 0.002576 0.260837 -0.103726
v 0.042235 0.238266 -0.103965
v 0.068139 0.129891 0.038903
v 0.075948 0.158664 0.009596
v 0.082337 0.171918 0.007577
v 0.084507 0.171077 0.018323
v 0.088587 0.178212 0.078354
v 0.075508 0.124814 0.075656
v 0.072860 0.123984 0.084226
v 0.033588 0.079875 0.062050
v 0.066762 0.123418 0.092064
v 0.058056 0.122968 0.099275
v 0.048257 0.122542 0.106417
v 0.039920 0.135579 0.114633
v 0.068226 0.189084 0.100340
v 0.060032 0.194084 0.106813
v 0.030218 0.135225 0.122518
v 0.020990 0.134897 0.129785
v 0.011824 0.134627 0.135465
v 0.002395 0.134478 0.138360
v 0.059536 0.158024 -0.064607
v 0.012293 0.117271 -0.000057
v 0.076070 0.190383 -0.052295
v 0.072757 0.178288 -0.036688
v 0.073852 0.176716 -0.026939
v 0.076797 0.188380 -0.040002
v 0.084230 0.208880 -0.045235
v 0.079419 0.173167 -0.003225
v 0.058545 0.138075 -0.019749
v -0.046010 0.488062 0.156883
v -0.152674 0.497040 0.048786
v -0.139304 0.387499 -0.051111
v -0.132750 0.396507 -0.076278
v -0.117325 0.382265 -0.109918
v -0.025049 0.537892 -0.166215
v -0.129580 0.315568 -0.023147
v -0.032835 0.075976 0.072125
v -0.042575 0.128889 0.112582
v 0.062241 0.471718 0.149775
v 0.008456 0.487819 0.164737
v 0.025624 0.471378 0.160979
v 0.134115 0.554376 -0.110377
v 0.141420 0.538437 -0.094761
v 0.150003 0.538102 -0.079818
v 0.042797 0.385869 -0.149423
v 0.056808 0.522242 -0.156430
v 0.024922 0.537835 -0.166355
v 0.041530 0.538053 -0.162611
v 0.107880 0.270647 -0.035695
v -0.012994 0.068895 0.046038
v -0.021516 0.066990 0.066444
v -0.008160 0.070176 0.117718
v -0.018677 0.070651 0.100117
v -0.004599 0.070200 0.053059
v -0.018488 0.067609 0.056919
v -0.001165 0.070227 0.122803
v -0.014149 0.070390 0.108548
v -0.021401 0.068692 0.087745
v 0.016705 0.068278 0.043253
v 0.008141 0.070251 0.117531
v 0.018548 0.070656 0.099712
v 0.020370 0.068935 0.055660
v 0.026772 0.071295 0.073007
v 0.014508 0.070401 0.107738
v 0.024172 0.069456 0.084900
v 0.006784 0.068635 0.052018
v 0.020988 0.068655 0.087716
v -0.023006 0.067665 0.082189
v -0.026457 0.070395 0.072125
v -0.007421 0.062479 0.060471
v -0.012376 0.061371 0.072335
v -0.004610 0.063224 0.102148
v -0.010725 0.063500 0.091914
v -0.002540 0.063237 0.064553
v -0.010615 0.061731 0.066797
v -0.000543 0.063253 0.105104
v -0.008092 0.063348 0.096816
v 0.009847 0.062120 0.058851
v 0.004868 0.063267 0.102039
v 0.010919 0.063503 0.091678
v 0.011978 0.062502 0.066065
v 0.015701 0.063874 0.076151
v 0.008570 0.063355 0.096345
v 0.004079 0.062328 0.063947
v 0.013263 0.062572 0.083885
v -0.012776 0.062062 0.083105
v -0.015249 0.063351 0.075638
v -0.002815 0.059712 0.073278
v -0.000945 0.060042 0.090612
v -0.003929 0.060123 0.086567
v 0.003116 0.060073 0.088675
v 0.003952 0.059639 0.072847
v 0.005988 0.060076 0.081998
v -0.005701 0.059615 0.078993
s 0
f 11 980 966
f 966 589 229
f 313 86 589
f 980 592 313
f 229 314 965
f 965 839 44
f 314 158 839
f 589 590 314
f 86 591 590
f 590 315 158
f 315 26 838
f 591 844 315
f 2176 979 592
f 592 316 86
f 2130 161 591
f 979 2130 316
f 2131 845 2130
f 44 317 967
f 967 593 230
f 317 87 593
f 839 596 317
f 230 318 968
f 968 970 6
f 318 231 970
f 593 594 318
f 87 319 594
f 594 969 231
f 319 841 969
f 595 159 319
f 158 838 596
f 596 595 87
f 320 840 595
f 838 840 320
f 26 321 840
f 840 597 159
f 321 88 597
f 842 600 321
f 159 322 841
f 841 971 45
f 322 232 971
f 597 598 322
f 88 323 598
f 598 972 232
f 323 7 972
f 599 974 323
f 160 324 600
f 2140 2134 2133
f 600 599 88
f 324 233 599
f 2134 973 324
f 843 46 2134
f 47 2136 845
f 2135 325 2136
f 845 2137 161
f 2136 601 2137
f 325 89 601
f 977 604 325
f 161 2138 844
f 2137 326 2138
f 844 2132 26
f 2138 842 2132
f 326 160 842
f 601 602 326
f 89 2139 602
f 603 327 2139
f 602 2140 160
f 2139 843 2140
f 327 975 843
f 234 2186 327
f 235 328 604
f 604 603 89
f 328 234 603
f 978 976 328
f 12 329 982
f 982 605 237
f 329 90 605
f 978 608 329
f 237 330 981
f 981 847 48
f 330 162 847
f 605 606 330
f 90 2141 606
f 2146 331 2141
f 606 2142 162
f 2141 846 2142
f 331 2143 846
f 2144 27 2143
f 607 2144 331
f 2147 852 2144
f 235 2145 608
f 235 332 2145
f 608 2146 90
f 2145 607 2146
f 332 2147 607
f 2148 165 2147
f 977 2148 332
f 2135 853 2148
f 48 333 983
f 983 609 238
f 333 91 609
f 847 612 333
f 609 984 238
f 334 4 984
f 610 986 334
f 609 610 334
f 91 2149 610
f 2154 335 2149
f 610 2150 239
f 2149 985 2150
f 335 2151 985
f 2152 49 2151
f 611 2152 335
f 2155 849 2152
f 162 2153 612
f 2142 336 2153
f 612 2154 91
f 2153 611 2154
f 336 2155 611
f 2156 163 2155
f 846 2156 336
f 2143 848 2156
f 27 2157 848
f 2178 337 2157
f 848 2158 163
f 2157 613 2158
f 337 2159 613
f 2160 92 2159
f 850 2160 337
f 2179 616 2160
f 163 2161 849
f 2158 338 2161
f 849 2162 49
f 2161 987 2162
f 338 2163 987
f 2164 240 2163
f 613 2164 338
f 2159 614 2164
f 92 2165 614
f 2170 339 2165
f 614 2166 240
f 2165 988 2166
f 339 2167 988
f 990 2167 2168
f 615 2168 339
f 241 2168 2171
f 164 2169 616
f 2182 340 2169
f 616 2170 92
f 2169 615 2170
f 340 2171 615
f 2172 241 2171
f 851 2172 340
f 2183 989 2172
f 47 2173 853
f 2131 341 2173
f 853 2174 165
f 2173 617 2174
f 341 2175 617
f 2175 93 2532
f 979 2176 341
f 2176 620 2175
f 165 2177 852
f 2174 342 2177
f 852 2178 27
f 2177 850 2178
f 342 2179 850
f 2180 164 2179
f 617 2180 342
f 2532 618 2180
f 93 2181 618
f 2185 343 2181
f 618 2182 164
f 2181 851 2182
f 343 2183 851
f 2184 50 2183
f 619 2184 343
f 242 991 2184
f 236 344 620
f 620 2185 93
f 344 619 2185
f 344 242 619
f 980 992 344
f 12 345 976
f 976 621 234
f 345 94 621
f 1004 624 345
f 2186 346 975
f 621 2187 2186
f 975 855 46
f 346 166 855
f 2187 622 346
f 94 2188 2187
f 2188 347 622
f 623 2189 2188
f 622 854 166
f 347 28 854
f 2189 860 347
f 248 1003 624
f 624 348 94
f 348 169 623
f 1003 861 348
f 46 349 973
f 973 625 233
f 349 95 625
f 855 628 349
f 233 350 974
f 974 994 7
f 350 243 994
f 625 626 350
f 95 627 626
f 626 351 243
f 351 51 993
f 627 857 351
f 166 352 628
f 628 352 95
f 352 167 627
f 854 856 352
f 28 353 856
f 856 629 167
f 353 96 629
f 858 632 353
f 167 354 857
f 857 995 51
f 354 244 995
f 629 630 354
f 96 355 630
f 630 996 244
f 355 8 996
f 631 998 355
f 168 356 632
f 632 631 96
f 356 245 631
f 859 997 356
f 53 357 861
f 861 633 169
f 357 97 633
f 1001 636 357
f 633 358 860
f 860 858 28
f 634 168 858
f 633 634 358
f 97 359 634
f 359 859 168
f 999 52 859
f 635 999 359
f 247 360 636
f 636 635 97
f 360 246 635
f 1002 1000 360
f 13 361 1006
f 1006 637 249
f 361 98 637
f 1002 640 361
f 2190 362 1005
f 249 2191 2190
f 1005 863 54
f 362 170 863
f 2191 638 362
f 637 2192 2191
f 2192 363 638
f 98 2193 2192
f 638 862 170
f 363 29 862
f 2193 868 363
f 639 2533 2193
f 247 364 640
f 640 639 98
f 364 173 639
f 1001 869 364
f 54 365 1007
f 1007 641 250
f 365 99 641
f 863 644 365
f 250 366 1008
f 1008 1010 3
f 366 251 1010
f 641 642 366
f 99 367 642
f 642 1009 251
f 367 55 1009
f 643 865 367
f 170 862 644
f 644 368 99
f 368 171 643
f 862 864 368
f 29 369 864
f 864 645 171
f 369 100 645
f 866 648 369
f 171 370 865
f 865 1011 55
f 370 252 1011
f 645 646 370
f 647 646 100
f 371 252 646
f 984 1012 371
f 238 371 647
f 172 372 648
f 648 647 100
f 372 238 647
f 867 983 372
f 53 373 869
f 869 649 173
f 373 101 649
f 1003 652 373
f 173 374 2533
f 2533 374 868
f 868 866 29
f 374 172 866
f 649 650 374
f 101 375 650
f 650 867 172
f 375 48 867
f 651 981 375
f 248 376 652
f 652 651 101
f 376 237 651
f 1004 982 376
f 13 377 1000
f 1000 653 246
f 377 102 653
f 1024 656 377
f 246 378 999
f 378 871 52
f 653 654 378
f 379 654 102
f 870 174 654
f 2195 870 379
f 876 2194 2195
f 2196 379 655
f 177 2195 2196
f 258 380 656
f 655 102 656
f 2197 655 380
f 877 2196 2197
f 1023 2197 380
f 2236 58 2197
f 52 381 997
f 997 657 245
f 381 103 657
f 871 660 381
f 245 382 998
f 998 1014 8
f 382 253 1014
f 657 658 382
f 103 2198 658
f 2203 659 2198
f 658 2199 253
f 2198 383 2199
f 383 2281 1013
f 2200 56 2281
f 659 2200 383
f 175 2200 2201
f 2202 660 174
f 660 2203 103
f 384 2203 2202
f 2204 659 384
f 872 2201 2204
f 2194 2534 870
f 2205 384 2534
f 30 2204 2205
f 30 2205 2194
f 2206 872 30
f 874 2206 2535
f 2207 175 872
f 385 2207 2206
f 664 661 385
f 2208 385 874
f 176 664 2208
f 2209 873 175
f 661 2209 2207
f 873 2210 56
f 386 2210 2209
f 386 2270 1015
f 662 2270 2211
f 104 386 661
f 2212 662 104
f 663 2212 2214
f 2213 254 662
f 387 2213 2212
f 1018 1016 387
f 255 387 663
f 875 2536 176
f 2214 104 664
f 388 2214 2536
f 1017 663 388
f 57 388 875
f 58 2216 877
f 2215 389 2216
f 2216 177 877
f 389 2218 2216
f 668 665 389
f 1021 668 389
f 2218 876 177
f 665 2219 2218
f 2219 30 876
f 390 2535 2219
f 666 2208 390
f 105 390 665
f 667 666 105
f 391 176 666
f 1019 875 391
f 256 391 667
f 257 392 668
f 392 105 668
f 1020 667 392
f 1022 1020 392
f 14 393 1026
f 1026 669 259
f 393 106 669
f 1022 672 393
f 259 394 1025
f 1025 879 59
f 394 178 879
f 669 670 394
f 106 2220 670
f 2225 395 2220
f 670 2221 178
f 2220 878 2221
f 395 2222 878
f 2223 31 2222
f 671 2223 395
f 2226 884 2223
f 257 2224 672
f 2217 396 2224
f 672 2225 106
f 2224 671 2225
f 396 2226 671
f 2227 181 2226
f 1021 2227 396
f 2215 885 2227
f 879 1027 59
f 397 260 1027
f 397 107 673
f 879 676 397
f 260 398 1028
f 1028 1030 2
f 398 261 1030
f 673 674 398
f 107 2228 674
f 2233 399 2228
f 674 2229 261
f 2228 1029 2229
f 399 2230 1029
f 2231 60 2230
f 675 2231 399
f 2234 881 2231
f 178 2232 676
f 2221 400 2232
f 676 2233 107
f 2232 675 2233
f 400 2234 675
f 2235 179 2234
f 878 2235 400
f 2222 880 2235
f 31 882 880
f 880 677 179
f 401 108 677
f 882 680 401
f 179 402 881
f 881 1031 60
f 402 262 1031
f 677 678 402
f 108 403 678
f 678 1032 262
f 403 3 1032
f 679 1008 403
f 180 404 680
f 680 679 108
f 404 250 679
f 883 1007 404
f 58 2236 885
f 2236 405 2237
f 885 2237 181
f 2237 681 2238
f 405 109 681
f 1023 684 405
f 181 2238 884
f 884 406 31
f 406 180 882
f 681 682 406
f 2239 407 682
f 109 2240 2239
f 682 883 180
f 407 54 883
f 2240 1005 407
f 683 2190 2240
f 258 408 684
f 684 683 109
f 408 249 683
f 1024 1006 408
f 1044 409 14
f 409 256 1020
f 688 685 409
f 268 688 1044
f 685 1019 256
f 410 57 1019
f 686 887 410
f 110 410 685
f 687 686 110
f 411 182 686
f 892 886 411
f 185 411 687
f 1043 412 268
f 412 110 688
f 893 687 412
f 63 893 1043
f 887 1017 57
f 413 255 1017
f 692 689 413
f 182 413 887
f 689 1018 255
f 414 9 1018
f 690 1034 414
f 111 414 689
f 691 690 111
f 415 263 690
f 889 1033 415
f 183 415 691
f 886 692 182
f 416 111 692
f 888 691 416
f 32 416 886
f 890 888 32
f 417 183 888
f 112 693 417
f 184 417 890
f 418 889 183
f 1035 61 889
f 694 1035 418
f 112 694 693
f 695 694 112
f 419 264 694
f 1038 1036 419
f 265 419 695
f 891 696 184
f 420 695 696
f 1037 265 420
f 62 420 891
f 1041 421 63
f 421 185 893
f 2241 697 421
f 2243 2242 2241
f 700 2241 1041
f 697 892 185
f 422 32 892
f 698 890 422
f 2242 422 697
f 113 422 2242
f 699 698 113
f 423 184 698
f 1039 891 423
f 266 423 699
f 1042 700 267
f 2244 113 2243
f 424 2243 700
f 2467 699 2244
f 1040 2244 424
f 15 424 1042
f 1042 1046 15
f 425 269 1046
f 704 701 425
f 267 425 1042
f 701 1045 269
f 426 2245 1045
f 702 2245 426
f 702 895 2245
f 114 702 701
f 2246 702 114
f 427 186 702
f 33 894 427
f 189 2246 703
f 900 427 2246
f 428 704 267
f 703 114 704
f 901 703 428
f 63 428 1041
f 895 1047 64
f 429 270 1047
f 2537 705 429
f 708 115 2537
f 2247 429 895
f 708 2537 2247
f 705 1048 270
f 430 1 1048
f 706 1050 430
f 115 430 705
f 707 706 115
f 431 271 706
f 897 1049 431
f 187 431 707
f 894 708 186
f 432 115 708
f 896 707 432
f 33 432 894
f 898 896 33
f 433 187 896
f 712 709 433
f 188 433 898
f 709 897 187
f 434 65 897
f 710 1051 434
f 116 434 709
f 711 710 116
f 435 272 710
f 435 2 1052
f 260 435 711
f 899 712 188
f 436 116 712
f 1027 711 436
f 59 436 899
f 1043 901 63
f 437 189 901
f 716 713 437
f 268 437 1043
f 713 900 189
f 438 33 900
f 714 898 438
f 117 438 713
f 715 714 117
f 439 188 714
f 1025 899 439
f 259 439 715
f 1044 716 268
f 440 117 716
f 440 259 715
f 1044 1026 440
f 17 441 1054
f 1054 717 273
f 441 118 717
f 1064 720 441
f 273 442 1053
f 1053 2249 2262
f 2262 903 66
f 442 190 2249
f 2249 190 903
f 717 718 442
f 118 443 718
f 718 902 190
f 443 908 902
f 908 34 2254
f 719 193 443
f 278 444 720
f 720 719 118
f 444 909 719
f 1063 68 444
f 66 445 1055
f 1055 721 274
f 445 119 721
f 903 724 445
f 721 446 1056
f 1056 972 7
f 446 232 972
f 2250 722 446
f 119 723 2250
f 723 447 722
f 722 971 232
f 447 45 971
f 2251 905 447
f 190 2252 724
f 724 448 119
f 448 2251 723
f 2253 191 2251
f 902 2254 2252
f 2252 2253 448
f 2254 904 2253
f 34 449 904
f 904 449 191
f 449 120 725
f 906 728 449
f 191 725 905
f 905 450 45
f 450 231 969
f 725 726 450
f 120 451 726
f 726 970 231
f 1058 970 451
f 275 451 727
f 192 452 728
f 728 727 120
f 452 275 727
f 907 1057 452
f 68 453 909
f 909 729 193
f 453 121 729
f 1061 732 453
f 193 454 908
f 454 906 34
f 730 192 906
f 729 730 454
f 121 455 730
f 455 907 192
f 1059 67 907
f 731 1059 455
f 277 456 732
f 732 731 121
f 456 276 731
f 1062 1060 456
f 18 457 1066
f 1066 733 279
f 457 122 733
f 1072 736 457
f 279 458 1065
f 1065 2255 2290
f 2290 911 69
f 458 2256 2255
f 2255 194 911
f 733 734 458
f 122 459 734
f 734 2257 2256
f 2256 910 194
f 459 2258 2257
f 2257 35 910
f 735 916 459
f 282 460 736
f 736 735 122
f 460 197 735
f 1071 917 460
f 69 461 1067
f 1067 737 280
f 461 123 737
f 911 740 461
f 737 462 1068
f 1068 996 8
f 462 244 996
f 123 738 462
f 739 463 738
f 738 995 244
f 463 51 995
f 195 913 463
f 194 464 740
f 740 739 123
f 464 195 739
f 910 912 464
f 35 465 912
f 912 741 195
f 465 124 741
f 914 744 465
f 741 466 913
f 913 993 51
f 466 742 993
f 124 742 466
f 743 467 742
f 742 994 243
f 467 7 994
f 274 1056 467
f 196 468 744
f 744 743 124
f 468 274 743
f 915 1055 468
f 70 469 917
f 917 745 197
f 469 125 745
f 1069 748 469
f 197 470 916
f 916 2259 2258
f 2258 914 35
f 470 2260 2259
f 2259 196 914
f 745 746 470
f 125 471 746
f 746 2261 2260
f 2260 915 196
f 471 2262 2261
f 2261 66 915
f 747 1053 471
f 281 472 748
f 748 747 125
f 472 273 747
f 1070 1054 472
f 19 473 1074
f 1074 749 283
f 473 126 749
f 1080 752 473
f 283 474 1073
f 1073 919 71
f 474 198 919
f 749 750 474
f 126 475 750
f 750 918 198
f 475 2263 918
f 2263 36 2275
f 751 2264 475
f 2264 924 2263
f 1079 476 752
f 752 751 126
f 476 2265 751
f 2265 201 2264
f 476 925 2265
f 2326 72 476
f 71 477 1075
f 1075 753 284
f 477 2268 753
f 2266 127 2268
f 919 2266 477
f 919 756 2266
f 753 1076 284
f 478 9 1076
f 2267 1016 478
f 2267 254 2213
f 753 2267 478
f 2268 754 2267
f 127 2269 754
f 2273 479 2269
f 754 2270 254
f 2269 1015 2270
f 479 2271 1015
f 2271 56 2210
f 755 2272 479
f 2272 921 2271
f 198 480 756
f 756 2273 127
f 756 755 2273
f 480 2274 755
f 2274 199 2272
f 918 2275 480
f 2275 920 2274
f 36 2276 920
f 2287 481 2276
f 920 2277 199
f 2276 757 2277
f 481 2278 757
f 2278 128 2283
f 922 2279 481
f 2279 760 2278
f 199 2280 921
f 2277 482 2280
f 921 2281 56
f 2280 1013 2281
f 482 2282 1013
f 2282 253 2199
f 757 2283 482
f 2283 758 2282
f 128 759 758
f 759 483 2538
f 2538 1014 253
f 483 8 1014
f 280 1068 483
f 200 923 760
f 760 484 128
f 484 280 759
f 923 1067 484
f 72 2284 925
f 2330 1077 2284
f 925 2285 201
f 2284 485 2285
f 485 129 761
f 1077 764 485
f 201 2286 924
f 2285 761 2286
f 924 2287 36
f 2286 922 2287
f 486 762 922
f 762 200 2279
f 761 762 486
f 129 487 2288
f 2288 487 762
f 762 923 200
f 487 2290 2289
f 2289 69 923
f 763 1065 487
f 285 488 764
f 764 763 129
f 488 279 763
f 1078 1066 488
f 1087 1082 20
f 489 287 1082
f 768 765 489
f 290 489 1087
f 765 1081 287
f 490 2503 1081
f 490 73 2503
f 766 927 490
f 130 490 765
f 767 766 130
f 491 202 766
f 2291 926 491
f 932 2295 2291
f 2292 491 767
f 205 2291 2292
f 1086 768 290
f 492 130 768
f 2293 767 492
f 2296 2292 2293
f 933 2293 2294
f 2294 492 1086
f 74 2294 2320
f 927 1083 73
f 493 288 1083
f 772 769 493
f 202 493 927
f 769 1084 288
f 494 10 1084
f 770 1036 494
f 131 494 769
f 771 770 131
f 495 264 770
f 61 1035 495
f 929 495 771
f 926 772 202
f 496 131 772
f 203 771 496
f 2295 496 926
f 37 928 2295
f 930 497 37
f 497 203 928
f 776 773 497
f 204 776 930
f 773 929 203
f 498 61 929
f 774 1033 498
f 132 498 773
f 775 774 132
f 499 263 774
f 1076 1034 499
f 284 499 775
f 931 500 204
f 500 132 776
f 1075 775 500
f 71 1075 931
f 1085 933 74
f 2297 205 2296
f 501 2296 933
f 780 777 2297
f 780 2297 501
f 289 501 1085
f 777 932 205
f 502 37 932
f 778 930 502
f 133 502 777
f 779 778 133
f 503 204 778
f 1073 931 503
f 779 1073 503
f 19 780 2298
f 19 2298 289
f 504 133 780
f 504 283 779
f 19 1074 504
f 1105 505 1089
f 1089 781 291
f 505 134 781
f 21 784 505
f 291 506 1088
f 506 935 75
f 782 206 935
f 781 782 506
f 134 507 782
f 507 934 206
f 940 38 934
f 783 940 507
f 296 508 784
f 77 508 296
f 784 783 134
f 2299 209 783
f 508 2305 2299
f 77 941 508
f 75 509 1090
f 509 785 292
f 788 135 785
f 935 788 509
f 292 510 1091
f 1091 1072 18
f 510 282 1072
f 785 786 510
f 135 511 786
f 786 1071 282
f 511 937 1071
f 787 207 511
f 206 512 788
f 512 787 135
f 936 207 787
f 934 2300 206
f 206 936 512
f 38 2301 2300
f 2300 513 936
f 513 789 207
f 792 136 789
f 938 2302 2301
f 2301 792 513
f 207 514 937
f 937 1069 70
f 514 281 1069
f 789 790 514
f 136 515 790
f 790 1070 281
f 515 17 1070
f 791 1093 515
f 208 2303 2302
f 2302 516 792
f 516 791 136
f 1092 293 791
f 939 2304 2303
f 2303 1092 516
f 295 517 941
f 2305 793 209
f 941 2306 2305
f 2306 137 793
f 517 2307 2306
f 295 520 517
f 209 518 940
f 518 938 38
f 794 208 938
f 793 794 518
f 137 519 794
f 519 939 208
f 1094 76 939
f 294 1094 519
f 2307 294 137
f 520 2308 2307
f 22 1095 520
f 22 521 297
f 522 2539 2319
f 138 2539 522
f 210 524 2539
f 521 210 138
f 523 139 521
f 295 523 521
f 77 525 523
f 139 524 210
f 524 78 2539
f 298 586 524
f 296 585 525
f 525 298 139
f 585 156 525
f 1100 526 1095
f 2308 795 294
f 1095 526 2308
f 526 140 795
f 294 527 1094
f 527 943 76
f 796 211 943
f 795 796 527
f 140 528 796
f 528 942 211
f 2540 2315 942
f 797 2540 528
f 2309 948 2540
f 302 529 798
f 798 797 140
f 529 2310 798
f 2310 2309 797
f 2310 214 2309
f 949 214 2310
f 1099 949 529
f 76 2311 2304
f 2304 530 1092
f 530 799 293
f 802 141 799
f 943 2312 2311
f 2311 802 530
f 293 531 1093
f 1093 1064 17
f 531 278 1064
f 799 800 531
f 141 532 800
f 800 1063 278
f 532 1063 800
f 532 945 1063
f 801 212 532
f 211 533 2312
f 2312 533 802
f 802 801 141
f 533 2313 801
f 942 2314 533
f 2314 944 2313
f 942 39 2314
f 39 534 944
f 944 803 212
f 534 142 803
f 213 534 946
f 212 535 945
f 945 1061 68
f 535 277 1061
f 803 804 535
f 142 536 804
f 804 1062 277
f 536 16 1062
f 805 1097 536
f 947 806 213
f 537 805 806
f 79 537 947
f 80 538 949
f 949 807 214
f 538 143 807
f 543 810 538
f 214 539 948
f 2315 946 39
f 948 2316 2315
f 2317 946 2316
f 539 2317 2316
f 807 808 539
f 809 808 143
f 2318 213 2317
f 540 2317 808
f 2522 947 2318
f 1098 2318 540
f 300 540 809
f 301 541 810
f 810 809 143
f 23 144 303
f 301 542 144
f 80 215 542
f 145 522 545
f 302 1100 546
f 1100 297 546
f 550 305 547
f 310 547 24
f 811 81 548
f 146 548 305
f 812 811 146
f 549 216 811
f 954 950 549
f 219 549 812
f 955 812 550
f 84 550 310
f 551 304 1101
f 816 813 551
f 216 551 81
f 813 1102 304
f 552 20 1102
f 814 1087 552
f 147 552 813
f 815 814 147
f 553 290 814
f 2320 1086 553
f 952 553 815
f 950 816 216
f 554 147 816
f 217 815 554
f 40 554 950
f 953 951 40
f 555 217 951
f 819 817 555
f 218 555 953
f 817 952 217
f 556 2320 952
f 818 74 556
f 148 556 817
f 307 818 148
f 557 1085 818
f 574 289 557
f 574 19 289
f 2321 819 218
f 558 148 819
f 83 2321 218
f 1103 955 84
f 559 219 955
f 822 820 559
f 309 559 1103
f 820 954 219
f 560 40 954
f 561 953 560
f 821 560 820
f 2322 218 561
f 308 821 149
f 570 561 821
f 562 822 309
f 562 149 822
f 309 312 25
f 2323 563 312
f 564 220 228
f 957 956 220
f 222 564 150
f 1103 2323 309
f 84 563 2323
f 565 150 563
f 41 43 956
f 566 958 565
f 310 565 84
f 566 222 958
f 824 823 566
f 823 564 222
f 151 957 564
f 41 956 957
f 306 41 151
f 82 221 41
f 2325 824 566
f 24 566 310
f 2324 151 823
f 568 823 824
f 570 223 2322
f 2322 223 83
f 308 571 570
f 571 42 223
f 152 963 571
f 25 572 569
f 312 572 25
f 569 226 152
f 1106 85 572
f 2321 573 558
f 558 825 307
f 573 153 825
f 83 828 573
f 574 1080 19
f 825 826 574
f 153 575 826
f 826 1079 286
f 575 2326 1079
f 827 960 575
f 828 576 153
f 576 2327 827
f 223 959 576
f 42 577 959
f 961 2328 577
f 959 829 224
f 577 832 829
f 832 154 829
f 2328 832 577
f 961 225 2328
f 224 2329 2327
f 2327 578 960
f 960 2330 72
f 578 2331 1077
f 2332 285 2331
f 829 830 2332
f 154 579 830
f 830 1078 285
f 579 18 1078
f 831 1091 579
f 225 580 832
f 580 831 154
f 1090 292 831
f 962 1090 580
f 572 833 226
f 581 155 833
f 85 836 581
f 226 582 963
f 963 961 42
f 582 834 961
f 834 225 961
f 833 834 582
f 155 583 834
f 583 962 225
f 1088 75 962
f 835 1088 583
f 1104 584 836
f 836 835 155
f 584 291 835
f 311 1089 584
f 1105 837 585
f 311 588 1105
f 586 227 78
f 156 587 586
f 586 43 227
f 1104 964 588
f 837 220 156
f 588 228 837
f 85 1106 964
f 1106 157 964
f 964 150 228
f 1106 563 157
f 587 956 43
f 11 1378 2031
f 966 1652 1378
f 1378 1173 1655
f 2031 1655 2402
f 2402 1655 1317
f 229 1379 1652
f 965 1902 1379
f 1902 1244 1653
f 1652 2333 1173
f 1379 1653 2333
f 2333 1380 1654
f 1653 1901 1380
f 1380 2334 2335
f 2334 1121 1907
f 1654 2335 2338
f 2335 1907 1247
f 2336 1381 2030
f 1655 2337 2336
f 2337 1654 1381
f 1173 1654 2337
f 1381 2338 2339
f 2338 1247 1908
f 2030 2339 2390
f 2339 1908 1141
f 44 1382 1902
f 967 230 1382
f 1382 1656 1659
f 1382 1659 1244
f 230 1383 1656
f 968 2021 1383
f 1383 1312 1657
f 1656 1657 1174
f 1657 1384 1658
f 1657 2020 1384
f 2020 1139 1904
f 1658 1904 1245
f 1244 1385 1901
f 1659 1174 1385
f 1174 1658 2340
f 1385 2340 2341
f 2340 1245 1903
f 1901 2341 2334
f 2341 1903 1121
f 1121 1386 1905
f 1903 1660 1386
f 1386 1175 1663
f 1905 1663 1246
f 1245 1387 1660
f 1904 2022 1387
f 1387 1313 1661
f 1660 1661 1175
f 1175 2342 2344
f 2342 1388 1662
f 1661 2343 2342
f 2343 2023 1388
f 1388 1110 2025
f 1662 2025 1314
f 1246 1389 2352
f 2352 1389 1906
f 1663 2344 1389
f 2344 1662 2345
f 1389 2345 2024
f 2345 1314 2407
f 1906 2024 1140
f 2346 1390 2028
f 1141 2347 2346
f 2347 1664 1390
f 1908 2350 2347
f 2348 1176 1667
f 1390 1176 2348
f 2349 1667 1316
f 2028 2348 2349
f 2350 1391 1664
f 1247 1391 2350
f 1907 1121 1391
f 1391 1246 1665
f 1664 1665 1176
f 1176 2351 2353
f 2353 1392 1666
f 1665 2352 2351
f 2351 1906 1392
f 1392 1140 2026
f 1666 2026 1315
f 1316 1393 2029
f 1667 2353 1393
f 1393 1666 2027
f 2029 2027 1113
f 1113 1394 2029
f 2033 1668 1394
f 1394 1177 1671
f 2029 1671 1316
f 1318 1395 1668
f 2032 1910 1395
f 1395 1248 1669
f 1668 1669 1177
f 1177 2354 2359
f 2359 1396 1670
f 1669 2355 2354
f 2354 1909 1396
f 1396 2356 2357
f 2357 1122 1915
f 1670 2357 2360
f 2360 1915 1251
f 1316 2358 2349
f 2349 1397 2028
f 1671 2359 2358
f 2358 1670 1397
f 1397 2360 2361
f 2361 1251 1916
f 2028 2361 2346
f 2346 1916 1141
f 1142 1398 1910
f 2034 1672 1398
f 1398 2362 2363
f 2363 1178 1675
f 1910 1675 1248
f 1319 1399 1672
f 1109 1399 2035
f 2037 2365 1399
f 2365 1320 1673
f 1672 2365 2362
f 2362 1673 1178
f 1178 2366 2371
f 2371 1400 1674
f 1673 2367 2366
f 2366 2036 1400
f 1400 2368 2369
f 2369 1143 1912
f 1674 2369 2372
f 2372 1912 1249
f 1248 2370 2355
f 2355 1401 1909
f 1675 2371 2370
f 2370 1674 1401
f 1401 2372 2373
f 2373 1249 1911
f 1909 2373 2356
f 2356 1911 1122
f 1122 2374 2395
f 2395 1402 1913
f 1911 2375 2374
f 2374 1676 1402
f 1402 2376 2377
f 2377 1179 1679
f 1913 2377 2396
f 2396 1679 1250
f 1249 2378 2375
f 2375 1403 1676
f 1912 2379 2378
f 2378 2038 1403
f 1403 2380 2381
f 2381 1321 1677
f 1676 2381 2376
f 2376 1677 1179
f 1179 2382 2387
f 2387 1404 1678
f 1677 2383 2382
f 2382 2039 1404
f 1404 2384 2385
f 2385 5 990
f 1678 2385 2388
f 2388 990 241
f 1250 2386 2399
f 2399 1405 1914
f 1679 2387 2386
f 2386 1678 1405
f 1405 2388 2389
f 2389 241 989
f 1914 2389 2400
f 2400 989 50
f 2390 1406 2030
f 1916 2541 2390
f 1916 2391 2541
f 2541 1680 1406
f 1406 2392 2393
f 2393 1180 1683
f 2030 2393 2336
f 2393 1683 1317
f 1251 2394 2391
f 2391 1407 1680
f 1915 2395 2394
f 2394 1913 1407
f 1407 2396 2397
f 2397 1250 1681
f 1680 2397 2392
f 2392 1681 1180
f 1180 2398 2403
f 2403 1408 1682
f 1681 2399 2398
f 2398 1914 1408
f 1408 2400 2401
f 2401 50 991
f 1682 2401 2542
f 2401 242 2542
f 2402 1409 2031
f 1317 2543 2402
f 1683 2403 2543
f 2543 1682 1409
f 2542 242 2404
f 1682 2542 2404
f 2031 992 11
f 1113 1410 2051
f 2027 1315 1410
f 1410 1684 1687
f 2051 1687 1327
f 1315 1411 1684
f 2026 1918 1411
f 1411 1252 1685
f 1684 1685 1181
f 1181 2405 1686
f 1685 1917 1412
f 1917 1123 1923
f 1686 2406 1255
f 2405 1412 2406
f 1327 1413 2050
f 1687 1181 1413
f 1413 1686 1924
f 2050 1924 1146
f 1140 1414 1918
f 2024 2407 1414
f 2407 1688 2408
f 1414 2408 1691
f 2408 1182 2409
f 1918 1691 1252
f 1314 1415 1688
f 2025 2041 1415
f 1415 1322 1689
f 1688 1689 1182
f 1182 1416 1690
f 1689 2040 1416
f 1416 1144 1920
f 1690 1920 1253
f 1252 1417 1917
f 1691 2409 1417
f 2409 1690 2410
f 1417 2410 1919
f 2410 1253 2411
f 1917 1919 1123
f 1123 1418 1921
f 1919 2411 1418
f 2411 1692 2412
f 1418 2412 1695
f 2412 1183 2413
f 1921 1695 1254
f 1253 1419 1692
f 1920 2042 1419
f 1419 1323 1693
f 1692 1693 1183
f 1183 1420 1694
f 1693 2043 1420
f 1420 1111 2045
f 1694 2045 1324
f 1254 1421 1922
f 1695 2413 1421
f 2413 1694 2414
f 1421 2414 2044
f 2414 1324 2416
f 1922 2044 1145
f 1924 1422 2048
f 1255 1696 1422
f 1422 1184 1699
f 2048 1699 1326
f 2406 1923 1696
f 1923 1921 1423
f 1423 1254 1697
f 1696 2415 1184
f 1696 1423 2415
f 2415 1697 1698
f 1697 1922 1424
f 1424 1145 2046
f 1698 1424 1325
f 1699 1425 2049
f 1184 1698 1425
f 1425 1325 2047
f 2049 2047 1114
f 1114 1426 2049
f 2053 1700 1426
f 1700 1185 1703
f 1426 1703 1326
f 1328 1427 1700
f 2052 1926 1427
f 1427 1256 1701
f 1427 1701 1185
f 1185 1428 1702
f 1701 1925 1428
f 1925 1124 1931
f 1428 1931 1259
f 1326 1429 2048
f 1703 1702 1429
f 1702 1259 1932
f 1429 1932 1146
f 1147 1430 1926
f 2054 1704 1430
f 1430 1186 1707
f 1926 1707 1256
f 1329 1431 1704
f 2055 2057 1431
f 1431 1330 1705
f 1704 1705 1186
f 1186 1432 1706
f 1705 2056 1432
f 1432 1148 1928
f 1706 1928 1257
f 1256 1433 1925
f 1707 1706 1433
f 1706 1257 1927
f 1433 1927 1124
f 1124 1434 1929
f 1927 1708 1434
f 1434 1187 1711
f 1929 1711 1258
f 1257 1435 1708
f 1928 2058 1435
f 1435 1331 1709
f 1708 1709 1187
f 1436 1710 1187
f 1331 1436 1709
f 2059 2035 1436
f 2035 1319 1710
f 1258 1437 1930
f 1711 1710 1437
f 1437 1319 2034
f 1930 2034 1142
f 1146 1438 2050
f 1932 1712 1438
f 1438 1188 1715
f 2050 1715 1327
f 1259 1439 1712
f 1931 1929 1439
f 1439 1258 1713
f 1712 1713 1188
f 1188 1440 1714
f 1713 1930 1440
f 1440 1142 2032
f 1714 2032 1318
f 1327 1441 2051
f 1715 1714 1441
f 1441 1318 2033
f 2051 2033 1113
f 1114 1442 2071
f 2047 1716 1442
f 1442 1189 1719
f 2071 1719 1337
f 1325 2046 1716
f 2046 1934 1443
f 1934 1717 1443
f 1716 1443 1189
f 1717 1718 1189
f 1260 1444 1717
f 2423 1939 1444
f 1444 1263 1718
f 1337 1445 2070
f 1189 1445 1719
f 1718 1940 1445
f 2070 1940 1151
f 1145 1446 1934
f 2044 2416 1446
f 2416 1720 2417
f 1446 2417 2418
f 2417 1190 1723
f 2418 1260 1934
f 2418 1723 1260
f 1324 1447 1720
f 2045 2061 1447
f 1447 1332 1721
f 1720 1721 1190
f 2419 2060 1448
f 1721 2497 2419
f 2420 1149 1936
f 2060 2496 2420
f 1448 2421 1722
f 2420 1261 2421
f 1448 2420 2421
f 1723 1933 1260
f 1190 1722 1723
f 1722 2422 1449
f 2421 1935 2422
f 2422 1125 2423
f 1449 2423 1933
f 2424 1937 2438
f 1935 2424 1125
f 2425 1450 2424
f 1261 2425 1935
f 2431 1727 2426
f 1724 2426 1450
f 2427 1262 2439
f 2426 1262 2427
f 1450 2427 1937
f 2428 1724 2425
f 1936 2428 1261
f 1936 2429 2428
f 2429 1451 2428
f 2429 2062 1451
f 2430 1333 1725
f 1451 2485 2430
f 2430 1191 2431
f 1451 2431 1724
f 1725 1726 1191
f 1333 1452 1725
f 2063 2065 1452
f 1452 1334 1726
f 1727 2432 1938
f 1727 1938 1262
f 1191 1453 1727
f 1726 2064 1453
f 2432 1150 1938
f 1453 2459 2432
f 1151 2433 2453
f 1940 2433 1151
f 2434 1454 2433
f 1263 2434 1940
f 2435 1731 2436
f 1728 2435 1454
f 2068 2436 2450
f 2436 1336 2450
f 1454 2436 2068
f 2437 1728 2434
f 1939 2437 1263
f 2438 1455 2437
f 1125 2438 1939
f 2439 1729 2440
f 1937 2439 1455
f 2440 1192 2435
f 1455 2440 1728
f 1729 1730 1192
f 1262 1456 1729
f 1938 2066 1456
f 1456 1335 1730
f 2441 2069 2443
f 1457 2069 2441
f 1731 2441 1336
f 1192 1457 1731
f 1730 2067 1457
f 2067 2458 2069
f 2073 1458 1115
f 2073 1338 1458
f 2442 1193 1735
f 1732 2445 2442
f 1458 2443 2069
f 2443 1735 1336
f 1458 2442 2443
f 1338 1459 1732
f 2072 1942 1459
f 2444 1264 1733
f 1942 2455 2444
f 2445 1733 1193
f 1459 2444 2445
f 2446 1460 1734
f 1733 2447 2446
f 2447 1941 1460
f 1264 2456 2447
f 2448 1126 1947
f 1941 2457 2448
f 2449 1947 1267
f 1460 2448 2449
f 2450 1461 2068
f 1735 2451 2450
f 2451 1734 1461
f 1193 2446 2451
f 2452 1267 1948
f 1734 2449 2452
f 2453 1948 1151
f 1461 2452 2453
f 1152 1462 1942
f 2074 1736 1462
f 2454 1194 1739
f 1736 2544 2454
f 2455 1739 1264
f 1462 2454 2455
f 1339 1463 1736
f 2075 2077 1463
f 1463 1340 1737
f 1736 1463 2544
f 2544 1737 1194
f 1194 1464 1738
f 1737 2076 1464
f 1464 1153 1944
f 1738 1944 1265
f 2456 1465 1941
f 1739 2545 2456
f 1739 1194 2545
f 2545 1738 1465
f 1465 1738 2546
f 2546 1265 1943
f 2457 1943 1126
f 1465 2546 2457
f 1126 1466 1945
f 1943 1740 1466
f 1466 1195 1743
f 1945 1743 1266
f 1265 1467 1740
f 1944 2078 1467
f 1467 1341 1741
f 1740 1741 1195
f 1195 1468 1742
f 1741 2079 1468
f 1468 1108 2055
f 1742 2055 1329
f 1266 1469 1946
f 1743 1742 1469
f 1469 1329 2054
f 1946 2054 1147
f 1151 1470 2070
f 1948 1744 1470
f 1470 1196 1747
f 2070 1747 1337
f 1267 1471 1744
f 1947 1945 1471
f 1471 1266 1745
f 1744 1745 1196
f 1196 1472 1746
f 1745 1946 1472
f 1472 1147 2052
f 1746 2052 1328
f 1337 1473 2071
f 1747 1746 1473
f 1473 1328 2053
f 2071 2053 1114
f 2458 2087 1115
f 1474 2087 2458
f 1335 1474 2067
f 1748 1751 1474
f 1751 1345 2087
f 2066 1748 1335
f 1150 1475 2066
f 1950 1749 1475
f 1475 1197 1748
f 1749 1750 1197
f 1268 1476 1749
f 1949 1955 1476
f 1476 1271 1750
f 1477 2086 1345
f 1197 1477 1751
f 1750 1956 1477
f 1956 2464 2086
f 2459 1950 1150
f 2064 2460 2459
f 1334 1478 2064
f 1752 1755 1478
f 2460 1268 1950
f 1478 2461 2460
f 2065 1752 1334
f 1112 1479 2065
f 2081 1753 1479
f 1479 1198 1752
f 1753 1754 1198
f 1342 1480 1753
f 2080 1952 1480
f 1480 1269 1754
f 2461 1949 1268
f 1755 2462 2461
f 1198 1481 1755
f 1754 1951 1481
f 2462 1127 1949
f 1481 2463 2462
f 2463 1953 1127
f 1951 2547 2463
f 1269 1482 1951
f 1756 1199 1482
f 2547 1270 1953
f 1482 1270 2547
f 1952 1756 1269
f 1154 1483 1952
f 2082 1343 1483
f 1483 1757 1756
f 1757 1758 1199
f 1343 1484 1757
f 2083 1038 1484
f 1484 265 1758
f 1759 1954 1270
f 1199 1485 1759
f 1758 1037 1485
f 1485 62 1954
f 2464 2084 1155
f 1486 2084 2464
f 1271 1760 1956
f 1760 1763 1486
f 1763 1344 2472
f 1486 1763 2084
f 1955 1487 1271
f 1127 1953 1955
f 1953 1761 1487
f 1487 1200 1760
f 1761 1762 1200
f 1270 1488 1761
f 1954 1039 1488
f 1488 266 1762
f 1489 2085 1344
f 2465 1489 1763
f 1200 2466 2465
f 2466 1040 1489
f 1762 2467 2466
f 1040 15 2085
f 1046 2085 15
f 269 1490 1046
f 1764 1767 1490
f 1490 1344 2085
f 1045 1764 269
f 64 1491 1045
f 1958 1765 1491
f 1491 1201 1764
f 2469 1492 2468
f 1765 2468 1201
f 2476 1957 2469
f 1272 2469 1765
f 1957 2470 1492
f 2548 1128 2470
f 1492 2471 1766
f 2470 1963 2471
f 2473 1493 2472
f 1767 2472 1344
f 2468 1766 2473
f 1201 2473 1767
f 1766 1964 1493
f 2471 1275 1964
f 1493 1155 2084
f 1047 1958 64
f 270 1494 1047
f 1768 2549 1494
f 1768 1771 2549
f 1494 2474 1958
f 2549 1771 2474
f 1048 1768 270
f 1 1495 1048
f 2089 1769 1495
f 1495 1202 1768
f 1769 1770 1202
f 2475 1496 1769
f 2088 1960 1496
f 1496 1273 1770
f 1771 2476 1272
f 2550 1497 2476
f 1202 2550 1771
f 1202 1497 2550
f 1770 1959 1497
f 1497 2548 1957
f 1497 1128 2548
f 1959 1961 1128
f 1273 1498 1959
f 1772 1775 1498
f 1498 1274 1961
f 1960 1772 1273
f 1156 1499 1960
f 2090 1773 1499
f 1499 1203 1772
f 1773 1774 1203
f 1347 1500 1773
f 1500 1107 2075
f 1774 2075 1339
f 1775 1962 1274
f 1203 1501 1775
f 1501 1339 2074
f 1962 2074 1152
f 1964 1502 1155
f 1275 1502 1964
f 1776 1779 1502
f 1502 1345 2086
f 1963 1776 1275
f 1128 1503 1963
f 1961 1777 1503
f 1503 1204 1776
f 1777 1778 1204
f 1274 1504 1777
f 1504 1152 2072
f 1778 2072 1338
f 1779 2087 1345
f 1204 1505 1779
f 1778 2073 1505
f 1505 1115 2087
f 1116 1506 2099
f 2093 1780 1506
f 1506 1205 1783
f 2099 1783 1351
f 1348 2092 1780
f 2092 1966 1507
f 1507 1276 1781
f 1780 1507 1205
f 1205 2477 1782
f 1205 1781 2477
f 1781 1965 1508
f 1508 1129 1971
f 1782 2478 2479
f 2478 1971 1279
f 2477 1508 2478
f 1351 1509 2518
f 2518 1509 2098
f 1783 1782 1509
f 1509 2479 2480
f 2479 1279 1972
f 2480 1972 1158
f 1157 1510 1966
f 2094 1784 1510
f 1510 1206 1787
f 1966 1787 1276
f 1349 1511 1784
f 2095 2023 1511
f 2481 1313 1785
f 2023 2343 2481
f 1784 1785 1206
f 1785 1512 1786
f 1313 2022 1512
f 1512 1139 1968
f 1786 1968 1277
f 1276 1513 1965
f 1206 1786 1513
f 1513 1277 1967
f 1965 1967 1129
f 1129 1514 1969
f 1277 1788 1514
f 1514 1207 1791
f 1969 1791 1278
f 1968 1515 1788
f 1139 2020 1515
f 1515 1312 1789
f 1788 1789 1207
f 1207 1516 1790
f 1789 2021 1516
f 1516 6 1058
f 1790 1058 275
f 1278 1517 1970
f 1791 1790 1517
f 1517 275 1057
f 1970 1057 67
f 1158 1518 2096
f 1972 1792 1518
f 1518 1208 1795
f 2096 1795 1350
f 1279 1519 1792
f 1971 1969 1519
f 1519 1278 1793
f 1792 1793 1208
f 1208 1520 1794
f 1793 1970 1520
f 1520 67 1059
f 1794 1059 276
f 1350 1521 2097
f 1795 1794 1521
f 1521 276 1060
f 2097 1060 16
f 1117 1522 2107
f 2101 1796 1522
f 1522 1209 1799
f 2107 1799 1355
f 1352 2100 1796
f 2100 1974 1523
f 1523 1280 1797
f 1796 1523 1209
f 1209 1797 1798
f 1797 1973 1524
f 1524 1130 1979
f 1798 1524 1283
f 1355 1525 2106
f 1799 1798 1525
f 1525 1283 1980
f 2106 1980 1160
f 1159 1526 1974
f 2102 1800 1526
f 1526 1210 1803
f 1974 1803 1280
f 1353 1527 1800
f 2103 2043 1527
f 1527 1323 1801
f 1800 1801 1210
f 1210 1528 1802
f 1801 2042 1528
f 1528 1144 1976
f 1802 1976 1281
f 1280 1529 1973
f 1803 1802 1529
f 1529 1281 1975
f 1973 1975 1130
f 1130 1530 1977
f 1975 1804 1530
f 1530 1211 1807
f 1977 1807 1282
f 1281 1531 1804
f 1976 2040 1531
f 1531 1322 1805
f 1804 1805 1211
f 1211 1532 1806
f 1805 2041 1532
f 1532 1110 2095
f 1806 2095 1349
f 1282 1533 1978
f 1807 1806 1533
f 1533 1349 2094
f 1978 2094 1157
f 1160 1534 2104
f 1980 1808 1534
f 1534 1212 1811
f 2104 1811 1354
f 1283 1979 1808
f 1979 1977 1535
f 1535 1282 1809
f 1808 1535 1212
f 1212 1809 1810
f 1809 1978 1536
f 1536 1157 2092
f 1810 1536 1348
f 1354 1537 2105
f 1811 1810 1537
f 1537 1348 2093
f 2105 2093 1116
f 1118 1538 2114
f 1569 1812 1538
f 1538 1213 1815
f 2114 1815 1359
f 1356 1539 1812
f 2108 1982 1539
f 1539 1284 1813
f 1812 1813 1213
f 1213 1540 1814
f 1813 1981 1540
f 1540 2482 2483
f 2483 1131 1987
f 1981 2491 2482
f 1814 1987 1287
f 1359 1541 2113
f 1815 1814 1541
f 1541 1287 1988
f 2113 1541 1162
f 1161 1542 1982
f 2109 1816 1542
f 1542 1214 1819
f 1982 1819 1284
f 2110 1816 1357
f 1112 1543 2110
f 1543 1333 1817
f 1816 1817 1214
f 1214 2484 2489
f 2489 1544 1818
f 1817 2485 2484
f 2484 2062 1544
f 2486 1149 1984
f 2062 2429 2486
f 2487 1984 1285
f 1544 2486 2487
f 1284 1545 1981
f 1819 2489 2488
f 2488 1818 1545
f 2490 1285 1983
f 1818 2487 2490
f 2491 1983 1131
f 1545 2490 2491
f 1131 2492 2502
f 2492 1546 1985
f 1983 2493 2492
f 2493 1820 1546
f 1546 1215 2494
f 2494 1215 1823
f 1985 2494 2551
f 2551 1823 1286
f 1285 2495 2493
f 2495 1547 1820
f 1984 2496 2495
f 2496 2060 1547
f 1547 2497 2498
f 2498 1332 1821
f 1820 2498 1215
f 2499 1548 1822
f 1821 1548 2499
f 1821 2061 1548
f 1548 1111 2103
f 1822 2103 1353
f 1823 1549 1986
f 2500 1822 1549
f 1215 2499 2500
f 1549 1353 2102
f 1986 2102 1159
f 1162 1988 2529
f 1988 1550 2111
f 1287 1824 1550
f 1550 1216 1827
f 2111 1827 1358
f 2501 1551 1824
f 1987 2502 2501
f 2502 1985 1551
f 1551 1286 1825
f 1824 1551 1216
f 1216 1825 1826
f 1825 1986 1552
f 1552 1159 2100
f 1826 1552 1352
f 1358 1553 2112
f 1827 1826 1553
f 1553 1352 2101
f 2112 2101 1117
f 1082 2117 20
f 287 1554 1082
f 1828 1831 1554
f 1554 1361 2117
f 1081 1828 287
f 2503 1555 1081
f 73 1555 2503
f 1990 1829 1555
f 1555 1217 1828
f 1829 1830 1217
f 1288 1989 1829
f 1989 1994 1556
f 1556 1291 1830
f 1831 2116 1361
f 1217 1557 1831
f 1830 2504 1557
f 1557 1995 2116
f 1083 1990 73
f 288 1558 1083
f 1832 1835 1558
f 1558 1288 1990
f 1559 1832 288
f 10 1559 1084
f 2083 1833 1559
f 1833 1218 1832
f 1343 2082 1833
f 2082 1991 1560
f 1560 1289 1834
f 1835 1561 1288
f 1218 1834 1835
f 1834 1562 1561
f 1561 1132 1989
f 1562 1992 1132
f 1836 1839 1562
f 1839 1290 1992
f 1991 1836 1289
f 1154 1563 1991
f 2080 1837 1563
f 1563 1219 1836
f 1837 1838 1219
f 1342 1564 1837
f 2081 2110 1564
f 1564 1357 1838
f 1565 1993 1290
f 1219 1565 1839
f 1838 2109 1565
f 2109 1161 1993
f 1995 2115 1163
f 2504 1566 1995
f 1291 1840 2504
f 1840 1843 1566
f 1566 1360 2115
f 1994 1567 1291
f 1132 1992 1994
f 1992 1841 1567
f 1567 1220 1840
f 1841 1842 1220
f 1290 1568 1841
f 1568 1161 2108
f 1842 2108 1356
f 1220 1569 1843
f 1360 1569 1118
f 1119 1570 1367
f 2119 1844 1847
f 1570 1847 1367
f 1362 1571 1844
f 2118 1164 1571
f 1571 1996 1845
f 1996 1292 1845
f 1844 1845 1221
f 1221 2505 1846
f 1221 1845 2505
f 1845 1292 1572
f 1572 1133 2001
f 2505 1572 1295
f 1367 1573 2125
f 1847 1846 1573
f 1846 1295 2002
f 1573 2002 1166
f 1164 1574 1996
f 2120 2507 1574
f 2507 1848 2508
f 2508 1222 1851
f 1574 1851 1292
f 1363 1575 1848
f 2121 2107 1575
f 1575 1355 1849
f 1848 1849 1222
f 1222 1576 1850
f 1849 2106 1576
f 1576 1160 1998
f 1850 1998 1293
f 1851 1850 1577
f 1577 1293 1997
f 1292 1577 1133
f 1133 1997 1999
f 1997 1852 1578
f 1578 1223 1855
f 1999 1578 1294
f 1293 1579 1852
f 1998 2104 1579
f 1579 1354 1853
f 1852 1853 1223
f 1223 2509 1854
f 1223 1580 2509
f 1853 2105 1580
f 1580 1116 2123
f 2509 2123 1364
f 1294 1855 2000
f 1855 1854 1581
f 1854 1364 2122
f 2000 1581 1165
f 1166 1582 1366
f 2002 1856 1582
f 1582 1224 1858
f 1295 2001 1856
f 2001 1999 1583
f 1583 1294 1857
f 1856 1583 1224
f 1224 2510 1365
f 1224 1857 2510
f 1857 2000 1584
f 1584 1165 2124
f 2510 1584 2511
f 1366 1585 1120
f 1858 1365 1585
f 1120 1587 1366
f 1587 1225 1226
f 1366 1226 1166
f 1225 2512 1588
f 1226 1588 1369
f 2512 1167 1588
f 2125 1589 1367
f 1367 1899 1119
f 1120 1590 2127
f 1585 1859 1590
f 1590 1227 1862
f 2127 1862 1371
f 1365 2513 1859
f 2511 2124 2513
f 2124 2004 1591
f 1591 1296 1860
f 1859 2514 1227
f 2513 1591 2514
f 1227 2515 1861
f 2514 1860 2515
f 1860 2003 1592
f 1592 2516 2009
f 1592 1134 2516
f 1861 2009 1299
f 1371 1593 2126
f 1862 1861 1593
f 1593 1299 2010
f 2126 2010 1168
f 1165 2122 2004
f 2122 1863 1594
f 1594 1228 1866
f 2004 1594 1296
f 1364 1595 1863
f 2123 2099 1595
f 1595 1351 2517
f 1863 1864 1228
f 1864 1596 1865
f 2518 2098 1596
f 1596 1158 2006
f 1865 2006 1297
f 1296 1866 2003
f 1228 1865 1597
f 1597 1865 2005
f 2003 2005 1134
f 1134 1598 2007
f 2005 1297 1598
f 1598 1867 1870
f 2007 1870 1298
f 1297 1599 1867
f 2006 2096 1599
f 1599 1350 1868
f 1867 1868 1229
f 1229 1600 1869
f 1868 2097 1600
f 1600 16 1097
f 1869 1097 299
f 1870 2008 1298
f 1870 1229 1601
f 1869 1096 1601
f 1601 79 2008
f 1168 1602 1608
f 2010 1871 1602
f 1602 1230 1874
f 1608 1874 1370
f 1299 1603 1871
f 2009 2519 1603
f 2516 2007 2519
f 1603 2520 1872
f 2519 1298 2520
f 1871 1872 1230
f 1230 1604 1873
f 2520 1604 1872
f 1298 2521 2520
f 2521 1098 1604
f 2008 2522 2521
f 1604 300 1873
f 1370 1605 1606
f 1874 1873 1605
f 1873 541 1605
f 1606 541 23
f 23 1231 1606
f 1606 1231 1370
f 1370 1607 1608
f 1168 1609 2126
f 1608 1300 1609
f 1609 1875 1232
f 1232 1586 1368
f 1232 1610 1586
f 1371 1368 2127
f 1371 1232 1368
f 2127 1368 1120
f 547 1375 24
f 305 1611 547
f 548 1233 305
f 81 1612 548
f 2011 1876 1612
f 1876 1304 1233
f 1301 1613 1876
f 1135 1624 1613
f 1613 1883 1304
f 1611 1170 1375
f 1233 1614 1611
f 1304 1623 1614
f 1101 2011 81
f 304 1615 1101
f 1877 1879 1615
f 1615 1301 2011
f 1102 1877 304
f 20 1616 1102
f 2117 1878 1616
f 1616 1234 1877
f 1878 1302 1234
f 1361 1617 1878
f 2116 1620 1617
f 1617 1880 1302
f 1879 1135 1301
f 1234 1618 1879
f 1302 1619 1618
f 1618 2012 1135
f 1880 1235 1619
f 1619 1882 2012
f 1163 1881 1620
f 1620 1881 1880
f 1881 1372 1235
f 2115 1621 1881
f 1235 1622 1882
f 1622 1169 1303
f 1623 1374 1170
f 1883 1236 1623
f 2012 1303 1624
f 1624 1884 1883
f 1303 1625 1884
f 1626 2128 1374
f 1884 1373 1236
f 1629 1885 1627
f 1628 1305 1237
f 2013 1632 1171
f 1171 1886 1305
f 1885 1170 1374
f 1629 1170 1885
f 1237 2014 1629
f 1305 1631 1237
f 1630 1136 2013
f 1630 82 1136
f 1305 1887 1631
f 1886 1633 1887
f 1631 2524 2014
f 1632 1238 1886
f 1136 567 1632
f 567 306 1238
f 1238 2324 1633
f 2524 24 1375
f 1633 2325 2524
f 1626 1239 1635
f 2128 1635 1377
f 1625 1306 1634
f 1373 1634 1239
f 1634 1137 2019
f 1239 2019 1309
f 1635 1309 1895
f 1377 1895 1172
f 1622 1636 1169
f 1622 1888 1636
f 1888 1240 1636
f 1372 1637 1888
f 1621 2114 1637
f 1637 1889 1240
f 1240 1638 1890
f 1889 2113 1638
f 1889 1359 2113
f 1638 1162 2016
f 1890 2016 2525
f 1169 1639 1306
f 1636 1890 1639
f 1639 1307 2015
f 1639 2525 1307
f 1306 2015 1137
f 1137 1640 2017
f 2015 2526 1640
f 2526 1891 2527
f 1307 2528 2526
f 1640 2527 1894
f 2527 1241 1894
f 2017 1643 1308
f 2017 1894 1643
f 2528 1641 1891
f 2525 1641 2528
f 2016 2529 1641
f 2529 2111 1641
f 1641 1358 1892
f 1891 1892 1241
f 1241 1642 1893
f 1892 2112 1642
f 1642 1117 2121
f 1893 2121 1363
f 1308 2120 2018
f 1894 1893 2530
f 1643 2530 2120
f 2530 1363 2507
f 2018 2506 1164
f 1644 1242 1898
f 1172 1898 2129
f 1309 2531 1895
f 1309 1645 2531
f 2019 2017 1645
f 2531 1896 1242
f 1242 1646 1897
f 1896 1308 1646
f 1646 2018 2118
f 1897 2118 1362
f 2129 1647 1376
f 1898 1897 1647
f 1647 1362 2119
f 1376 2119 1119
f 1589 1369 1899
f 1119 1900 1376
f 1369 1649 1899
f 1588 1310 1649
f 1588 1167 1310
f 1899 1650 1243
f 1649 1138 1650
f 1376 1651 2129
f 1648 1243 1900
f 1900 1311 1651
f 2129 1237 1172
f 1172 1627 1377
f 1172 1629 1627
f 1243 1171 1311
f 1650 2013 1171
f 1311 1171 1628
f 1651 1628 1237
f 966 980 313
f 966 313 589
f 313 592 86
f 980 236 592
f 229 589 314
f 965 314 839
f 314 590 158
f 589 86 590
f 590 591 315
f 158 315 838
f 315 844 26
f 591 161 844
f 236 2176 592
f 592 979 316
f 86 316 591
f 316 2130 591
f 2130 845 161
f 979 2131 2130
f 2131 47 845
f 44 839 317
f 967 317 593
f 317 596 87
f 839 158 596
f 230 593 318
f 968 318 970
f 318 594 231
f 593 87 594
f 87 595 319
f 594 319 969
f 969 841 45
f 319 159 841
f 596 838 320
f 596 320 595
f 595 840 159
f 838 26 840
f 26 2132 321
f 2132 842 321
f 840 321 597
f 321 600 88
f 842 160 600
f 159 597 322
f 841 322 971
f 322 598 232
f 597 88 598
f 88 599 323
f 598 323 972
f 323 974 7
f 599 233 974
f 160 2140 2133
f 160 2133 324
f 2133 2134 324
f 2140 843 2134
f 600 324 599
f 324 973 233
f 2134 46 973
f 47 2135 2136
f 2135 977 325
f 845 2136 2137
f 2136 325 601
f 325 604 89
f 977 235 604
f 161 2137 2138
f 2137 601 326
f 844 2138 2132
f 2138 326 842
f 326 602 160
f 601 89 602
f 89 603 2139
f 602 2139 2140
f 2139 327 843
f 843 975 46
f 603 234 327
f 327 2186 975
f 235 978 328
f 604 328 603
f 328 976 234
f 978 12 976
f 12 978 329
f 982 329 605
f 329 608 90
f 978 235 608
f 237 605 330
f 981 330 847
f 330 606 162
f 605 90 606
f 90 2146 2141
f 2146 607 331
f 606 2141 2142
f 2141 331 846
f 331 2144 2143
f 2144 852 27
f 607 2147 2144
f 2147 165 852
f 235 977 332
f 608 2145 2146
f 2145 332 607
f 332 2148 2147
f 2148 853 165
f 977 2135 2148
f 2135 47 853
f 48 847 333
f 983 333 609
f 333 612 91
f 847 162 612
f 609 334 984
f 334 986 4
f 610 239 986
f 609 91 610
f 91 2154 2149
f 2154 611 335
f 610 2149 2150
f 2149 335 985
f 335 2152 2151
f 2152 849 49
f 611 2155 2152
f 2155 163 849
f 162 2142 2153
f 2142 846 336
f 612 2153 2154
f 2153 336 611
f 336 2156 2155
f 2156 848 163
f 846 2143 2156
f 2143 27 848
f 27 2178 2157
f 2178 850 337
f 848 2157 2158
f 2157 337 613
f 337 2160 2159
f 2160 616 92
f 850 2179 2160
f 2179 164 616
f 163 2158 2161
f 2158 613 338
f 849 2161 2162
f 2161 338 987
f 338 2164 2163
f 2164 614 240
f 613 2159 2164
f 2159 92 614
f 92 2170 2165
f 2170 615 339
f 614 2165 2166
f 2165 339 988
f 339 2168 2167
f 990 5 2167
f 615 2171 2168
f 241 990 2168
f 164 2182 2169
f 2182 851 340
f 616 2169 2170
f 2169 340 615
f 340 2172 2171
f 2172 989 241
f 851 2183 2172
f 2183 50 989
f 47 2131 2173
f 2131 979 341
f 853 2173 2174
f 2173 341 617
f 617 2175 2532
f 2175 620 93
f 341 2176 2175
f 2176 236 620
f 165 2174 2177
f 2174 617 342
f 852 2177 2178
f 2177 342 850
f 342 2180 2179
f 2180 618 164
f 617 2532 2180
f 2532 93 618
f 93 2185 2181
f 2185 619 343
f 618 2181 2182
f 2181 343 851
f 343 2184 2183
f 2184 991 50
f 619 242 2184
f 236 980 344
f 620 344 2185
f 344 992 242
f 980 11 992
f 12 1004 345
f 976 345 621
f 345 624 94
f 1004 248 624
f 234 621 2186
f 2186 2187 346
f 975 346 855
f 346 622 166
f 621 94 2187
f 2187 2188 622
f 94 623 2188
f 2188 2189 347
f 622 347 854
f 347 860 28
f 623 169 2189
f 2189 169 860
f 624 1003 348
f 94 348 623
f 348 861 169
f 1003 53 861
f 46 855 349
f 973 349 625
f 349 628 95
f 855 166 628
f 233 625 350
f 974 350 994
f 350 626 243
f 625 95 626
f 626 627 351
f 243 351 993
f 351 857 51
f 627 167 857
f 166 854 352
f 95 352 627
f 352 856 167
f 854 28 856
f 28 858 353
f 856 353 629
f 353 632 96
f 858 168 632
f 167 629 354
f 857 354 995
f 354 630 244
f 629 96 630
f 96 631 355
f 630 355 996
f 355 998 8
f 631 245 998
f 168 859 356
f 632 356 631
f 356 997 245
f 859 52 997
f 53 1001 357
f 861 357 633
f 357 636 97
f 1001 247 636
f 169 633 860
f 860 358 858
f 358 634 858
f 633 97 634
f 97 635 359
f 634 359 168
f 359 999 859
f 635 246 999
f 247 1002 360
f 636 360 635
f 360 1000 246
f 1002 13 1000
f 13 1002 361
f 1006 361 637
f 361 640 98
f 1002 247 640
f 2190 2191 362
f 249 637 2191
f 1005 362 863
f 362 638 170
f 2191 2192 638
f 637 98 2192
f 2192 2193 363
f 98 639 2193
f 638 363 862
f 363 868 29
f 2193 2533 868
f 639 173 2533
f 247 1001 364
f 640 364 639
f 364 869 173
f 1001 53 869
f 54 863 365
f 1007 365 641
f 365 644 99
f 863 170 644
f 250 641 366
f 1008 366 1010
f 366 642 251
f 641 99 642
f 99 643 367
f 642 367 1009
f 367 865 55
f 643 171 865
f 644 862 368
f 99 368 643
f 368 864 171
f 862 29 864
f 29 866 369
f 864 369 645
f 369 648 100
f 866 172 648
f 171 645 370
f 865 370 1011
f 370 646 252
f 645 100 646
f 647 371 646
f 371 1012 252
f 984 4 1012
f 238 984 371
f 172 867 372
f 648 372 647
f 372 983 238
f 867 48 983
f 53 1003 373
f 869 373 649
f 373 652 101
f 1003 248 652
f 173 649 374
f 868 374 866
f 374 650 172
f 649 101 650
f 101 651 375
f 650 375 867
f 375 981 48
f 651 237 981
f 248 1004 376
f 652 376 651
f 376 982 237
f 1004 12 982
f 13 1024 377
f 1000 377 653
f 377 656 102
f 1024 258 656
f 246 653 378
f 999 378 52
f 378 654 871
f 654 174 871
f 653 102 654
f 655 379 102
f 379 870 654
f 2195 2194 870
f 876 30 2194
f 2196 2195 379
f 177 876 2195
f 258 1023 380
f 656 380 655
f 2197 2196 655
f 877 177 2196
f 1023 2236 2197
f 2197 58 877
f 52 871 381
f 997 381 657
f 381 660 103
f 871 174 660
f 245 657 382
f 998 382 1014
f 382 658 253
f 657 103 658
f 103 2203 2198
f 2198 659 383
f 658 2198 2199
f 2199 383 1013
f 383 2200 2281
f 2200 873 56
f 659 2201 2200
f 175 873 2200
f 870 2202 174
f 2534 384 2202
f 870 2534 2202
f 660 2202 2203
f 384 659 2203
f 2204 2201 659
f 872 175 2201
f 2194 2205 2534
f 2205 2204 384
f 30 872 2204
f 2535 2206 30
f 874 385 2206
f 2206 2207 872
f 385 661 2207
f 664 104 661
f 2208 664 385
f 2207 2209 175
f 661 386 2209
f 873 2209 2210
f 2210 386 1015
f 386 2211 2270
f 662 254 2270
f 104 2211 386
f 104 662 2211
f 2214 2212 104
f 663 387 2212
f 2212 2213 662
f 387 1016 2213
f 1018 9 1016
f 255 1018 387
f 176 2536 664
f 875 388 2536
f 2536 2214 664
f 388 663 2214
f 1017 255 663
f 57 1017 388
f 58 2215 2216
f 2215 1021 389
f 2216 2218 177
f 389 665 2218
f 668 105 665
f 1021 2217 668
f 2217 257 668
f 2218 2219 876
f 665 390 2219
f 2219 2535 30
f 390 874 2535
f 390 2208 874
f 666 176 2208
f 105 666 390
f 667 391 666
f 391 875 176
f 1019 57 875
f 256 1019 391
f 257 1022 392
f 392 667 105
f 1020 256 667
f 1022 14 1020
f 14 1022 393
f 1026 393 669
f 393 672 106
f 1022 257 672
f 259 669 394
f 1025 394 879
f 394 670 178
f 669 106 670
f 106 2225 2220
f 2225 671 395
f 670 2220 2221
f 2220 395 878
f 395 2223 2222
f 2223 884 31
f 671 2226 2223
f 2226 181 884
f 257 2217 2224
f 2217 1021 396
f 672 2224 2225
f 2224 396 671
f 396 2227 2226
f 2227 885 181
f 1021 2215 2227
f 2215 58 885
f 879 397 1027
f 397 673 260
f 397 676 107
f 879 178 676
f 260 673 398
f 1028 398 1030
f 398 674 261
f 673 107 674
f 107 2233 2228
f 2233 675 399
f 674 2228 2229
f 2228 399 1029
f 399 2231 2230
f 2231 881 60
f 675 2234 2231
f 2234 179 881
f 178 2221 2232
f 2221 878 400
f 676 2232 2233
f 2232 400 675
f 400 2235 2234
f 2235 880 179
f 878 2222 2235
f 2222 31 880
f 880 882 401
f 880 401 677
f 401 680 108
f 882 180 680
f 179 677 402
f 881 402 1031
f 402 678 262
f 677 108 678
f 108 679 403
f 678 403 1032
f 403 1008 3
f 679 250 1008
f 180 883 404
f 680 404 679
f 404 1007 250
f 883 54 1007
f 885 2236 2237
f 2236 1023 405
f 181 2237 2238
f 2237 405 681
f 405 684 109
f 1023 258 684
f 884 2238 406
f 2238 681 406
f 31 406 882
f 406 682 180
f 681 2239 682
f 681 109 2239
f 2239 2240 407
f 109 683 2240
f 682 407 883
f 407 1005 54
f 2240 2190 1005
f 683 249 2190
f 258 1024 408
f 684 408 683
f 408 1006 249
f 1024 13 1006
f 14 409 1020
f 409 685 256
f 688 110 685
f 1044 688 409
f 685 410 1019
f 410 887 57
f 686 182 887
f 110 686 410
f 687 411 686
f 411 886 182
f 892 32 886
f 185 892 411
f 268 412 688
f 412 687 110
f 893 185 687
f 1043 893 412
f 887 413 1017
f 413 689 255
f 692 111 689
f 182 692 413
f 689 414 1018
f 414 1034 9
f 690 263 1034
f 111 690 414
f 691 415 690
f 415 1033 263
f 889 61 1033
f 183 889 415
f 886 416 692
f 416 691 111
f 888 183 691
f 32 888 416
f 890 417 888
f 417 693 183
f 696 112 417
f 184 696 417
f 693 418 183
f 418 1035 889
f 694 264 1035
f 693 694 418
f 695 419 694
f 419 1036 264
f 1038 10 1036
f 265 1038 419
f 891 420 696
f 696 695 112
f 420 265 695
f 62 1037 420
f 63 421 893
f 421 697 185
f 2241 2242 697
f 2243 113 2242
f 700 2243 2241
f 1041 2241 421
f 267 700 1041
f 697 422 892
f 422 890 32
f 698 184 890
f 113 698 422
f 699 423 698
f 423 891 184
f 1039 62 891
f 266 1039 423
f 1042 424 700
f 2244 699 113
f 424 2244 2243
f 2467 266 699
f 1040 2467 2244
f 15 1040 424
f 1042 425 1046
f 425 701 269
f 704 114 701
f 267 704 425
f 701 426 1045
f 1045 2245 64
f 2245 895 64
f 702 2247 895
f 702 186 2247
f 701 702 426
f 703 2246 114
f 2246 427 702
f 427 894 186
f 900 33 427
f 189 900 2246
f 1041 428 267
f 428 703 704
f 901 189 703
f 63 901 428
f 895 429 1047
f 429 705 270
f 2537 115 705
f 2247 2537 429
f 186 708 2247
f 705 430 1048
f 430 1050 1
f 706 2248 1050
f 706 271 2248
f 115 706 430
f 707 431 706
f 431 1049 271
f 897 65 1049
f 187 897 431
f 894 432 708
f 432 707 115
f 896 187 707
f 33 896 432
f 898 433 896
f 433 709 187
f 712 116 709
f 188 712 433
f 709 434 897
f 434 1051 65
f 710 272 1051
f 116 710 434
f 711 435 710
f 435 1052 272
f 435 1028 2
f 260 1028 435
f 899 436 712
f 436 711 116
f 1027 260 711
f 59 1027 436
f 1043 437 901
f 437 713 189
f 716 117 713
f 268 716 437
f 713 438 900
f 438 898 33
f 714 188 898
f 117 714 438
f 715 439 714
f 439 899 188
f 1025 59 899
f 259 1025 439
f 1044 440 716
f 440 715 117
f 440 1026 259
f 1044 14 1026
f 17 1064 441
f 1054 441 717
f 441 720 118
f 1064 278 720
f 273 717 442
f 1053 442 2249
f 2262 2249 903
f 442 718 190
f 717 118 718
f 118 719 443
f 718 443 902
f 902 908 2254
f 443 193 908
f 278 1063 444
f 720 444 719
f 719 909 193
f 444 68 909
f 66 903 445
f 1055 445 721
f 445 724 119
f 903 190 724
f 274 721 1056
f 1056 446 972
f 446 722 232
f 721 119 2250
f 721 2250 446
f 2250 723 722
f 722 447 971
f 447 905 45
f 723 2251 447
f 2251 191 905
f 190 902 2252
f 724 2252 448
f 119 448 723
f 448 2253 2251
f 2253 904 191
f 2252 2254 2253
f 2254 34 904
f 34 906 449
f 191 449 725
f 449 728 120
f 906 192 728
f 905 725 450
f 45 450 969
f 450 726 231
f 725 120 726
f 120 727 451
f 726 451 970
f 1058 6 970
f 275 1058 451
f 192 907 452
f 728 452 727
f 452 1057 275
f 907 67 1057
f 68 1061 453
f 909 453 729
f 453 732 121
f 1061 277 732
f 193 729 454
f 908 454 34
f 454 730 906
f 729 121 730
f 121 731 455
f 730 455 192
f 455 1059 907
f 731 276 1059
f 277 1062 456
f 732 456 731
f 456 1060 276
f 1062 16 1060
f 18 1072 457
f 1066 457 733
f 457 736 122
f 1072 282 736
f 279 733 458
f 1065 458 2255
f 2290 2255 911
f 458 734 2256
f 2255 2256 194
f 733 122 734
f 122 735 459
f 734 459 2257
f 2256 2257 910
f 459 916 2258
f 2257 2258 35
f 735 197 916
f 282 1071 460
f 736 460 735
f 460 917 197
f 1071 70 917
f 69 911 461
f 1067 461 737
f 461 740 123
f 911 194 740
f 280 737 1068
f 1068 462 996
f 462 738 244
f 737 123 462
f 123 739 738
f 738 463 995
f 463 913 51
f 739 195 463
f 194 910 464
f 740 464 739
f 464 912 195
f 910 35 912
f 35 914 465
f 912 465 741
f 465 744 124
f 914 196 744
f 195 741 913
f 913 466 993
f 993 742 243
f 741 124 466
f 124 743 742
f 742 467 994
f 467 1056 7
f 743 274 467
f 196 915 468
f 744 468 743
f 468 1055 274
f 915 66 1055
f 70 1069 469
f 917 469 745
f 469 748 125
f 1069 281 748
f 197 745 470
f 916 470 2259
f 2258 2259 914
f 470 746 2260
f 2259 2260 196
f 745 125 746
f 125 747 471
f 746 471 2261
f 2260 2261 915
f 471 1053 2262
f 2261 2262 66
f 747 273 1053
f 281 1070 472
f 748 472 747
f 472 1054 273
f 1070 17 1054
f 19 1080 473
f 1074 473 749
f 473 752 126
f 1080 286 752
f 283 749 474
f 1073 474 919
f 474 750 198
f 749 126 750
f 126 751 475
f 750 475 918
f 918 2263 2275
f 2263 924 36
f 475 2264 2263
f 2264 201 924
f 286 1079 752
f 752 476 751
f 751 2265 2264
f 2265 925 201
f 1079 2326 476
f 476 72 925
f 71 919 477
f 1075 477 753
f 477 2266 2268
f 2266 756 127
f 919 198 756
f 753 478 1076
f 478 1016 9
f 2267 2213 1016
f 2267 754 254
f 753 2268 2267
f 2268 127 754
f 127 2273 2269
f 2273 755 479
f 754 2269 2270
f 2269 479 1015
f 1015 2271 2210
f 2271 921 56
f 479 2272 2271
f 2272 199 921
f 198 918 480
f 756 480 755
f 755 2274 2272
f 2274 920 199
f 480 2275 2274
f 2275 36 920
f 36 2287 2276
f 2287 922 481
f 920 2276 2277
f 2276 481 757
f 757 2278 2283
f 2278 760 128
f 481 2279 2278
f 2279 200 760
f 199 2277 2280
f 2277 757 482
f 921 2280 2281
f 2280 482 1013
f 1013 2282 2199
f 2282 758 253
f 482 2283 2282
f 2283 128 758
f 758 759 2538
f 758 2538 253
f 2538 483 1014
f 483 1068 8
f 759 280 483
f 760 923 484
f 128 484 759
f 484 1067 280
f 923 69 1067
f 72 2330 2284
f 2284 1077 485
f 925 2284 2285
f 2285 485 761
f 485 764 129
f 1077 2331 764
f 2331 285 764
f 201 2285 2286
f 2286 761 486
f 924 2286 2287
f 2286 486 922
f 922 762 2279
f 761 129 2288
f 761 2288 762
f 129 763 487
f 762 487 2289
f 762 2289 923
f 487 1065 2290
f 2289 2290 69
f 763 279 1065
f 285 1078 488
f 764 488 763
f 488 1066 279
f 1078 18 1066
f 1087 489 1082
f 489 765 287
f 768 130 765
f 290 768 489
f 765 490 1081
f 490 927 73
f 766 202 927
f 130 766 490
f 767 491 766
f 491 926 202
f 2291 2295 926
f 932 37 2295
f 2292 2291 491
f 205 932 2291
f 1086 492 768
f 492 767 130
f 2294 2293 492
f 2293 2292 767
f 2296 205 2292
f 933 2296 2293
f 2320 2294 1086
f 74 933 2294
f 927 493 1083
f 493 769 288
f 772 131 769
f 202 772 493
f 769 494 1084
f 494 1036 10
f 770 264 1036
f 131 770 494
f 771 495 770
f 495 1035 264
f 929 61 495
f 203 929 771
f 926 496 772
f 496 771 131
f 928 203 496
f 2295 928 496
f 37 497 928
f 497 773 203
f 776 132 773
f 930 776 497
f 773 498 929
f 498 1033 61
f 774 263 1033
f 132 774 498
f 775 499 774
f 499 1034 263
f 1076 9 1034
f 284 1076 499
f 204 500 776
f 500 775 132
f 1075 284 775
f 931 1075 500
f 1085 501 933
f 2297 777 205
f 501 2297 2296
f 780 133 777
f 2298 780 501
f 289 2298 501
f 777 502 932
f 502 930 37
f 778 204 930
f 133 778 502
f 779 503 778
f 503 931 204
f 1073 71 931
f 779 283 1073
f 19 504 780
f 504 779 133
f 504 1074 283
f 1105 21 505
f 1089 505 781
f 505 784 134
f 21 296 784
f 291 781 506
f 1088 506 75
f 506 782 935
f 781 134 782
f 134 783 507
f 782 507 206
f 507 940 934
f 783 209 940
f 784 2299 783
f 784 508 2299
f 2299 2305 209
f 508 941 2305
f 75 935 509
f 1090 509 292
f 509 788 785
f 935 206 788
f 292 785 510
f 1091 510 1072
f 510 786 282
f 785 135 786
f 135 787 511
f 786 511 1071
f 1071 937 70
f 511 207 937
f 788 512 135
f 512 936 787
f 206 2300 936
f 934 38 2300
f 2300 2301 513
f 38 938 2301
f 936 513 207
f 513 792 789
f 2301 2302 792
f 938 208 2302
f 207 789 514
f 937 514 1069
f 514 790 281
f 789 136 790
f 136 791 515
f 790 515 1070
f 515 1093 17
f 791 293 1093
f 2302 2303 516
f 208 939 2303
f 792 516 136
f 516 1092 791
f 2303 2304 1092
f 939 76 2304
f 77 295 941
f 2305 2306 793
f 941 517 2306
f 2306 2307 137
f 517 520 2307
f 209 793 518
f 940 518 38
f 518 794 938
f 793 137 794
f 137 294 519
f 794 519 208
f 519 1094 939
f 295 22 520
f 2307 2308 294
f 520 1095 2308
f 297 521 138
f 22 295 521
f 297 138 522
f 138 210 2539
f 521 139 210
f 295 77 523
f 523 525 139
f 77 296 525
f 139 298 524
f 296 21 585
f 525 156 298
f 22 1100 1095
f 2308 526 795
f 526 798 140
f 1100 302 526
f 526 302 798
f 294 795 527
f 1094 527 76
f 527 796 943
f 795 140 796
f 140 797 528
f 796 528 211
f 528 2540 942
f 942 2315 39
f 2540 948 2315
f 797 2309 2540
f 2309 214 948
f 302 546 529
f 546 1099 529
f 798 2310 797
f 529 949 2310
f 1099 80 949
f 2304 2311 530
f 76 943 2311
f 1092 530 293
f 530 802 799
f 2311 2312 802
f 943 211 2312
f 293 799 531
f 1093 531 1064
f 531 800 278
f 799 141 800
f 141 801 532
f 1063 945 68
f 532 212 945
f 211 942 533
f 802 533 801
f 801 2313 212
f 2313 944 212
f 533 2314 2313
f 2314 39 944
f 39 946 534
f 944 534 803
f 534 806 142
f 213 806 534
f 212 803 535
f 945 535 1061
f 535 804 277
f 803 142 804
f 142 805 536
f 804 536 1062
f 536 1097 16
f 805 299 1097
f 947 537 806
f 806 805 142
f 537 299 805
f 537 1096 299
f 79 1096 537
f 80 543 538
f 949 538 807
f 538 810 143
f 543 301 810
f 214 807 539
f 2315 2316 946
f 948 539 2316
f 2317 213 946
f 539 808 2317
f 807 143 808
f 809 540 808
f 2318 947 213
f 540 2318 2317
f 2522 79 947
f 1098 2522 2318
f 300 1098 540
f 301 23 541
f 810 541 809
f 541 300 809
f 23 301 144
f 301 543 542
f 543 80 542
f 80 1099 544
f 80 544 215
f 544 546 145
f 1099 546 544
f 215 544 545
f 544 145 545
f 545 522 2319
f 145 297 522
f 546 297 145
f 1100 22 297
f 550 146 305
f 310 550 547
f 811 216 81
f 146 811 548
f 812 549 811
f 549 950 216
f 954 40 950
f 219 954 549
f 550 812 146
f 955 219 812
f 84 955 550
f 81 551 1101
f 551 813 304
f 816 147 813
f 216 816 551
f 813 552 1102
f 552 1087 20
f 814 290 1087
f 147 814 552
f 815 553 814
f 553 1086 290
f 952 2320 553
f 217 952 815
f 950 554 816
f 554 815 147
f 951 217 554
f 40 951 554
f 953 555 951
f 555 817 217
f 819 148 817
f 218 819 555
f 817 556 952
f 556 74 2320
f 818 1085 74
f 148 818 556
f 307 557 818
f 557 289 1085
f 307 574 557
f 2321 558 819
f 558 307 148
f 1103 559 955
f 559 820 219
f 822 149 820
f 309 822 559
f 820 560 954
f 560 953 40
f 821 561 560
f 561 218 953
f 149 821 820
f 570 2322 561
f 2322 83 218
f 308 570 821
f 25 562 309
f 562 308 149
f 563 150 157
f 309 2323 312
f 150 564 228
f 564 957 220
f 1103 84 2323
f 84 565 563
f 565 958 150
f 958 222 150
f 41 221 43
f 82 1630 221
f 310 566 565
f 566 823 222
f 151 41 957
f 823 151 564
f 306 567 41
f 567 82 41
f 2325 568 824
f 24 2325 566
f 2324 306 151
f 568 2324 823
f 562 25 569
f 562 569 308
f 308 569 152
f 570 571 223
f 308 152 571
f 571 963 42
f 152 226 963
f 312 1106 572
f 569 572 226
f 572 85 581
f 2321 83 573
f 558 573 825
f 573 828 153
f 83 223 828
f 307 825 574
f 574 826 286
f 574 286 1080
f 825 153 826
f 153 827 575
f 826 575 1079
f 575 960 2326
f 2326 960 72
f 827 2327 960
f 828 223 576
f 153 576 827
f 576 959 224
f 576 224 2327
f 223 42 959
f 42 961 577
f 959 577 829
f 224 829 2329
f 2328 225 832
f 2327 2329 578
f 2329 2332 578
f 2329 829 2332
f 960 578 2330
f 2330 578 1077
f 578 2332 2331
f 2332 830 285
f 829 154 830
f 154 831 579
f 830 579 1078
f 579 1091 18
f 831 292 1091
f 225 962 580
f 832 580 154
f 580 1090 831
f 962 75 1090
f 572 581 833
f 581 836 155
f 85 1104 836
f 226 833 582
f 963 582 961
f 833 155 834
f 155 835 583
f 834 583 225
f 583 1088 962
f 835 291 1088
f 1104 311 584
f 836 584 835
f 584 1089 291
f 311 1105 1089
f 21 1105 585
f 585 837 156
f 1105 588 837
f 298 156 586
f 524 586 78
f 156 220 587
f 586 587 43
f 311 1104 588
f 837 228 220
f 588 964 228
f 1104 85 964
f 964 157 150
f 587 220 956
f 1106 312 563
f 11 966 1378
f 966 229 1652
f 1378 1652 1173
f 2031 1378 1655
f 229 965 1379
f 965 44 1902
f 1379 1902 1653
f 1652 1379 2333
f 1173 2333 1654
f 2333 1653 1380
f 1653 1244 1901
f 2335 2334 1907
f 1380 1901 2334
f 2338 2335 1247
f 1654 1380 2335
f 1317 1655 2336
f 2336 2337 1381
f 1655 1173 2337
f 2339 2338 1908
f 1381 1654 2338
f 2390 2339 1141
f 2030 1381 2339
f 44 967 1382
f 1382 230 1656
f 1659 1656 1174
f 1902 1382 1244
f 230 968 1383
f 968 6 2021
f 1383 2021 1312
f 1656 1383 1657
f 1174 1657 1658
f 1657 1312 2020
f 1384 2020 1904
f 1658 1384 1904
f 1244 1659 1385
f 1385 1174 2340
f 2341 2340 1903
f 2340 1658 1245
f 1901 1385 2341
f 2334 2341 1121
f 1121 1903 1386
f 1903 1245 1660
f 1386 1660 1175
f 1905 1386 1663
f 1245 1904 1387
f 1904 1139 2022
f 1387 2022 1313
f 1660 1387 1661
f 2344 2342 1662
f 1175 1661 2342
f 2342 2343 1388
f 1661 1313 2343
f 1388 2023 1110
f 1662 1388 2025
f 1246 1663 1389
f 1389 2344 2345
f 1663 1175 2344
f 2024 2345 2407
f 2345 1662 1314
f 1906 1389 2024
f 2346 2347 1390
f 1141 1908 2347
f 2347 2350 1664
f 1908 1247 2350
f 1390 1664 1176
f 2349 2348 1667
f 2028 1390 2348
f 1247 1907 1391
f 1391 1121 1905
f 1391 1905 1246
f 1664 1391 1665
f 2353 2351 1392
f 1176 1665 2351
f 2351 2352 1906
f 1665 1246 2352
f 1392 1906 1140
f 1666 1392 2026
f 1316 1667 1393
f 1393 2353 1666
f 1667 1176 2353
f 2027 1666 1315
f 2029 1393 2027
f 1113 2033 1394
f 2033 1318 1668
f 1394 1668 1177
f 2029 1394 1671
f 1318 2032 1395
f 2032 1142 1910
f 1395 1910 1248
f 1668 1395 1669
f 1177 1669 2354
f 2359 2354 1396
f 1669 1248 2355
f 2354 2355 1909
f 1396 1909 2356
f 2357 2356 1122
f 1670 1396 2357
f 2360 2357 1915
f 1316 1671 2358
f 2349 2358 1397
f 1671 1177 2359
f 2358 2359 1670
f 1397 1670 2360
f 2361 2360 1251
f 2028 1397 2361
f 2346 2361 1916
f 1142 2034 1398
f 2034 1319 1672
f 1398 1672 2362
f 2363 2362 1178
f 1910 1398 2363
f 1910 2363 1675
f 2035 1399 1319
f 1109 2037 1399
f 2037 2364 2365
f 2365 2364 1320
f 1672 1399 2365
f 2362 2365 1673
f 1178 1673 2366
f 2371 2366 1400
f 1673 1320 2367
f 2366 2367 2036
f 1400 2036 2368
f 2369 2368 1143
f 1674 1400 2369
f 2372 2369 1912
f 1248 1675 2370
f 2355 2370 1401
f 1675 1178 2371
f 2370 2371 1674
f 1401 1674 2372
f 2373 2372 1249
f 1909 1401 2373
f 2356 2373 1911
f 1122 1911 2374
f 2395 2374 1402
f 1911 1249 2375
f 2374 2375 1676
f 1402 1676 2376
f 2377 2376 1179
f 1913 1402 2377
f 2396 2377 1679
f 1249 1912 2378
f 2375 2378 1403
f 1912 1143 2379
f 2378 2379 2038
f 1403 2038 2380
f 2381 2380 1321
f 1676 1403 2381
f 2376 2381 1677
f 1179 1677 2382
f 2387 2382 1404
f 1677 1321 2383
f 2382 2383 2039
f 1404 2039 2384
f 2385 2384 5
f 1678 1404 2385
f 2388 2385 990
f 1250 1679 2386
f 2399 2386 1405
f 1679 1179 2387
f 2386 2387 1678
f 1405 1678 2388
f 2389 2388 241
f 1914 1405 2389
f 2400 2389 989
f 1141 1916 2390
f 2390 2541 1406
f 1916 1251 2391
f 2541 2391 1680
f 1406 1680 2392
f 2393 2392 1180
f 2030 1406 2393
f 2336 2393 1317
f 1251 1915 2394
f 2391 2394 1407
f 1915 1122 2395
f 2394 2395 1913
f 1407 1913 2396
f 2397 2396 1250
f 1680 1407 2397
f 2392 2397 1681
f 1180 1681 2398
f 2403 2398 1408
f 1681 1250 2399
f 2398 2399 1914
f 1408 1914 2400
f 2401 2400 50
f 1682 1408 2401
f 2401 991 242
f 2402 2543 1409
f 1317 1683 2543
f 1683 1180 2403
f 2543 2403 1682
f 1409 1682 2404
f 2404 242 992
f 2031 2404 992
f 2031 1409 2404
f 1113 2027 1410
f 1410 1315 1684
f 1687 1684 1181
f 2051 1410 1687
f 1315 2026 1411
f 2026 1140 1918
f 1411 1918 1252
f 1684 1411 1685
f 1181 1685 2405
f 2405 1685 1412
f 1685 1252 1917
f 1412 1917 1923
f 1686 2405 2406
f 2406 1412 1923
f 1327 1687 1413
f 1413 1181 1686
f 1924 1686 1255
f 2050 1413 1924
f 1140 2024 1414
f 1414 2407 2408
f 2407 1314 1688
f 1691 2408 2409
f 2408 1688 1182
f 1918 1414 1691
f 1314 2025 1415
f 2025 1110 2041
f 1415 2041 1322
f 1688 1415 1689
f 1182 1689 1416
f 1689 1322 2040
f 1416 2040 1144
f 1690 1416 1920
f 1252 1691 1417
f 1417 2409 2410
f 2409 1182 1690
f 1919 2410 2411
f 2410 1690 1253
f 1917 1417 1919
f 1123 1919 1418
f 1418 2411 2412
f 2411 1253 1692
f 1695 2412 2413
f 2412 1692 1183
f 1921 1418 1695
f 1253 1920 1419
f 1920 1144 2042
f 1419 2042 1323
f 1692 1419 1693
f 1183 1693 1420
f 1693 1323 2043
f 1420 2043 1111
f 1694 1420 2045
f 1254 1695 1421
f 1421 2413 2414
f 2413 1183 1694
f 2044 2414 2416
f 2414 1694 1324
f 1922 1421 2044
f 1146 1924 2048
f 1924 1255 1422
f 1422 1696 1184
f 2048 1422 1699
f 1255 2406 1696
f 1696 1923 1423
f 1923 1123 1921
f 1423 1921 1254
f 2415 1423 1697
f 1184 2415 1698
f 1698 1697 1424
f 1697 1254 1922
f 1424 1922 1145
f 1325 1424 2046
f 1326 1699 2049
f 1699 1184 1425
f 1425 1698 1325
f 2049 1425 2047
f 1114 2053 1426
f 2053 1328 1700
f 1426 1700 1703
f 2049 1426 1326
f 1328 2052 1427
f 2052 1147 1926
f 1427 1926 1256
f 1700 1427 1185
f 1185 1701 1428
f 1701 1256 1925
f 1428 1925 1931
f 1702 1428 1259
f 1326 1703 1429
f 1703 1185 1702
f 1429 1702 1932
f 2048 1429 1146
f 1147 2054 1430
f 2054 1329 1704
f 1430 1704 1186
f 1926 1430 1707
f 1329 2055 1431
f 2055 1108 2057
f 1431 2057 1330
f 1704 1431 1705
f 1186 1705 1432
f 1705 1330 2056
f 1432 2056 1148
f 1706 1432 1928
f 1256 1707 1433
f 1707 1186 1706
f 1433 1706 1927
f 1925 1433 1124
f 1124 1927 1434
f 1927 1257 1708
f 1434 1708 1187
f 1929 1434 1711
f 1257 1928 1435
f 1928 1148 2058
f 1435 2058 1331
f 1708 1435 1709
f 1187 1709 1436
f 1331 2059 1436
f 2059 1109 2035
f 1436 2035 1710
f 1258 1711 1437
f 1711 1187 1710
f 1437 1710 1319
f 1930 1437 2034
f 1146 1932 1438
f 1932 1259 1712
f 1438 1712 1188
f 2050 1438 1715
f 1259 1931 1439
f 1931 1124 1929
f 1439 1929 1258
f 1712 1439 1713
f 1188 1713 1440
f 1713 1258 1930
f 1440 1930 1142
f 1714 1440 2032
f 1327 1715 1441
f 1715 1188 1714
f 1441 1714 1318
f 2051 1441 2033
f 1114 2047 1442
f 2047 1325 1716
f 1442 1716 1189
f 2071 1442 1719
f 1716 2046 1443
f 2046 1145 1934
f 1934 1260 1717
f 1189 1443 1717
f 1717 1444 1718
f 1260 1933 1444
f 2423 1125 1939
f 1933 2423 1444
f 1444 1939 1263
f 1337 1719 1445
f 1189 1718 1445
f 1718 1263 1940
f 2070 1445 1940
f 1145 2044 1446
f 1446 2416 2417
f 2416 1324 1720
f 2418 2417 1723
f 2417 1720 1190
f 1934 1446 2418
f 1324 2045 1447
f 2045 1111 2061
f 1447 2061 1332
f 1720 1447 1721
f 1190 1448 1722
f 1190 2419 1448
f 1190 1721 2419
f 2419 2497 2060
f 1721 1332 2497
f 1448 2060 2420
f 2420 2496 1149
f 2420 1936 1261
f 1723 1449 1933
f 1723 1722 1449
f 2421 1261 1935
f 1722 2421 2422
f 2422 1935 1125
f 1449 2422 2423
f 1125 2424 2438
f 2424 1450 1937
f 1935 2425 2424
f 2425 1724 1450
f 2431 1191 1727
f 1724 2431 2426
f 1937 2427 2439
f 2426 1727 1262
f 1450 2426 2427
f 1261 2428 2425
f 2428 1451 1724
f 1936 1149 2429
f 2430 2485 1333
f 1451 2062 2485
f 2430 1725 1191
f 1451 2430 2431
f 1725 1452 1726
f 1333 2063 1452
f 2063 1112 2065
f 1452 2065 1334
f 1727 1453 2432
f 1191 1726 1453
f 1726 1334 2064
f 2432 2459 1150
f 1453 2064 2459
f 2453 2433 2068
f 2433 1454 2068
f 1940 2434 2433
f 2434 1728 1454
f 1454 2435 2436
f 2435 1192 1731
f 2436 1731 1336
f 1263 2437 2434
f 2437 1455 1728
f 1939 2438 2437
f 2438 1937 1455
f 1455 2439 2440
f 2439 1262 1729
f 1728 2440 2435
f 2440 1729 1192
f 1729 1456 1730
f 1262 1938 1456
f 1938 1150 2066
f 1456 2066 1335
f 1336 2441 2443
f 1731 1457 2441
f 1192 1730 1457
f 1730 1335 2067
f 2069 2458 1115
f 1457 2067 2069
f 1115 1458 2069
f 1458 1338 1732
f 1458 1732 2442
f 2442 2445 1193
f 2443 2442 1735
f 1338 2072 1459
f 2072 1152 1942
f 1459 1942 2444
f 2444 2455 1264
f 1732 1459 2445
f 2445 2444 1733
f 1193 1733 2446
f 2446 2447 1460
f 1733 1264 2447
f 2447 2456 1941
f 1460 1941 2448
f 2448 2457 1126
f 1734 1460 2449
f 2449 2448 1947
f 1336 1735 2450
f 2450 2451 1461
f 1735 1193 2451
f 2451 2446 1734
f 1461 1734 2452
f 2452 2449 1267
f 2068 1461 2453
f 2453 2452 1948
f 1152 2074 1462
f 2074 1339 1736
f 1462 1736 2454
f 2454 2544 1194
f 1942 1462 2455
f 2455 2454 1739
f 1339 2075 1463
f 2075 1107 2077
f 1463 2077 1340
f 2544 1463 1737
f 1194 1737 1464
f 1737 1340 2076
f 1464 2076 1153
f 1738 1464 1944
f 1264 1739 2456
f 2456 2545 1465
f 2545 1194 1738
f 2546 1738 1265
f 1941 1465 2457
f 2457 2546 1943
f 1126 1943 1466
f 1943 1265 1740
f 1466 1740 1195
f 1945 1466 1743
f 1265 1944 1467
f 1944 1153 2078
f 1467 2078 1341
f 1740 1467 1741
f 1195 1741 1468
f 1741 1341 2079
f 1468 2079 1108
f 1742 1468 2055
f 1266 1743 1469
f 1743 1195 1742
f 1469 1742 1329
f 1946 1469 2054
f 1151 1948 1470
f 1948 1267 1744
f 1470 1744 1196
f 2070 1470 1747
f 1267 1947 1471
f 1947 1126 1945
f 1471 1945 1266
f 1744 1471 1745
f 1196 1745 1472
f 1745 1266 1946
f 1472 1946 1147
f 1746 1472 2052
f 1337 1747 1473
f 1747 1196 1746
f 1473 1746 1328
f 2071 1473 2053
f 2067 1474 2458
f 1335 1748 1474
f 1748 1197 1751
f 1474 1751 2087
f 2066 1475 1748
f 1150 1950 1475
f 1950 1268 1749
f 1475 1749 1197
f 1749 1476 1750
f 1268 1949 1476
f 1949 1127 1955
f 1476 1955 1271
f 1751 1477 1345
f 1197 1750 1477
f 1750 1271 1956
f 2086 2464 1155
f 1477 1956 2086
f 2459 2460 1950
f 2064 1478 2460
f 1334 1752 1478
f 1752 1198 1755
f 2460 2461 1268
f 1478 1755 2461
f 2065 1479 1752
f 1112 2081 1479
f 2081 1342 1753
f 1479 1753 1198
f 1753 1480 1754
f 1342 2080 1480
f 2080 1154 1952
f 1480 1952 1269
f 2461 2462 1949
f 1755 1481 2462
f 1198 1754 1481
f 1754 1269 1951
f 2462 2463 1127
f 1481 1951 2463
f 2463 2547 1953
f 1951 1482 2547
f 1269 1756 1482
f 1482 1199 1759
f 1482 1759 1270
f 1952 1483 1756
f 1154 2082 1483
f 1483 1343 1757
f 1756 1757 1199
f 1757 1484 1758
f 1343 2083 1484
f 2083 10 1038
f 1484 1038 265
f 1759 1485 1954
f 1199 1758 1485
f 1758 265 1037
f 1485 1037 62
f 1956 1486 2464
f 1956 1760 1486
f 1760 2465 1763
f 1760 1200 2465
f 2084 1763 2472
f 1271 1487 1760
f 1955 1953 1487
f 1953 1270 1761
f 1487 1761 1200
f 1761 1488 1762
f 1270 1954 1488
f 1954 62 1039
f 1488 1039 266
f 1763 1489 1344
f 2465 2466 1489
f 1200 1762 2466
f 2466 2467 1040
f 1762 266 2467
f 1489 1040 2085
f 1046 1490 2085
f 269 1764 1490
f 1764 1201 1767
f 1490 1767 1344
f 1045 1491 1764
f 64 1958 1491
f 2474 1272 1765
f 1958 2474 1765
f 1491 1765 1201
f 2468 1492 1766
f 1765 2469 2468
f 2469 1957 1492
f 1272 2476 2469
f 2470 1128 1963
f 1957 2548 2470
f 2471 1963 1275
f 1492 2470 2471
f 2472 1493 2084
f 1767 2473 2472
f 2473 1766 1493
f 1201 2468 2473
f 1766 2471 1964
f 1493 1964 1155
f 1047 1494 1958
f 270 1768 1494
f 1768 1202 1771
f 2474 1771 1272
f 1494 2549 2474
f 1048 1495 1768
f 1 2089 1495
f 2089 1346 1769
f 1495 1769 1202
f 1769 1496 1770
f 1346 2475 1769
f 2475 2088 1496
f 2088 1156 1960
f 1496 1960 1273
f 2476 1497 1957
f 1771 2550 2476
f 1202 1770 1497
f 1770 1273 1959
f 1497 1959 1128
f 1959 1498 1961
f 1273 1772 1498
f 1772 1203 1775
f 1498 1775 1274
f 1960 1499 1772
f 1156 2090 1499
f 2090 1347 1773
f 1499 1773 1203
f 1773 1500 1774
f 1347 2091 1500
f 1500 2091 1107
f 1774 1500 2075
f 1775 1501 1962
f 1203 1774 1501
f 1501 1774 1339
f 1962 1501 2074
f 1155 1502 2086
f 1275 1776 1502
f 1776 1204 1779
f 1502 1779 1345
f 1963 1503 1776
f 1128 1961 1503
f 1961 1274 1777
f 1503 1777 1204
f 1777 1504 1778
f 1274 1962 1504
f 1504 1962 1152
f 1778 1504 2072
f 1779 1505 2087
f 1204 1778 1505
f 1778 1338 2073
f 1505 2073 1115
f 1116 2093 1506
f 2093 1348 1780
f 1506 1780 1205
f 2099 1506 1783
f 1780 2092 1507
f 2092 1157 1966
f 1507 1966 1276
f 1205 1507 1781
f 2477 1781 1508
f 1781 1276 1965
f 1508 1965 1129
f 1782 2477 2478
f 2479 2478 1279
f 2478 1508 1971
f 1351 1783 1509
f 1783 1205 1782
f 1509 1782 2479
f 2480 2479 1972
f 2098 1509 2480
f 2098 2480 1158
f 1157 2094 1510
f 2094 1349 1784
f 1510 1784 1206
f 1966 1510 1787
f 1349 2095 1511
f 2095 1110 2023
f 1511 2023 2481
f 2481 2343 1313
f 1784 2481 1785
f 1784 1511 2481
f 1206 1785 1786
f 1785 1313 1512
f 1512 2022 1139
f 1786 1512 1968
f 1276 1787 1513
f 1787 1206 1513
f 1513 1786 1277
f 1965 1513 1967
f 1129 1967 1514
f 1967 1277 1514
f 1514 1788 1207
f 1969 1514 1791
f 1277 1968 1788
f 1968 1139 1515
f 1515 2020 1312
f 1788 1515 1789
f 1207 1789 1516
f 1789 1312 2021
f 1516 2021 6
f 1790 1516 1058
f 1278 1791 1517
f 1791 1207 1790
f 1517 1790 275
f 1970 1517 1057
f 1158 1972 1518
f 1972 1279 1792
f 1518 1792 1208
f 2096 1518 1795
f 1279 1971 1519
f 1971 1129 1969
f 1519 1969 1278
f 1792 1519 1793
f 1208 1793 1520
f 1793 1278 1970
f 1520 1970 67
f 1794 1520 1059
f 1350 1795 1521
f 1795 1208 1794
f 1521 1794 276
f 2097 1521 1060
f 1117 2101 1522
f 2101 1352 1796
f 1522 1796 1209
f 2107 1522 1799
f 1796 2100 1523
f 2100 1159 1974
f 1523 1974 1280
f 1209 1523 1797
f 1798 1797 1524
f 1797 1280 1973
f 1524 1973 1130
f 1283 1524 1979
f 1355 1799 1525
f 1799 1209 1798
f 1525 1798 1283
f 2106 1525 1980
f 1159 2102 1526
f 2102 1353 1800
f 1526 1800 1210
f 1974 1526 1803
f 1353 2103 1527
f 2103 1111 2043
f 1527 2043 1323
f 1800 1527 1801
f 1210 1801 1528
f 1801 1323 2042
f 1528 2042 1144
f 1802 1528 1976
f 1280 1803 1529
f 1803 1210 1802
f 1529 1802 1281
f 1973 1529 1975
f 1130 1975 1530
f 1975 1281 1804
f 1530 1804 1211
f 1977 1530 1807
f 1281 1976 1531
f 1976 1144 2040
f 1531 2040 1322
f 1804 1531 1805
f 1211 1805 1532
f 1805 1322 2041
f 1532 2041 1110
f 1806 1532 2095
f 1282 1807 1533
f 1807 1211 1806
f 1533 1806 1349
f 1978 1533 2094
f 1160 1980 1534
f 1980 1283 1808
f 1534 1808 1212
f 2104 1534 1811
f 1808 1979 1535
f 1979 1130 1977
f 1535 1977 1282
f 1212 1535 1809
f 1810 1809 1536
f 1809 1282 1978
f 1536 1978 1157
f 1348 1536 2092
f 1354 1811 1537
f 1811 1212 1810
f 1537 1810 1348
f 2105 1537 2093
f 1118 1569 1538
f 1569 1356 1812
f 1538 1812 1213
f 2114 1538 1815
f 1356 2108 1539
f 2108 1161 1982
f 1539 1982 1284
f 1812 1539 1813
f 1213 1813 1540
f 1813 1284 1981
f 1540 1981 2482
f 2483 2482 1131
f 2482 2491 1131
f 1814 1540 2483
f 1814 2483 1987
f 1359 1815 1541
f 1815 1213 1814
f 1541 1814 1287
f 1162 1541 1988
f 1161 2109 1542
f 2109 1357 1816
f 1542 1816 1214
f 1982 1542 1819
f 2110 1543 1816
f 1112 2063 1543
f 1543 2063 1333
f 1816 1543 1817
f 1214 1817 2484
f 2489 2484 1544
f 1817 1333 2485
f 2484 2485 2062
f 1544 2062 2486
f 2486 2429 1149
f 1818 1544 2487
f 2487 2486 1984
f 1284 1819 2488
f 1284 2488 1545
f 1819 1214 2489
f 2488 2489 1818
f 1545 1818 2490
f 2490 2487 1285
f 1981 1545 2491
f 2491 2490 1983
f 1131 1983 2492
f 2502 2492 1985
f 1983 1285 2493
f 2492 2493 1546
f 1546 1820 1215
f 2551 2494 1823
f 1985 1546 2494
f 1285 1984 2495
f 2493 2495 1820
f 1984 1149 2496
f 2495 2496 1547
f 2498 2497 1332
f 1547 2060 2497
f 1215 2498 1821
f 1820 1547 2498
f 1215 1821 2499
f 1821 1332 2061
f 1548 2061 1111
f 1822 1548 2103
f 1286 1823 1986
f 1823 1215 2500
f 1823 2500 1549
f 2500 2499 1822
f 1549 1822 1353
f 1986 1549 2102
f 2529 1988 2111
f 1988 1287 1550
f 1550 1824 1216
f 2111 1550 1827
f 1287 1987 2501
f 1287 2501 1824
f 1987 1131 2502
f 2501 2502 1551
f 1551 2551 1286
f 1551 1985 2551
f 1216 1551 1825
f 1826 1825 1552
f 1825 1286 1986
f 1552 1986 1159
f 1352 1552 2100
f 1358 1827 1553
f 1827 1216 1826
f 1553 1826 1352
f 2112 1553 2101
f 1082 1554 2117
f 287 1828 1554
f 1828 1217 1831
f 1554 1831 1361
f 1081 1555 1828
f 73 1990 1555
f 1990 1288 1829
f 1555 1829 1217
f 1829 1556 1830
f 1829 1989 1556
f 1989 1132 1994
f 1556 1994 1291
f 1831 1557 2116
f 1217 1830 1557
f 1557 2504 1995
f 1830 1291 2504
f 2116 1995 1163
f 1083 1558 1990
f 288 1832 1558
f 1832 1218 1835
f 1558 1835 1288
f 1084 1559 288
f 10 2083 1559
f 2083 1343 1833
f 1559 1833 1832
f 1218 1560 1834
f 1833 1560 1218
f 1833 2082 1560
f 2082 1154 1991
f 1560 1991 1289
f 1288 1561 1989
f 1835 1834 1561
f 1834 1289 1562
f 1561 1562 1132
f 1289 1836 1562
f 1836 1219 1839
f 1562 1839 1992
f 1991 1563 1836
f 1154 2080 1563
f 2080 1342 1837
f 1563 1837 1219
f 1837 1564 1838
f 1342 2081 1564
f 2081 1112 2110
f 1564 2110 1357
f 1839 1565 1290
f 1219 1838 1565
f 1838 1357 2109
f 1565 2109 1993
f 1995 1566 2115
f 2504 1840 1566
f 1840 1220 1843
f 1566 1843 1360
f 1291 1567 1840
f 1994 1992 1567
f 1992 1290 1841
f 1567 1841 1220
f 1841 1568 1842
f 1290 1993 1568
f 1568 1993 1161
f 1842 1568 2108
f 1843 1569 1360
f 1220 1842 1569
f 1569 1842 1356
f 1119 2119 1570
f 1570 2119 1847
f 2119 1362 1844
f 1847 1844 1221
f 1362 2118 1571
f 1571 1164 1996
f 1844 1571 1845
f 2505 1845 1572
f 1572 1292 1133
f 1846 2505 1295
f 1295 1572 2001
f 1367 1847 1573
f 1847 1221 1846
f 1573 1846 2002
f 2125 1573 1166
f 1164 2506 1574
f 2506 2120 1574
f 1574 2507 2508
f 2507 1363 1848
f 1574 2508 1851
f 2508 1848 1222
f 1996 1574 1292
f 1363 2121 1575
f 2121 1117 2107
f 1575 2107 1355
f 1848 1575 1849
f 1222 1849 1576
f 1849 1355 2106
f 1576 2106 1160
f 1850 1576 1998
f 1292 1851 1577
f 1851 1222 1850
f 1577 1850 1293
f 1133 1577 1997
f 1999 1997 1578
f 1997 1293 1852
f 1578 1852 1223
f 1294 1578 1855
f 1293 1998 1579
f 1998 1160 2104
f 1579 2104 1354
f 1852 1579 1853
f 1223 1853 1580
f 1853 1354 2105
f 1580 2105 1116
f 1854 2509 1364
f 2509 1580 2123
f 2000 1855 1581
f 1855 1223 1854
f 1581 1854 2122
f 1165 1581 2122
f 1166 2002 1582
f 2002 1295 1856
f 1582 1856 1224
f 1366 1582 1858
f 1856 2001 1583
f 2001 1133 1999
f 1583 1999 1294
f 1224 1583 1857
f 2510 1857 1584
f 1857 1294 2000
f 1584 2000 1165
f 1365 2510 2511
f 2511 1584 2124
f 1366 1858 1585
f 1858 1224 1365
f 1120 1368 1587
f 1368 1586 1225
f 1225 1586 2512
f 1587 1368 1225
f 1366 1587 1226
f 1166 1226 2125
f 2125 1226 1589
f 1226 1225 1588
f 2512 1586 1167
f 1589 1226 1369
f 1367 1589 1899
f 1120 1585 1590
f 1585 1365 1859
f 1590 1859 1227
f 2127 1590 1862
f 1365 2511 2513
f 2513 2124 1591
f 2124 1165 2004
f 1591 2004 1296
f 1859 2513 2514
f 2514 1591 1860
f 1227 2514 2515
f 2515 1860 1592
f 1860 1296 2003
f 1592 2003 1134
f 1861 2515 2009
f 2515 1592 2009
f 1371 1862 1593
f 1862 1227 1861
f 1593 1861 1299
f 2126 1593 2010
f 2004 2122 1594
f 2122 1364 1863
f 1594 1863 1228
f 1296 1594 1866
f 1364 2123 1595
f 2123 1116 2099
f 1595 2099 1351
f 1863 2517 1864
f 1863 1595 2517
f 1228 1864 1865
f 1864 2517 2518
f 1864 2518 1596
f 2517 1351 2518
f 1596 2098 1158
f 1865 1596 2006
f 2003 1866 1597
f 1866 1228 1597
f 2005 1865 1297
f 2003 1597 2005
f 1134 2005 1598
f 1598 1297 1867
f 1870 1867 1229
f 2007 1598 1870
f 1297 2006 1599
f 2006 1158 2096
f 1599 2096 1350
f 1867 1599 1868
f 1229 1868 1600
f 1868 1350 2097
f 1600 2097 16
f 1869 1600 1097
f 1870 1601 2008
f 1601 1229 1869
f 1869 299 1096
f 1601 1096 79
f 1168 2010 1602
f 2010 1299 1871
f 1602 1871 1230
f 1608 1602 1874
f 1299 2009 1603
f 2009 2516 2519
f 2516 1134 2007
f 1603 2519 2520
f 2519 2007 1298
f 1871 1603 1872
f 1230 1872 1604
f 2520 2521 1604
f 1298 2008 2521
f 2521 2522 1098
f 2008 79 2522
f 1604 1098 300
f 1370 1874 1605
f 1874 1230 1873
f 1873 300 541
f 1606 1605 541
f 23 303 1231
f 1370 1231 1607
f 1608 1607 1300
f 1168 1608 1609
f 2126 1232 1371
f 2126 1609 1232
f 1609 1300 1875
f 1232 1875 1610
f 547 1611 1375
f 305 1233 1611
f 548 1612 1233
f 81 2011 1612
f 2011 1301 1876
f 1612 1876 1233
f 1876 1613 1304
f 1301 1135 1613
f 1375 1170 2014
f 1611 1614 1170
f 1233 1304 1614
f 1101 1615 2011
f 304 1877 1615
f 1877 1234 1879
f 1615 1879 1301
f 1102 1616 1877
f 20 2117 1616
f 2117 1361 1878
f 1616 1878 1234
f 1878 1617 1302
f 1361 2116 1617
f 2116 1163 1620
f 1617 1620 1880
f 1879 1618 1135
f 1234 1302 1618
f 1618 1619 2012
f 1302 1880 1619
f 1619 1235 1882
f 2012 1882 1303
f 1163 2115 1881
f 1880 1881 1235
f 1881 1621 1372
f 2115 1360 1621
f 1360 1118 1621
f 1882 1622 1303
f 1235 1372 1622
f 1614 1623 1170
f 1304 1883 1623
f 1623 1236 1626
f 1623 1626 1374
f 1613 1624 1883
f 1135 2012 1624
f 1624 1303 1884
f 1883 1884 1236
f 1303 2523 1625
f 1303 1169 2523
f 1884 1625 1373
f 1236 1373 1626
f 2128 1885 1374
f 1627 1885 2128
f 1628 1171 1305
f 2013 1136 1632
f 1171 1632 1886
f 1237 1631 2014
f 1629 2014 1170
f 1138 1630 2013
f 1305 1886 1887
f 1886 1238 1633
f 2014 2524 1375
f 1631 1887 2524
f 1632 567 1238
f 1136 82 567
f 1887 1633 2524
f 1633 2324 568
f 1238 306 2324
f 2524 2325 24
f 1633 568 2325
f 2128 1626 1635
f 1626 1373 1239
f 1625 2523 1306
f 2523 1169 1306
f 1373 1625 1634
f 1634 1306 1137
f 1239 1634 2019
f 1635 1239 1309
f 1377 1635 1895
f 1622 1372 1888
f 1372 1621 1637
f 1621 1118 2114
f 1637 2114 1889
f 1889 2114 1359
f 1888 1637 1240
f 1240 1889 1638
f 1638 2113 1162
f 1890 1638 2016
f 1169 1636 1639
f 1636 1240 1890
f 1639 1890 2525
f 1306 1639 2015
f 1137 2015 1640
f 2015 1307 2526
f 1640 2526 2527
f 2526 2528 1891
f 2527 1891 1241
f 2017 1640 1894
f 1307 2525 2528
f 2525 2016 1641
f 2016 1162 2529
f 1641 2111 1358
f 1891 1641 1892
f 1241 1892 1642
f 1892 1358 2112
f 1642 2112 1117
f 1893 1642 2121
f 1308 1643 2120
f 1643 1894 2530
f 1894 1241 1893
f 2120 2530 2507
f 2530 1893 1363
f 2018 2120 2506
f 1172 1895 1644
f 1644 1895 1242
f 1172 1644 1898
f 1309 2019 1645
f 2019 1137 2017
f 1896 1645 1308
f 1645 2017 1308
f 1895 2531 1242
f 2531 1645 1896
f 1242 1896 1646
f 1646 1308 2018
f 2118 2018 1164
f 1897 1646 2118
f 2129 1898 1647
f 1898 1242 1897
f 1647 1897 1362
f 1376 1647 2119
f 1119 1899 1648
f 1648 1899 1243
f 1119 1648 1900
f 1369 1588 1649
f 1899 1649 1650
f 1649 1310 1138
f 1376 1900 1651
f 1900 1243 1311
f 2129 1651 1237
f 1172 1237 1629
f 1651 1311 1628
f 1243 1650 1171
f 1650 1138 2013
f 1377 1627 2128
f 78 2571 2539
f 1167 2565 2564
f 1610 2565 1586
f 1231 2558 2562
f 221 2552 43
f 545 2555 215
f 1630 2561 2568
f 227 2552 2557
f 2319 2560 545
f 215 2559 542
f 1607 2562 2566
f 1300 2566 2563
f 1630 2556 221
f 2319 2571 2570
f 144 2558 303
f 1875 2563 2569
f 1167 2564 1310
f 1310 2561 1138
f 1875 2567 1610
f 542 2554 144
f 78 2557 2553
f 2566 2581 2585
f 2553 2577 2573
f 2564 2580 2561
f 2554 2578 2558
f 2570 2589 2588
f 2557 2572 2577
f 2559 2574 2554
f 2555 2579 2559
f 2556 2572 2552
f 2563 2585 2582
f 2570 2588 2560
f 2560 2575 2555
f 2569 2582 2587
f 2567 2584 2565
f 2565 2583 2564
f 2556 2586 2576
f 2569 2587 2567
f 2562 2578 2581
f 2553 2589 2571
f 2568 2580 2586
f 2575 2592 2579
f 2576 2590 2572
f 2582 2593 2595
f 2588 2592 2575
f 2587 2595 2584
f 2584 2594 2583
f 2576 2594 2590
f 2581 2591 2593
f 2573 2596 2589
f 2573 2590 2596
f 2583 2594 2580
f 2574 2591 2578
f 2579 2591 2574
f 78 2553 2571
f 1167 1586 2565
f 1610 2567 2565
f 1231 303 2558
f 221 2556 2552
f 545 2560 2555
f 1630 1138 2561
f 227 43 2552
f 2319 2570 2560
f 215 2555 2559
f 1607 1231 2562
f 1300 1607 2566
f 1630 2568 2556
f 2319 2539 2571
f 144 2554 2558
f 1875 1300 2563
f 1310 2564 2561
f 1875 2569 2567
f 542 2559 2554
f 78 227 2557
f 2566 2562 2581
f 2553 2557 2577
f 2564 2583 2580
f 2554 2574 2578
f 2570 2571 2589
f 2557 2552 2572
f 2559 2579 2574
f 2555 2575 2579
f 2556 2576 2572
f 2563 2566 2585
f 2560 2588 2575
f 2569 2563 2582
f 2567 2587 2584
f 2565 2584 2583
f 2556 2568 2586
f 2562 2558 2578
f 2553 2573 2589
f 2568 2561 2580
f 2582 2585 2593
f 2588 2596 2592
f 2587 2582 2595
f 2584 2595 2594
f 2576 2586 2594
f 2581 2578 2591
f 2586 2580 2594
f 2585 2581 2593
f 2573 2577 2590
f 2588 2589 2596
f 2577 2572 2590
f 2579 2592 2591
f 2595 2596 2590
f 2592 2596 2595
f 2591 2592 2593
f 2595 2593 2592
f 2590 2594 2595
