# https://github.com/mikedh/trimesh
v 0.00430000 0.58244500 -0.17329700
v -0.11909200 0.58081400 -0.13618000
v -0.17260000 0.58204500 -0.01904700
v -0.14175700 0.58282200 0.10440900
v -0.00058200 0.58284800 0.16812900
v 0.00338200 0.32690300 0.15642300
v -0.10603300 0.32900900 0.09715600
v -0.13638600 0.32584800 0.00155000
v -0.09573500 0.34017800 -0.13251900
v -0.00309800 0.33192300 -0.13824800
v -0.00414200 0.45473200 0.16307500
v -0.11910500 0.45539100 0.10626600
v -0.16383100 0.45343700 -0.00390200
v -0.10960800 0.45700400 -0.12779000
v -0.00395800 0.45619500 -0.16155300
v -0.00267400 0.19920100 0.14524100
v -0.08498300 0.19860500 0.09088900
v -0.09685400 0.20235000 0.00530500
v -0.07378900 0.22358000 -0.10661200
v 0.00224500 0.20826400 -0.07369000
v -0.05366300 0.10707600 0.02801800
v -0.06077300 0.09454900 0.07970900
v -0.00195700 0.08646000 0.13181400
v -0.00172700 0.12361000 -0.00729200
v -0.05064100 0.11894000 -0.03700700
v -0.05991700 0.38543100 0.13890600
v -0.07932900 0.51732200 0.14598500
v -0.14075800 0.38786600 0.04737000
v -0.15629000 0.52150000 0.04477600
v -0.13479800 0.39217000 -0.06793900
v -0.15028800 0.51787800 -0.07129700
v -0.05387300 0.39089300 -0.14846400
v -0.06035200 0.51831500 -0.15510300
v -0.04539900 0.26308700 0.12730700
v -0.11712100 0.26872700 0.04605000
v -0.10607800 0.26916900 -0.06212200
v -0.04703800 0.27786800 -0.12201900
v -0.07914300 0.14441200 0.05241300
v -0.03663700 0.14561600 0.12004200
v -0.03230600 0.16814000 -0.05530100
v -0.00915500 0.09154000 0.03506900
v -0.07021800 0.16309000 -0.03971600
v -0.01717900 0.07649700 0.03836100
v -0.00390100 0.39300600 0.16060700
v -0.05084300 0.31958800 0.13191100
v -0.11563600 0.38602500 0.09722900
v -0.06649400 0.45115200 0.14344700
v -0.13488500 0.51716200 0.10145600
v -0.08420900 0.58324500 0.14819500
v -0.00061600 0.51677000 0.16620900
v -0.12986300 0.32348000 0.05305000
v -0.15010500 0.38965600 -0.00860100
v -0.14780300 0.45224700 0.05356300
v -0.16894900 0.52180200 -0.01468000
v -0.16247200 0.58240600 0.04450600
v -0.12227000 0.32939600 -0.06835800
v -0.10471500 0.39473100 -0.13011400
v -0.14511500 0.45509900 -0.06758500
v -0.11138100 0.51883900 -0.12985900
v -0.15945900 0.58090300 -0.07781100
v -0.04719200 0.32866700 -0.13732100
v 0.00351200 0.38737900 -0.15417400
v -0.05793900 0.45430300 -0.15205700
v 0.00399600 0.51723700 -0.16666000
v -0.06419000 0.58219900 -0.16158900
v -0.10158000 0.26522200 0.08955100
v 0.00302900 0.26187700 0.14925200
v -0.04646400 0.20072500 0.12070000
v -0.11825700 0.27178900 -0.00231600
v -0.09871500 0.20231900 0.05011100
v -0.08992200 0.28104800 -0.12137900
v -0.08982200 0.21715700 -0.05498400
v 0.00266300 0.27184700 -0.10972700
v -0.04285500 0.21449100 -0.09424800
v -0.07703200 0.15527200 0.01036900
v -0.07437900 0.14030300 0.08881300
v -0.05479700 0.10051200 0.04987500
v -0.02775200 0.07459300 0.05876700
v 0.00247200 0.14468600 0.13979400
v -0.02827900 0.08744200 0.11429900
v -0.00199600 0.16586600 -0.04240400
v 0.00227800 0.08736200 0.04468400
v -0.06521200 0.16814800 -0.07056600
v -0.02850400 0.12186300 -0.02156700
v -0.05251400 0.11476600 -0.01218700
v -0.03532000 0.42612000 0.15463400
v -0.02541200 0.36016800 0.15388400
v -0.08308900 0.35704000 0.11856600
v -0.08841100 0.41849000 0.12451700
v -0.10799800 0.48430700 0.12308100
v -0.11995100 0.55031700 0.12548400
v -0.04106300 0.55002600 0.16104700
v -0.03657900 0.48797300 0.15969900
v -0.13191500 0.42722000 0.08099000
v -0.12521700 0.36230000 0.07849400
v -0.14065900 0.35655800 0.02746100
v -0.15304900 0.42076000 0.02594000
v -0.16102900 0.48518600 0.02331100
v -0.16763700 0.55000800 0.01329600
v -0.15002200 0.54997200 0.07553300
v -0.14163000 0.48454400 0.07429800
v -0.15330700 0.42247800 -0.03163400
v -0.13892300 0.35880000 -0.03010900
v -0.11870700 0.36201300 -0.09966600
v -0.12926700 0.42501500 -0.09537800
v -0.12769400 0.48725800 -0.10396000
v -0.13563300 0.54942100 -0.10911000
v -0.16558700 0.54966500 -0.04671500
v -0.16185200 0.48594900 -0.03408600
v -0.09099400 0.42542600 -0.13981100
v -0.07687500 0.36231700 -0.14227800
v -0.02737600 0.36480200 -0.14689400
v -0.02616800 0.42038100 -0.15630000
v -0.03203800 0.49328400 -0.16022500
v -0.02957700 0.55015500 -0.16662300
v -0.09116400 0.55043600 -0.14746500
v -0.08637300 0.48750500 -0.14317200
v -0.07337900 0.22466800 0.10514800
v -0.08237400 0.28838900 0.10677700
v -0.02224500 0.29450400 0.14590800
v -0.02531900 0.23044500 0.13846600
v -0.10610500 0.23107900 0.02252200
v -0.12886600 0.30170400 0.02223500
v -0.12015100 0.29852200 0.06969900
v -0.10316200 0.22718000 0.06711100
v -0.09263900 0.24271300 -0.08799900
v -0.10586400 0.30158500 -0.10206400
v -0.12199900 0.29686300 -0.02953500
v -0.10046100 0.23577400 -0.02943600
v -0.01714000 0.24432800 -0.09618200
v -0.02020300 0.30293800 -0.12554300
v -0.06729700 0.30196400 -0.13397600
v -0.06565300 0.25195100 -0.11985100
v -0.06573300 0.12788700 0.02955900
v -0.08965500 0.17682200 0.02921500
v -0.09020000 0.17574300 0.07039900
v -0.07405300 0.12272900 0.06738100
v -0.04389700 0.08300300 0.07625200
v -0.04347300 0.08917100 0.05664100
v -0.05853600 0.11974200 0.09944500
v -0.06374400 0.17349400 0.10383700
v -0.02314900 0.17181400 0.13456200
v -0.01566300 0.11131500 0.13010400
v -0.01013400 0.07575700 0.12480000
v -0.03724600 0.08068300 0.09286300
v -0.01353000 0.14311000 -0.02730100
v -0.01521800 0.19098900 -0.06367900
v -0.05092500 0.18927700 -0.08460000
v -0.04587300 0.13879200 -0.05049400
v -0.03027800 0.10033900 -0.00705400
v -0.01180300 0.09998700 0.02241800
v -0.06171200 0.13779900 -0.04188100
v -0.07491200 0.18739100 -0.07354300
v -0.08350500 0.18142600 -0.01608900
v -0.06148200 0.13335500 -0.00886700
v -0.03561300 0.09325600 0.03171000
v -0.03939700 0.10170100 -0.01356100
v -0.03397900 0.39325000 0.15322600
v -0.05386900 0.35243100 0.13717400
v -0.08543900 0.38572300 0.12206800
v -0.06225300 0.41826900 0.14103000
v -0.11537800 0.51736000 0.12387500
v -0.08291100 0.55034300 0.14694500
v -0.03928000 0.51695200 0.16027300
v -0.07303000 0.48421400 0.14528100
v -0.13049600 0.38682800 0.07344600
v -0.13437100 0.35539200 0.05366300
v -0.14796900 0.38883000 0.01980400
v -0.14413900 0.41995000 0.05231500
v -0.16544000 0.52170400 0.01443000
v -0.15950900 0.54994600 0.04475400
v -0.14567600 0.51729400 0.07450300
v -0.15178700 0.48482000 0.04905300
v -0.14487400 0.39081200 -0.03489200
v -0.12847800 0.36049900 -0.06900200
v -0.12102000 0.39392100 -0.10504400
v -0.14109100 0.42378800 -0.06709700
v -0.13049000 0.51830200 -0.10597200
v -0.15525900 0.54939600 -0.07453900
v -0.16293000 0.52579400 -0.04445400
v -0.14693500 0.48640600 -0.06897600
v -0.08123900 0.39362400 -0.14287700
v -0.05081800 0.35949000 -0.14416600
v -0.02496500 0.38834200 -0.15218000
v -0.06363000 0.42315800 -0.14910000
v -0.03285900 0.52170900 -0.16280500
v -0.06240900 0.55041600 -0.15814200
v -0.08807400 0.51898200 -0.14457900
v -0.05890100 0.48622400 -0.15313500
v -0.07789800 0.25641300 0.10608200
v -0.04760900 0.28719900 0.12840300
v -0.02078300 0.26221100 0.14331200
v -0.04902500 0.23148000 0.12217000
v -0.11857700 0.27038500 0.02264900
v -0.12602500 0.30024800 0.04663200
v -0.11303400 0.26675300 0.06859000
v -0.10570900 0.22929800 0.04522900
v -0.10034200 0.27196600 -0.09351700
v -0.11488900 0.29912700 -0.06561900
v -0.11279000 0.27000800 -0.02739800
v -0.09786400 0.24294000 -0.05902800
v -0.01848500 0.27340100 -0.11135400
v -0.04356300 0.29885600 -0.12790200
v -0.06987000 0.28070900 -0.12896800
v -0.04413000 0.24902900 -0.11007400
v -0.07908900 0.15337600 0.03209800
v -0.09201000 0.17809200 0.05024300
v -0.08094100 0.14192500 0.07119300
v -0.06936000 0.12540800 0.04921100
v -0.04299100 0.08482400 0.06657000
v -0.05669700 0.13950100 0.10395300
v -0.04419600 0.17270700 0.11852000
v -0.01709100 0.14497300 0.13443300
v -0.03353500 0.11217500 0.11691900
v -0.02318100 0.07623200 0.10719900
v -0.01463600 0.16664300 -0.04449200
v -0.03363900 0.18733200 -0.07056000
v -0.04986100 0.16912900 -0.07033900
v -0.02953300 0.14351400 -0.03738800
v -0.02773600 0.08834700 0.01705900
v -0.00676400 0.07780200 0.04538200
v -0.02268200 0.10423900 0.00340300
v -0.06856800 0.16250700 -0.05443100
v -0.07782600 0.18309500 -0.04666300
v -0.07293600 0.15821700 -0.01068700
v -0.06178300 0.13678600 -0.02879900
v -0.02399600 0.07521100 0.04924200
v -0.03091800 0.09179400 0.00451600
v -0.00392700 0.42591400 0.16149100
v 0.00347600 0.35998700 0.15923600
v -0.02392600 0.32713600 0.14989000
v -0.08027300 0.32844900 0.11433400
v -0.10846400 0.35740300 0.09994500
v -0.11476700 0.42672200 0.10501600
v -0.09355500 0.45132000 0.12684000
v -0.03363800 0.45901900 0.15824800
v -0.12885600 0.48423200 0.10082400
v -0.13944900 0.55002700 0.10305700
v -0.12176500 0.58316200 0.12702400
v -0.04164000 0.58299600 0.16202500
v -0.00067500 0.54985300 0.16729600
v -0.00467700 0.48366500 0.16472600
v -0.12232500 0.33004200 0.07670700
v -0.13444400 0.32486700 0.02809100
v -0.14357500 0.35743200 -0.00013700
v -0.15783600 0.42143900 -0.00257600
v -0.15844700 0.45288900 0.02474800
v -0.13534500 0.45577400 0.08137700
v -0.16672600 0.48555700 -0.00545800
v -0.17096600 0.54992000 -0.01666800
v -0.16957800 0.58231800 0.01188500
v -0.15305400 0.58258900 0.07625700
v -0.13181500 0.32739900 -0.02817900
v -0.11171900 0.33139200 -0.10440500
v -0.10100300 0.37115800 -0.13179900
v -0.11332900 0.42601700 -0.12290100
v -0.12746300 0.45636300 -0.10291400
v -0.15899400 0.45417600 -0.03263100
v -0.10938900 0.48785300 -0.12831100
v -0.11550200 0.54987200 -0.13282700
v -0.14009400 0.58051300 -0.11237000
v -0.16837000 0.58149900 -0.04975100
v -0.07199700 0.33160700 -0.13951900
v -0.02864700 0.33391000 -0.13785100
v -0.00337800 0.36339800 -0.14861400
v 0.00362800 0.41962600 -0.15880000
v -0.03126800 0.46092300 -0.15824400
v -0.08599500 0.45620800 -0.14274500
v -0.00404600 0.48466000 -0.16342300
v 0.00415900 0.54997000 -0.17017100
v -0.03470000 0.58245200 -0.16897600
v -0.09386700 0.58162700 -0.15097100
v -0.09378200 0.22550100 0.08796500
v -0.10710700 0.29715200 0.09060200
v 0.00321800 0.29421200 0.15258400
v -0.00278500 0.22992100 0.14710300
v -0.02416000 0.19971900 0.13683600
v -0.06393100 0.19781300 0.10767500
v -0.10512700 0.23273400 -0.00157400
v -0.12907100 0.30286000 -0.00387600
v -0.09573500 0.20012700 0.07116200
v -0.09773200 0.20076000 0.02826000
v -0.08427900 0.25215500 -0.11441300
v -0.09049800 0.31027900 -0.13027300
v -0.09240000 0.20528100 -0.01975300
v -0.08338600 0.21464900 -0.08504200
v 0.00240300 0.23553200 -0.08966400
v 0.00291900 0.30150800 -0.12495700
v -0.06179700 0.21665600 -0.10484300
v -0.01598700 0.21639700 -0.08064800
v -0.06404800 0.13022000 0.01009700
v -0.08807600 0.17845600 0.00712800
v -0.08068300 0.17415700 0.08941600
v -0.07357100 0.12120500 0.08036400
v -0.05882800 0.09674700 0.06515300
v -0.05477200 0.10556600 0.03785400
v -0.04767000 0.08537400 0.08546200
v -0.03676200 0.08865200 0.04699900
v -0.00257700 0.17132200 0.14307200
v 0.00224100 0.11105800 0.13525600
v -0.01355100 0.08662800 0.12715300
v -0.05114200 0.09697300 0.09877000
v -0.00145500 0.07580800 0.12988500
v 0.00214300 0.18364200 -0.05630000
v -0.00184500 0.14273200 -0.02553200
v -0.00139400 0.10287200 0.02576000
v -0.06391000 0.19620600 -0.09275700
v -0.05624100 0.13589900 -0.05153900
v -0.04130700 0.12199600 -0.03724600
v -0.01613700 0.12349000 -0.01167700
v -0.05128900 0.11055700 0.00745600
v -0.04747300 0.11367000 -0.03070400
v -0.01989600 0.43831400 0.16004500
v -0.01916200 0.40953200 0.15873700
v -0.04955200 0.40168500 0.14647000
v -0.04796800 0.43448400 0.15030200
v -0.01857700 0.37660000 0.15757900
v -0.01063600 0.34345800 0.15675800
v -0.03887100 0.34388600 0.14480700
v -0.04430100 0.37283500 0.14650500
v -0.06980800 0.36915000 0.12996000
v -0.06724700 0.34039100 0.12554800
v -0.09554500 0.34497300 0.10770000
v -0.09758800 0.36945800 0.11074100
v -0.07961900 0.43484300 0.13297100
v -0.07599500 0.40203000 0.13070300
v -0.10723100 0.41034300 0.10923200
v -0.10551200 0.44308300 0.11630400
v -0.11619600 0.46773200 0.11205800
v -0.12337800 0.50073300 0.11264300
v -0.09383200 0.50087700 0.13628700
v -0.08599500 0.46778700 0.13522600
v -0.12929600 0.53370700 0.11385300
v -0.13257400 0.56658300 0.11568100
v -0.10240300 0.56684800 0.13875300
v -0.09967400 0.53392900 0.13719200
v -0.06123800 0.53367800 0.15431000
v -0.06297300 0.56667800 0.15541700
v -0.02054300 0.56639900 0.16597100
v -0.02003900 0.53336700 0.16487100
v -0.05214000 0.46746700 0.15261700
v -0.05738000 0.50058000 0.15382000
v -0.01877800 0.50026100 0.16408400
v -0.02135500 0.46718400 0.16183600
v -0.12634900 0.44324900 0.09415900
v -0.12543300 0.40262900 0.08649700
v -0.13824800 0.40349200 0.06081500
v -0.13972100 0.43569300 0.06774500
v -0.11901200 0.37399500 0.09084800
v -0.11686800 0.34560500 0.08870500
v -0.12840000 0.33870700 0.06551600
v -0.13164600 0.37090800 0.06665200
v -0.14025200 0.37204300 0.04071100
v -0.13537000 0.34005000 0.04078300
v -0.13956000 0.34111600 0.01440100
v -0.14588600 0.37298300 0.01327600
v -0.15143200 0.43644200 0.03970800
v -0.14682700 0.40435700 0.03692900
v -0.15273400 0.40506600 0.01224100
v -0.15960200 0.43713500 0.01104900
v -0.16377100 0.46925700 0.00958100
v -0.16755300 0.50967100 0.00036200
v -0.16024100 0.50942000 0.02983900
v -0.15496000 0.46874000 0.03859700
v -0.16917600 0.53387000 -0.00097000
v -0.17122500 0.56610700 -0.00285500
v -0.16531800 0.56616800 0.02856800
v -0.16315200 0.54187000 0.02910200
v -0.15272800 0.53366400 0.06010200
v -0.15660500 0.56622100 0.06064500
v -0.14680300 0.56634700 0.09054100
v -0.14312100 0.53361000 0.08911400
v -0.14616800 0.46837600 0.06034300
v -0.14891300 0.50102800 0.05982800
v -0.13818000 0.50080200 0.08812500
v -0.13341200 0.46795000 0.08804100
v -0.16009800 0.43784700 -0.01747000
v -0.15295300 0.40594600 -0.01640000
v -0.14678300 0.41513000 -0.04693900
v -0.15263700 0.44669300 -0.04752300
v -0.14557900 0.37398000 -0.01532500
v -0.13873700 0.34221700 -0.01373200
v -0.13028700 0.34400300 -0.05068000
v -0.13674500 0.37557300 -0.05120800
v -0.12600200 0.37710600 -0.08603400
v -0.12026300 0.34574800 -0.08732400
v -0.10718000 0.35528200 -0.12211000
v -0.11178800 0.38268800 -0.12013300
v -0.13643300 0.44008900 -0.08340200
v -0.13033000 0.40894000 -0.08810300
v -0.11598200 0.41023900 -0.11776200
v -0.12297800 0.44118400 -0.10989800
v -0.11890000 0.47221400 -0.11688400
v -0.11965600 0.50308400 -0.11810300
v -0.13978100 0.50235300 -0.08598900
v -0.13797600 0.47116400 -0.08425700
v -0.12348900 0.53408300 -0.12053800
v -0.12818200 0.56508600 -0.12391400
v -0.14969100 0.56499200 -0.09220200
v -0.14440700 0.53367300 -0.08877500
v -0.15865500 0.53762600 -0.06124400
v -0.16232800 0.56532000 -0.06416100
v -0.17038000 0.56581100 -0.03285900
v -0.16819400 0.53782100 -0.03043100
v -0.15558300 0.47822200 -0.04879000
v -0.15492800 0.50992900 -0.05866400
v -0.16579100 0.50982900 -0.02826000
v -0.16440900 0.46974500 -0.01880600
v -0.10396800 0.44150100 -0.13235500
v -0.09567300 0.41014100 -0.13707500
v -0.06947400 0.40807200 -0.14681900
v -0.07878100 0.44010200 -0.14529100
v -0.09199500 0.38268100 -0.13830500
v -0.08764900 0.35535400 -0.13877000
v -0.06198400 0.34553300 -0.14171400
v -0.06608500 0.37665200 -0.14520500
v -0.03840100 0.37368400 -0.14777100
v -0.03992600 0.35051600 -0.14255100
v -0.01641100 0.34821100 -0.14322600
v -0.01040200 0.37555900 -0.15127000
v -0.04972000 0.43784400 -0.15323100
v -0.04043800 0.40537400 -0.15231700
v -0.01090100 0.40362300 -0.15636600
v -0.01153100 0.44411000 -0.16026600
v -0.01977400 0.47677100 -0.16116700
v -0.01618500 0.50512600 -0.16421600
v -0.04449300 0.50981100 -0.15881100
v -0.04320400 0.46947800 -0.15623900
v -0.01252100 0.53776400 -0.16814500
v -0.01282800 0.56630400 -0.17109700
v -0.04703500 0.56638400 -0.16442800
v -0.04557000 0.53411400 -0.16104600
v -0.07605900 0.53462400 -0.15148500
v -0.07864800 0.56626600 -0.15487500
v -0.10561100 0.56573800 -0.14270700
v -0.10198200 0.53463200 -0.13931300
v -0.07282500 0.47108600 -0.14817300
v -0.07383800 0.50279500 -0.14922100
v -0.09904800 0.50341300 -0.13715300
v -0.09842400 0.47230500 -0.13635200
v -0.08225400 0.20959400 0.09601400
v -0.08747700 0.24084600 0.09764300
v -0.06268100 0.23997300 0.11388100
v -0.05919100 0.20875300 0.11260200
v -0.09409100 0.28076400 0.09867200
v -0.09217200 0.31259800 0.10419400
v -0.06415100 0.31187000 0.12132200
v -0.06744300 0.27993000 0.11463300
v -0.03391200 0.27868600 0.13682700
v -0.03637800 0.31106700 0.13999500
v -0.00989100 0.31054800 0.15299700
v -0.00917900 0.27807900 0.14951700
v -0.03592100 0.21528700 0.13008200
v -0.03789400 0.24680500 0.13122700
v -0.01441500 0.24600800 0.14517600
v -0.01373700 0.21447200 0.14347800
v -0.10161400 0.21650900 0.01080100
v -0.11090900 0.24743100 0.01066500
v -0.11051300 0.24594000 0.03423300
v -0.10181000 0.21494000 0.03384800
v -0.12442000 0.28665200 0.01006100
v -0.13283400 0.31365200 0.01549200
v -0.12988300 0.31242700 0.04073200
v -0.12297100 0.28537500 0.03458800
v -0.11993200 0.28356100 0.05787900
v -0.12443400 0.31081500 0.06448000
v -0.11359300 0.31340300 0.08651300
v -0.11187600 0.28183000 0.08000200
v -0.10114000 0.21287100 0.05574600
v -0.10914100 0.24394200 0.05671900
v -0.10319100 0.24199900 0.07857100
v -0.09635000 0.21081500 0.07698200
v -0.08687300 0.23689600 -0.10003700
v -0.09386400 0.26591100 -0.10718500
v -0.09898100 0.25604900 -0.07833700
v -0.09076600 0.22609900 -0.06875700
v -0.09647500 0.29531700 -0.11878900
v -0.10183900 0.32479100 -0.12197500
v -0.11419100 0.31529400 -0.08605700
v -0.10709000 0.28557200 -0.08262200
v -0.11382200 0.28277700 -0.04536800
v -0.12297100 0.31315400 -0.04843400
v -0.13169800 0.31488900 -0.01179400
v -0.12163900 0.28835900 -0.01716600
v -0.09634100 0.22962100 -0.04072700
v -0.10495900 0.25616200 -0.04298600
v -0.10801100 0.24959100 -0.01525300
v -0.09827300 0.21892300 -0.01411300
v -0.00684300 0.22880100 -0.08615000
v -0.00739000 0.25750800 -0.10202700
v -0.02870000 0.26052500 -0.10771200
v -0.02680800 0.23187000 -0.09320500
v -0.00807500 0.28690900 -0.11762800
v -0.01501500 0.31732600 -0.13177300
v -0.03683500 0.31985400 -0.13354900
v -0.03092000 0.28972500 -0.12127300
v -0.05409600 0.28961400 -0.12820800
v -0.05756800 0.31530600 -0.13560800
v -0.08243900 0.32490700 -0.13692800
v -0.07759600 0.29550100 -0.13220700
v -0.05210300 0.22941900 -0.10671800
v -0.05678000 0.26512000 -0.12165100
v -0.07826300 0.26677500 -0.12395800
v -0.07292400 0.23798000 -0.11464700
v -0.05953900 0.11699000 0.02477900
v -0.07106600 0.14164000 0.01751000
v -0.07306200 0.13973900 0.03677800
v -0.05985000 0.10870700 0.04701400
v -0.08408800 0.16802300 0.01380400
v -0.09293500 0.18770100 0.01748600
v -0.09384400 0.18598500 0.03953100
v -0.08583600 0.16631700 0.03540600
v -0.08766400 0.16399200 0.05589700
v -0.09531700 0.19058000 0.06042400
v -0.08961400 0.18856200 0.08078400
v -0.08560900 0.16169200 0.07532800
v -0.06536700 0.10588100 0.06388600
v -0.07597600 0.13371200 0.05787400
v -0.07757200 0.13134100 0.07600200
v -0.06752000 0.10413600 0.07604000
v -0.05211500 0.08935900 0.07126900
v -0.03646100 0.07841000 0.08276700
v -0.05100900 0.09394900 0.05747000
v -0.03558000 0.08143700 0.06070200
v -0.04556700 0.09596300 0.04235800
v -0.05960200 0.10646600 0.09523500
v -0.06892600 0.12996600 0.09259200
v -0.05025400 0.12917100 0.10705200
v -0.04549400 0.10140600 0.10533500
v -0.07418900 0.16038600 0.09314900
v -0.07375600 0.18754200 0.09865100
v -0.05612400 0.17999300 0.11056100
v -0.05308400 0.15289700 0.10860800
v -0.02755900 0.15866500 0.12949000
v -0.03425700 0.18588000 0.12818300
v -0.01319100 0.18509600 0.14152900
v -0.00759700 0.15807900 0.14065600
v -0.02356500 0.09988600 0.12290300
v -0.02534000 0.12482600 0.12533000
v -0.00699700 0.12427600 0.13595900
v -0.00218600 0.09926400 0.13340900
v -0.01756400 0.07597100 0.11563000
v -0.02097500 0.08694900 0.12118000
v -0.03242500 0.08188600 0.10320700
v -0.02656200 0.07427300 0.09482700
v -0.04617000 0.08886200 0.09639300
v -0.00176500 0.13244800 -0.01746000
v -0.00192900 0.15403000 -0.03362300
v -0.02269800 0.15508900 -0.03959800
v -0.01673200 0.13267000 -0.02133300
v -0.00619800 0.17789500 -0.05198200
v -0.00642300 0.20222800 -0.07007500
v -0.02516900 0.20497500 -0.07749100
v -0.02411700 0.17984200 -0.05878400
v -0.04155400 0.17859900 -0.07043200
v -0.04383000 0.20161700 -0.08770800
v -0.06208600 0.20650800 -0.09962000
v -0.06114400 0.18255800 -0.08337400
v -0.03638400 0.13234200 -0.03841700
v -0.03883000 0.15580200 -0.05308800
v -0.04964600 0.15745300 -0.06302500
v -0.05059300 0.12550100 -0.04490000
v -0.03944900 0.10749800 -0.02136000
v -0.02084600 0.09499700 0.01112900
v -0.02751300 0.11402100 -0.01198300
v -0.01727600 0.11590300 -0.00163000
v 0.00282900 0.09550200 0.03500000
v -0.00166400 0.11307600 0.01068300
v -0.05826000 0.12786300 -0.03845500
v -0.05940200 0.14823300 -0.05896300
v -0.06484100 0.14903600 -0.04742700
v -0.05627100 0.12159700 -0.02486500
v -0.06980800 0.18170400 -0.07842800
v -0.07390600 0.20944300 -0.09742300
v -0.08096500 0.19946100 -0.06953900
v -0.07438400 0.17875100 -0.05828900
v -0.07327900 0.16798400 -0.03172500
v -0.08602000 0.19968700 -0.03988400
v -0.09017300 0.18979800 -0.00544900
v -0.08030600 0.17056600 -0.00810400
v -0.05699700 0.12331300 -0.01425200
v -0.06455400 0.14448900 -0.02208400
v -0.06804900 0.14428400 -0.00234300
v -0.05774300 0.11976700 0.00658500
v -0.04563200 0.10019500 0.02853600
v -0.02919900 0.08245000 0.04718500
v -0.02658900 0.08439800 0.03141200
v -0.04308700 0.10360700 0.00710300
v -0.01951400 0.42597600 0.15935900
v -0.03456100 0.40968600 0.15386900
v -0.05056800 0.41810600 0.14729900
v -0.03643200 0.44257100 0.15571300
v -0.01095000 0.36001100 0.15821600
v -0.02472200 0.34363200 0.15203800
v -0.03992700 0.36039900 0.14705100
v -0.03338200 0.37678200 0.15226000
v -0.06841400 0.35271100 0.12755900
v -0.08195200 0.34476100 0.11672000
v -0.09660200 0.35720800 0.10926900
v -0.08412700 0.36933200 0.12024300
v -0.07751300 0.41843100 0.13177600
v -0.08678500 0.40210600 0.12340600
v -0.10299200 0.42669300 0.11526900
v -0.09062200 0.43488900 0.12569500
v -0.11976500 0.48422700 0.11236200
v -0.11193300 0.50083900 0.12343000
v -0.08994200 0.48432700 0.13588500
v -0.10404300 0.46778800 0.12259900
v -0.13126500 0.55015800 0.11479000
v -0.12114900 0.56674900 0.12638100
v -0.10136800 0.55040400 0.13794700
v -0.11805900 0.53385400 0.12457400
v -0.06232800 0.55019200 0.15479800
v -0.04146800 0.56652200 0.16163100
v -0.02037200 0.54989600 0.16541300
v -0.04035400 0.53350000 0.16055400
v -0.05478000 0.48401900 0.15338800
v -0.03783700 0.50039400 0.16001700
v -0.01791200 0.48370500 0.16349900
v -0.03527000 0.47555600 0.15918300
v -0.12422200 0.42690800 0.09359200
v -0.13231300 0.40303600 0.07391300
v -0.13811400 0.42351900 0.06767600
v -0.13392200 0.44352100 0.08129700
v -0.11809900 0.36181900 0.08995700
v -0.12388700 0.34614000 0.07759700
v -0.13006400 0.35478100 0.06611000
v -0.12622100 0.37444000 0.07912500
v -0.13785200 0.35600500 0.04076600
v -0.13776700 0.34064500 0.02777800
v -0.14276500 0.35700300 0.01381400
v -0.14346600 0.37256200 0.02714200
v -0.14868100 0.42033900 0.04009700
v -0.14972200 0.40469400 0.02640600
v -0.15631900 0.42110600 0.01167600
v -0.15610900 0.43681700 0.02539300
v -0.16487400 0.48538800 0.00878800
v -0.16459500 0.50956500 0.01493500
v -0.15600900 0.48496600 0.03801000
v -0.15997800 0.46901100 0.02403000
v -0.17027900 0.54999300 -0.00189700
v -0.16874900 0.56616400 0.01261700
v -0.16429900 0.55402200 0.02885300
v -0.16637700 0.53384000 0.01394500
v -0.15478900 0.54995000 0.06041000
v -0.15178900 0.56628400 0.07601200
v -0.14519600 0.54998700 0.08986900
v -0.14791000 0.53364300 0.07496900
v -0.14745100 0.48469600 0.06001200
v -0.14353700 0.50092500 0.07427500
v -0.13569600 0.48437500 0.08802400
v -0.13994300 0.46816700 0.07446200
v -0.15671400 0.42191000 -0.01690700
v -0.14963000 0.40657800 -0.03130200
v -0.15004700 0.43093700 -0.04712600
v -0.15655700 0.43833600 -0.03207700
v -0.14218400 0.35804900 -0.01462100
v -0.13553100 0.34301400 -0.02929000
v -0.13350000 0.35972600 -0.05114400
v -0.14229900 0.37469600 -0.03065000
v -0.12310400 0.36134700 -0.08691900
v -0.11447800 0.34668200 -0.10445700
v -0.10981900 0.37089600 -0.12112800
v -0.12148800 0.37774000 -0.09854900
v -0.13452500 0.42447100 -0.08347100
v -0.12356100 0.40968400 -0.10380000
v -0.12180800 0.42565100 -0.11019800
v -0.13080800 0.44059000 -0.09519600
v -0.11891600 0.48763000 -0.11737200
v -0.12865000 0.50276100 -0.10482100
v -0.13855100 0.48673500 -0.08500600
v -0.12748600 0.47179700 -0.10333500
v -0.12593000 0.54959100 -0.12219500
v -0.13810100 0.56497000 -0.11082300
v -0.14715800 0.54933600 -0.09048300
v -0.13296000 0.53386200 -0.10743000
v -0.16031600 0.54949500 -0.06249700
v -0.16714200 0.56558000 -0.04827300
v -0.16920800 0.54981700 -0.03146300
v -0.16427700 0.53773000 -0.04555300
v -0.15677600 0.49404600 -0.04969100
v -0.16124400 0.50988100 -0.04313600
v -0.16562600 0.48574900 -0.01960500
v -0.16062900 0.47004200 -0.03329100
v -0.10303200 0.42597200 -0.13266900
v -0.08305600 0.40931000 -0.14277400
v -0.07776600 0.42442000 -0.14511200
v -0.09196800 0.44101100 -0.13967800
v -0.09017600 0.37092900 -0.13866400
v -0.07447100 0.34683900 -0.14124700
v -0.06410900 0.36102400 -0.14374800
v -0.07914800 0.37793900 -0.14276200
v -0.03752100 0.36187400 -0.14538700
v -0.02981300 0.34942300 -0.14263200
v -0.01700300 0.36399800 -0.14776000
v -0.02446100 0.37640300 -0.14992500
v -0.04884800 0.42189200 -0.15231900
v -0.02558800 0.40431900 -0.15455900
v -0.01116800 0.41976800 -0.15828100
v -0.02694000 0.44460400 -0.15809700
v -0.02002700 0.49300500 -0.16241700
v -0.02842500 0.50942500 -0.16245500
v -0.04365800 0.48558300 -0.15706800
v -0.03165100 0.47709500 -0.15909700
v -0.01266100 0.55002500 -0.16944200
v -0.03000200 0.56636500 -0.16829800
v -0.04633400 0.55029100 -0.16271700
v -0.03326600 0.53392500 -0.16404300
v -0.07739900 0.55048600 -0.15310000
v -0.09266400 0.56606800 -0.14924800
v -0.10386700 0.55021000 -0.14093900
v -0.08954900 0.53473300 -0.14585000
v -0.07320400 0.48691500 -0.14857900
v -0.08697600 0.50322700 -0.14370600
v -0.09847500 0.48783600 -0.13662600
v -0.08615800 0.47183300 -0.14288500
v -0.08480300 0.22504600 0.09694300
v -0.07561200 0.24046400 0.10573600
v -0.06088600 0.22418700 0.11337900
v -0.07125400 0.20921900 0.10429200
v -0.09643900 0.29674200 0.09922800
v -0.07842700 0.31226500 0.11241400
v -0.06939000 0.29597200 0.11538400
v -0.08017200 0.27239800 0.10634900
v -0.03510700 0.29483800 0.13814600
v -0.02307900 0.31076000 0.14776000
v -0.00951900 0.29427300 0.15114100
v -0.02147000 0.27832600 0.14442600
v -0.03686500 0.23091500 0.13073500
v -0.02599700 0.24634600 0.13913000
v -0.01405500 0.23010100 0.14432600
v -0.02471100 0.21481600 0.13772300
v -0.10606600 0.23180200 0.01069600
v -0.11080100 0.24673800 0.02262000
v -0.10597400 0.23026300 0.03402200
v -0.10179600 0.21576700 0.02247400
v -0.12961600 0.30222400 0.00947100
v -0.13156700 0.31311800 0.02830300
v -0.12763800 0.30105200 0.03460700
v -0.12387500 0.28607900 0.02251300
v -0.12372600 0.29936800 0.05834300
v -0.12030700 0.31404900 0.07590300
v -0.11481000 0.29776300 0.08059800
v -0.11681100 0.28264500 0.06913200
v -0.10498400 0.22823100 0.05623400
v -0.10704100 0.24291600 0.06774500
v -0.09966900 0.22623300 0.07783000
v -0.09954300 0.21179200 0.06643000
v -0.09050200 0.25140400 -0.10393100
v -0.09660000 0.25733900 -0.09095600
v -0.09467300 0.24129600 -0.07584800
v -0.08886800 0.23008700 -0.08584900
v -0.09916300 0.30996000 -0.12073900
v -0.10886100 0.31638500 -0.10357900
v -0.11078700 0.30038000 -0.08451700
v -0.10385900 0.28659900 -0.09581300
v -0.11861300 0.29794700 -0.04691400
v -0.12672800 0.31219600 -0.03093100
v -0.12679800 0.30377100 -0.01834900
v -0.11682000 0.28153400 -0.02823500
v -0.10119300 0.24474500 -0.04207500
v -0.10811700 0.25881200 -0.03075800
v -0.10296500 0.23410600 -0.01476700
v -0.09571300 0.22069800 -0.02833400
v -0.00710600 0.24301700 -0.09408000
v -0.01777800 0.25879300 -0.10382100
v -0.02774100 0.24609300 -0.10056700
v -0.01653900 0.23011100 -0.08846900
v -0.00849000 0.30178900 -0.12495100
v -0.02741400 0.31866900 -0.13238000
v -0.03225100 0.30449600 -0.12746200
v -0.01929300 0.28810700 -0.11864800
v -0.05551300 0.30056600 -0.13158800
v -0.06956900 0.31666700 -0.13707700
v -0.07994000 0.31010400 -0.13491000
v -0.06571500 0.29104200 -0.13125500
v -0.05499800 0.25076400 -0.11615100
v -0.06780900 0.26631400 -0.12470700
v -0.07572100 0.25237600 -0.11967800
v -0.06330100 0.23761700 -0.11428200
v -0.06497700 0.12898200 0.01965500
v -0.07191700 0.14066600 0.02776800
v -0.06715900 0.12671400 0.03951800
v -0.06005200 0.11403700 0.03689600
v -0.08900400 0.17761200 0.01821300
v -0.09338900 0.18692600 0.02864800
v -0.09039600 0.17586000 0.03996300
v -0.08489800 0.16721900 0.02465800
v -0.09175600 0.17687900 0.06039400
v -0.09338800 0.18948500 0.07070400
v -0.08679200 0.17479600 0.08022400
v -0.08743800 0.16276900 0.06567800
v -0.07196300 0.12403000 0.05847300
v -0.07756700 0.13243300 0.06702900
v -0.06692200 0.12020000 0.09234600
v -0.06022200 0.12954600 0.09986300
v -0.04886000 0.11930900 0.10645000
v -0.05255500 0.10732500 0.10135400
v -0.07167500 0.17376500 0.09776800
v -0.06285600 0.18889500 0.10702200
v -0.05460100 0.16640800 0.10954500
v -0.06454200 0.16002900 0.10108500
v -0.03346400 0.17223100 0.12697600
v -0.02365500 0.18543300 0.13579500
v -0.01292900 0.17149100 0.14031100
v -0.01761500 0.15832500 0.13622600
v -0.02448800 0.11168400 0.12400300
v -0.01618700 0.12449200 0.13166100
v -0.00677400 0.11110200 0.13427900
v -0.01511400 0.09949500 0.12884000
v -0.01414700 0.15459600 -0.03549000
v -0.02163900 0.14337100 -0.03129200
v -0.00629600 0.18993100 -0.06134300
v -0.01554000 0.20342000 -0.07251500
v -0.02460200 0.19232700 -0.06854500
v -0.01495800 0.17877600 -0.05413900
v -0.04251800 0.18846700 -0.07813200
v -0.05282200 0.20268400 -0.09404700
v -0.04954000 0.17919700 -0.07696600
v -0.03687900 0.14354600 -0.04455600
v -0.04781300 0.14782700 -0.05649800
v -0.04268200 0.13198200 -0.04466000
v -0.01575400 0.10477000 0.01284900
v -0.01194100 0.11277300 0.00762900
v -0.07337900 0.19543200 -0.08692900
v -0.07897100 0.20107100 -0.08070900
v -0.07912400 0.19211900 -0.06320300
v -0.07090800 0.17364800 -0.06556900
v -0.07938800 0.18058500 -0.03136400
v -0.08754900 0.19150200 -0.01789400
v -0.08610300 0.17972700 -0.00413900
v -0.07790500 0.17238300 -0.01992100
v -0.06128300 0.13503300 -0.01878900
v -0.06643600 0.14597300 -0.01255800
v -0.06258300 0.13172700 0.00073000
v -0.05688800 0.12133700 -0.00250500
v -0.03895300 0.09910900 0.01707100
v -0.04868600 0.38524900 0.14546400
v -0.01888800 0.39308200 0.15827900
v -0.05511100 0.36891100 0.13946700
v -0.05243000 0.33596500 0.13450800
v -0.07473000 0.38562500 0.12938800
v -0.10570900 0.39400800 0.10815300
v -0.06098500 0.40185500 0.14007800
v -0.06403900 0.43469400 0.14217200
v -0.09716700 0.51741700 0.13665300
v -0.12664200 0.51723000 0.11310600
v -0.08148100 0.53384900 0.14635500
v -0.08377200 0.56680600 0.14764100
v -0.05959400 0.51713800 0.15404700
v -0.01950800 0.51681900 0.16446700
v -0.07643100 0.50077300 0.14570200
v -0.06957500 0.46766400 0.14454300
v -0.13605300 0.38732700 0.06063500
v -0.12386900 0.38638000 0.08575400
v -0.13633500 0.37147200 0.05389900
v -0.13232700 0.33938100 0.05337400
v -0.14476500 0.38838600 0.03373700
v -0.15004800 0.38920100 0.00569100
v -0.14339600 0.40398900 0.04728400
v -0.14588100 0.43605600 0.05386900
v -0.16161300 0.52565200 0.02943800
v -0.16833400 0.52177300 -0.00029600
v -0.15765100 0.53369800 0.04475200
v -0.16118500 0.56617900 0.04470000
v -0.15069400 0.51735600 0.05986800
v -0.14072200 0.51721500 0.08848500
v -0.15509200 0.50929000 0.04488000
v -0.15067400 0.46854900 0.04951500
v -0.14321300 0.39926200 -0.04693900
v -0.14772300 0.39029600 -0.02335200
v -0.13155600 0.37630300 -0.06856600
v -0.12545400 0.34483700 -0.06898300
v -0.12900800 0.39293600 -0.08497300
v -0.11369400 0.39450900 -0.11906100
v -0.13807500 0.40801600 -0.06737900
v -0.14352500 0.43947200 -0.06719300
v -0.14181400 0.51800700 -0.08724700
v -0.12126000 0.51857400 -0.11914700
v -0.15272700 0.53363800 -0.07283900
v -0.15757200 0.56514900 -0.07624500
v -0.15697600 0.52575500 -0.06006500
v -0.16713900 0.52582400 -0.02945300
v -0.14829000 0.50212600 -0.07000400
v -0.14605600 0.47073200 -0.06818300
v -0.06788800 0.39235000 -0.14619500
v -0.09369100 0.39445900 -0.13779600
v -0.05242300 0.37515200 -0.14660700
v -0.04906000 0.34396400 -0.14108200
v -0.03947200 0.38949700 -0.15037000
v -0.01062300 0.38756100 -0.15374700
v -0.05516700 0.40667900 -0.14980700
v -0.06462200 0.43896800 -0.14965700
v -0.04500500 0.52195800 -0.15987300
v -0.01237900 0.52549000 -0.16683400
v -0.06135300 0.53438700 -0.15650600
v -0.06338900 0.56635900 -0.15989000
v -0.07481600 0.51871100 -0.15017600
v -0.10027200 0.51902300 -0.13803000
v -0.05951900 0.50224900 -0.15398100
v -0.05843200 0.47024500 -0.15253000
v -0.06455100 0.25592200 0.11416500
v -0.09152500 0.26478900 0.09829400
v -0.04646600 0.27512700 0.12771800
v -0.04920700 0.30334600 0.12981900
v -0.03283600 0.26259300 0.13595500
v -0.00888500 0.26195100 0.14818800
v -0.05044300 0.24736300 0.12255600
v -0.04769700 0.21584600 0.12155700
v -0.11795900 0.26963500 0.03449000
v -0.11893200 0.27101300 0.01044700
v -0.12176900 0.28451200 0.04635700
v -0.12763300 0.31163000 0.05279500
v -0.11570500 0.26772400 0.05741600
v -0.10854400 0.26589100 0.07946200
v -0.11007600 0.24499000 0.04556400
v -0.10169300 0.21396100 0.04491600
v -0.10313800 0.27081100 -0.08055200
v -0.09698000 0.28041900 -0.10998700
v -0.11061900 0.28414000 -0.06387800
v -0.11877600 0.31418700 -0.06717900
v -0.10878000 0.26758700 -0.04394700
v -0.11616300 0.27290500 -0.01620000
v -0.10139600 0.25417800 -0.06038500
v -0.09437000 0.23176300 -0.05749600
v -0.02974000 0.27507900 -0.11464400
v -0.00770900 0.27215700 -0.10993100
v -0.04234900 0.28786000 -0.12380500
v -0.04532300 0.31365000 -0.13291100
v -0.05854300 0.27953300 -0.12661700
v -0.08063700 0.28118700 -0.12763600
v -0.04556300 0.26340600 -0.11625500
v -0.04189500 0.22776200 -0.09990400
v -0.07729300 0.14567000 0.04248900
v -0.07801900 0.15433900 0.02085600
v -0.08689200 0.16522700 0.04584100
v -0.09596400 0.19174500 0.05002200
v -0.08066800 0.14311000 0.06192800
v -0.07916000 0.14096400 0.08027400
v -0.07371400 0.13505100 0.04835800
v -0.06250200 0.10727600 0.05562200
v -0.04629800 0.13915700 0.11151700
v -0.06646200 0.13986800 0.09654300
v -0.03774100 0.15905400 0.12148000
v -0.04532400 0.18640000 0.11966400
v -0.02673000 0.14528400 0.12781100
v -0.00738300 0.14473900 0.13885000
v -0.03477900 0.12523300 0.11797800
v -0.03543400 0.10067300 0.11333300
v -0.02354000 0.16741000 -0.04884800
v -0.03302000 0.17772400 -0.06294100
v -0.03447800 0.20017600 -0.08010600
v -0.04050600 0.16875500 -0.06269500
v -0.03105800 0.15550000 -0.04582200
v -0.03029400 0.13125200 -0.03116800
v -0.01861900 0.08153900 0.02788900
v -0.01656100 0.09070700 0.02297200
v -0.02531700 0.10927600 -0.00432000
v -0.07389100 0.17323700 -0.04414900
v -0.08436700 0.20202600 -0.05501300
v -0.06876800 0.15604400 -0.02608100
v -0.07520000 0.15656800 -0.00000300
v -0.06577800 0.14965500 -0.03404200
v -0.04239900 0.10351400 -0.00182300
v -0.00391200 0.40946500 0.16095800
v -0.00401100 0.44237200 0.16234300
v -0.00384400 0.37651300 0.16008500
v 0.00344000 0.34342700 0.15803400
v -0.03766300 0.32741700 0.14231600
v -0.01027400 0.32694300 0.15494700
v -0.06596400 0.32811900 0.12356700
v -0.09397200 0.32872300 0.10573400
v -0.10938400 0.36961500 0.10113700
v -0.10749800 0.34521000 0.09870000
v -0.11707600 0.40231500 0.09821900
v -0.11710100 0.44308900 0.10582700
v -0.08246400 0.45128800 0.13421400
v -0.10778300 0.45540100 0.11694300
v -0.04980400 0.45094900 0.15152400
v -0.02043500 0.45066900 0.16082900
v -0.13194800 0.50070100 0.10102100
v -0.12589200 0.46776800 0.10069200
v -0.13742800 0.53360500 0.10217700
v -0.14088900 0.56643100 0.10386700
v -0.10292900 0.58327000 0.13936100
v -0.13328900 0.58299300 0.11630200
v -0.06328700 0.58313700 0.15589600
v -0.02059000 0.58288100 0.16630200
v -0.00067800 0.53332000 0.16672600
v -0.00063600 0.56636100 0.16781900
v -0.00048200 0.50021500 0.16565300
v -0.00434400 0.46712200 0.16382200
v -0.12634000 0.32272900 0.06491400
v -0.11542300 0.32945100 0.08751300
v -0.13245600 0.32422000 0.04076900
v -0.13593200 0.32537200 0.01502800
v -0.14689100 0.37339200 -0.00081900
v -0.14018500 0.34156700 0.00065700
v -0.15410800 0.40542700 -0.00199200
v -0.16122800 0.43743600 -0.00320900
v -0.15354600 0.45256500 0.03919800
v -0.16211800 0.45317300 0.01034600
v -0.14157000 0.45195700 0.06768400
v -0.12803500 0.45553200 0.09441300
v -0.16811800 0.50974800 -0.01390500
v -0.16555900 0.46947700 -0.00465100
v -0.16983000 0.53385500 -0.01550800
v -0.17192600 0.56598300 -0.01786200
v -0.16639300 0.58235900 0.02810500
v -0.17189400 0.58221900 -0.00383100
v -0.15796400 0.58248400 0.06069000
v -0.14787300 0.58269800 0.09095200
v -0.12683800 0.32847700 -0.04974600
v -0.13491300 0.32654200 -0.01266200
v -0.11732600 0.33039100 -0.08704000
v -0.10451800 0.33988900 -0.12243700
v -0.10291200 0.38293200 -0.13101200
v -0.09839400 0.35556100 -0.13248900
v -0.10683200 0.41043300 -0.12898000
v -0.11430700 0.44153200 -0.12254400
v -0.13748800 0.45563000 -0.08371000
v -0.11907200 0.45682000 -0.11659500
v -0.15437500 0.46244000 -0.04808000
v -0.16267900 0.45378000 -0.01810200
v -0.10999500 0.50333000 -0.12891700
v -0.10942300 0.47241600 -0.12795700
v -0.11334100 0.53436200 -0.13118800
v -0.11749700 0.56535500 -0.13456700
v -0.15174700 0.58064500 -0.09375900
v -0.12999300 0.58056900 -0.12547900
v -0.16396200 0.58114900 -0.06570900
v -0.17125100 0.58180900 -0.03421200
v -0.05976400 0.33027700 -0.13900200
v -0.08504400 0.33998400 -0.13822500
v -0.03841400 0.33505100 -0.13838500
v -0.01573800 0.33262600 -0.13786400
v 0.00345400 0.37536000 -0.15165300
v -0.00324900 0.34755600 -0.14386300
v 0.00357500 0.40346200 -0.15684500
v 0.00370600 0.44399100 -0.16083200
v -0.04271600 0.45339900 -0.15557100
v -0.01951600 0.46054000 -0.16021700
v -0.07245400 0.45530200 -0.14789600
v -0.09847500 0.45681100 -0.13624800
v -0.00409100 0.50093100 -0.16492200
v -0.00400000 0.46839700 -0.16226300
v 0.00407700 0.53360500 -0.16842800
v 0.00423600 0.56626300 -0.17182600
v -0.04760600 0.58237000 -0.16604700
v -0.01296200 0.58247300 -0.17257300
v -0.07966000 0.58195300 -0.15661300
v -0.10700200 0.58122000 -0.14437900
v -0.09689100 0.24129300 0.08873000
v -0.09082900 0.21006000 0.08702600
v -0.10450500 0.28118900 0.09002500
v -0.10426300 0.31292400 0.09592900
v 0.00312400 0.27800900 0.15078300
v 0.00330500 0.31049700 0.15452900
v -0.00285000 0.24582600 0.14810500
v -0.00272700 0.21429400 0.14617400
v -0.03505400 0.20018100 0.12922300
v -0.01345100 0.19937700 0.14256100
v -0.05466000 0.19386200 0.11373900
v -0.07532100 0.19821500 0.09941900
v -0.11009500 0.24831100 -0.00178800
v -0.10054300 0.21748100 -0.00124600
v -0.12381300 0.28735400 -0.00297800
v -0.13317100 0.31415500 0.00224000
v -0.09787500 0.20119100 0.06069500
v -0.09172200 0.19922400 0.08140300
v -0.09789900 0.19983700 0.03932000
v -0.09751500 0.20152800 0.01690100
v -0.08721200 0.26660000 -0.11817200
v -0.08106200 0.23770400 -0.10992800
v -0.08799900 0.29566300 -0.12805200
v -0.09308000 0.32509300 -0.13177400
v -0.09170700 0.21489000 -0.03895300
v -0.09500200 0.20359700 -0.00672900
v -0.08589800 0.21483200 -0.07432500
v -0.08307600 0.22255700 -0.09529900
v 0.00249800 0.24991100 -0.09768900
v 0.00231900 0.22154900 -0.08169200
v 0.00278900 0.28661400 -0.11753200
v -0.00293300 0.31658300 -0.13188200
v -0.05248300 0.21588400 -0.10087400
v -0.02591900 0.21808800 -0.08558000
v -0.00660800 0.21512300 -0.07821600
v -0.06990300 0.14278800 0.00753700
v -0.05883600 0.11828400 0.01555600
v -0.08267300 0.16906200 0.00298100
v -0.09211200 0.18853300 0.00616900
v -0.08143100 0.16088100 0.08464100
v -0.08313800 0.18793300 0.09016600
v -0.07495800 0.13051800 0.08467500
v -0.06462700 0.10287800 0.08782500
v 0.00255500 0.15802500 0.14154000
v -0.00262500 0.18492300 0.14423900
v 0.00232100 0.12423000 0.13694400
v -0.03787400 0.09163300 0.10788600
v -0.05613300 0.09339700 0.09044400
v 0.00211400 0.17468100 -0.04924700
v 0.00218600 0.19574000 -0.06532900
v -0.03487600 0.12374000 -0.03116800
v -0.05101300 0.11203900 -0.00154200
v -0.04906800 0.10645800 0.01591900
v -0.04867600 0.11016400 -0.01868000
v 0.12444700 0.58179600 -0.12830900
v 0.17279900 0.58207900 -0.01214400
v 0.14448200 0.58307900 0.10175100
v 0.11103200 0.32123500 0.09404400
v 0.13539700 0.32622900 -0.00545000
v 0.09334100 0.33261400 -0.13225800
v 0.12405200 0.45542400 0.10694900
v 0.16072500 0.45349900 -0.00375700
v 0.11271400 0.46508800 -0.12688100
v 0.08992600 0.20257100 0.08399900
v 0.09538900 0.21015600 -0.00148400
v 0.07221000 0.21646300 -0.10135600
v 0.04771900 0.10525500 0.02016600
v 0.05958500 0.09455900 0.07979500
v 0.06337800 0.38548100 0.13747100
v 0.07741200 0.51729500 0.14870100
v 0.14341400 0.39193900 0.04754800
v 0.15923100 0.52545500 0.04911900
v 0.13258900 0.39216300 -0.06793300
v 0.15268500 0.51818500 -0.06633300
v 0.06129000 0.39558100 -0.14780400
v 0.06796500 0.51862400 -0.15217600
v 0.05149600 0.26341500 0.12199800
v 0.11637800 0.26838200 0.05036300
v 0.10207500 0.26911600 -0.06185900
v 0.04505900 0.27764200 -0.12089600
v 0.08193100 0.15188200 0.04618800
v 0.04099700 0.14577600 0.11527500
v 0.03065000 0.16640200 -0.05295600
v 0.01249300 0.08402600 0.03560900
v 0.06613300 0.16301600 -0.03941500
v 0.01966800 0.07588000 0.03557600
v 0.05782300 0.31984800 0.13113000
v 0.11745400 0.39415300 0.09934000
v 0.06802700 0.45119900 0.14383900
v 0.13585500 0.51734600 0.10692600
v 0.08061100 0.58333200 0.15067700
v 0.13275500 0.32401300 0.04684700
v 0.15068500 0.39373200 -0.00858000
v 0.14893400 0.46041400 0.05342300
v 0.16757500 0.51777900 -0.00787500
v 0.16629500 0.58240000 0.04806700
v 0.11953600 0.32940900 -0.06838100
v 0.10946100 0.39859300 -0.12484400
v 0.14525200 0.45504100 -0.06331300
v 0.11827300 0.51967200 -0.12220300
v 0.16103600 0.58129100 -0.07278900
v 0.04731500 0.32870300 -0.13743600
v 0.05870900 0.46227200 -0.15228100
v 0.07176600 0.58225900 -0.15867000
v 0.09638400 0.26505800 0.09215200
v 0.04014600 0.20042800 0.12262500
v 0.11709500 0.27138100 0.00362000
v 0.10094600 0.20663800 0.04336600
v 0.08570800 0.27376200 -0.11879500
v 0.08384500 0.21237200 -0.05730100
v 0.04217200 0.21443800 -0.09306600
v 0.07113900 0.14877200 0.01124000
v 0.07885100 0.14739400 0.08350200
v 0.05764900 0.10313300 0.05261700
v 0.02617400 0.07478800 0.05701200
v 0.03310100 0.09126600 0.11157400
v 0.06503500 0.16908700 -0.06646900
v 0.02634700 0.12300000 -0.02114100
v 0.02209000 0.08612800 0.01565400
v 0.04680100 0.11074100 -0.01158600
v 0.02739400 0.42609300 0.15675000
v 0.03235800 0.36030700 0.15148200
v 0.08277600 0.35296900 0.12167000
v 0.08974800 0.41851100 0.12568100
v 0.10903200 0.48440300 0.12688100
v 0.11602800 0.55052400 0.12826900
v 0.03851600 0.55005600 0.16288500
v 0.03538900 0.48384900 0.15983400
v 0.13702000 0.42743500 0.07486800
v 0.12940500 0.35452600 0.07312400
v 0.14334300 0.35690000 0.02084100
v 0.15420000 0.42885300 0.02587800
v 0.16060500 0.49336200 0.02187700
v 0.16892700 0.54996800 0.01789400
v 0.15314700 0.55001400 0.07976600
v 0.14451100 0.48853500 0.08088400
v 0.15076600 0.42246300 -0.03150900
v 0.13536100 0.35922300 -0.03820300
v 0.11397700 0.36242900 -0.10778700
v 0.12677300 0.42521500 -0.09923800
v 0.13282600 0.48772500 -0.09870900
v 0.14076700 0.55025100 -0.09959100
v 0.16713300 0.54976500 -0.03859100
v 0.15923600 0.48600000 -0.03383600
v 0.09155000 0.42549700 -0.13990000
v 0.07685600 0.36236000 -0.14243300
v 0.02393800 0.36451800 -0.14719000
v 0.03359500 0.42080300 -0.15512700
v 0.02794100 0.49313300 -0.16111000
v 0.03784800 0.55016500 -0.16489600
v 0.09740400 0.55102700 -0.14233300
v 0.09507600 0.48812500 -0.13883000
v 0.07379400 0.23253000 0.10238900
v 0.07513800 0.28827500 0.11195800
v 0.02862100 0.29466900 0.14386300
v 0.01958500 0.23023500 0.14056200
v 0.10744000 0.23897400 0.02163700
v 0.12862900 0.30152700 0.02809400
v 0.11816000 0.29832200 0.07479100
v 0.10535300 0.23509800 0.06524300
v 0.08940000 0.24457900 -0.08846500
v 0.10139700 0.30181600 -0.10562800
v 0.11832300 0.29713000 -0.03386400
v 0.09917200 0.24338500 -0.02997300
v 0.02228800 0.24515400 -0.09755900
v 0.02632200 0.30369800 -0.12639400
v 0.06648300 0.30199000 -0.13366600
v 0.06269200 0.24469700 -0.11571200
v 0.06456300 0.12793000 0.02943200
v 0.09075900 0.18033000 0.02818700
v 0.09181000 0.17577700 0.06864300
v 0.07411100 0.12275700 0.06700500
v 0.04373100 0.08663000 0.06516300
v 0.04549200 0.09234300 0.05385900
v 0.05610600 0.11348700 0.09901700
v 0.05954600 0.16661400 0.10367700
v 0.01789900 0.17164900 0.13692500
v 0.01973700 0.11146900 0.12730400
v 0.01009100 0.07583200 0.12461300
v 0.03769900 0.08284400 0.09553800
v 0.01352100 0.14309000 -0.02761500
v 0.01979900 0.19163300 -0.06533500
v 0.04996100 0.18920600 -0.08369100
v 0.04378300 0.13585700 -0.04854600
v 0.03568000 0.10016400 -0.00739200
v 0.01170700 0.09995400 0.02215100
v 0.05879900 0.13813700 -0.03999400
v 0.07423300 0.19416500 -0.07639200
v 0.08058900 0.18482900 -0.01669500
v 0.05796800 0.13336000 -0.00875200
v 0.03028600 0.09156000 0.02007100
v 0.02585200 0.38495900 0.15541900
v 0.06090400 0.35259600 0.13534300
v 0.08548200 0.38571900 0.12394900
v 0.06278600 0.41830300 0.14124600
v 0.11389300 0.51750100 0.12757400
v 0.07945400 0.55037100 0.14975100
v 0.03726000 0.51695300 0.16175900
v 0.07353900 0.48420500 0.14685700
v 0.13314700 0.39494000 0.07437600
v 0.13842500 0.35578800 0.04747400
v 0.15003000 0.39291900 0.01985100
v 0.14675500 0.42813500 0.05072100
v 0.16435600 0.51762700 0.01980000
v 0.16364000 0.55393300 0.04829800
v 0.14918600 0.51722700 0.07989800
v 0.15331800 0.49291300 0.05134100
v 0.14202600 0.39099600 -0.03873200
v 0.12631100 0.36051900 -0.06901300
v 0.12118000 0.39372400 -0.10138400
v 0.14018800 0.42360900 -0.06298400
v 0.13463300 0.51906700 -0.10013500
v 0.15719800 0.54976100 -0.06947100
v 0.16332600 0.51790000 -0.03589300
v 0.14878100 0.48655900 -0.06431000
v 0.08803000 0.39805800 -0.14067600
v 0.05093700 0.35951300 -0.14424500
v 0.03216500 0.38888200 -0.15129800
v 0.06372100 0.42318000 -0.14921600
v 0.03274100 0.52164800 -0.16293100
v 0.06975500 0.55061400 -0.15512000
v 0.09532500 0.51961600 -0.13961600
v 0.06707900 0.48663000 -0.15062400
v 0.07169300 0.26423700 0.10874100
v 0.05416500 0.28752400 0.12543600
v 0.02668400 0.26237400 0.13959300
v 0.04233400 0.23118500 0.12408800
v 0.11771600 0.27013400 0.02779400
v 0.12565500 0.30000200 0.05185100
v 0.11074800 0.26646600 0.07217100
v 0.10804800 0.23721700 0.04392600
v 0.09658800 0.27191300 -0.09282900
v 0.11136500 0.29910900 -0.06552000
v 0.11033300 0.26964700 -0.02374800
v 0.09314700 0.23862500 -0.05388800
v 0.02407000 0.27420200 -0.11259400
v 0.04491900 0.29910900 -0.12833200
v 0.06707300 0.27346600 -0.12587400
v 0.04330700 0.24898600 -0.10899900
v 0.07873700 0.15341500 0.03223900
v 0.09368100 0.17819800 0.04892100
v 0.08433500 0.14931100 0.06521400
v 0.06930700 0.12545500 0.04894600
v 0.06199500 0.14650400 0.09945500
v 0.03819200 0.17245500 0.12118400
v 0.02159400 0.14512700 0.13095800
v 0.03730500 0.11243200 0.11329400
v 0.02300300 0.07623700 0.10679400
v 0.01897300 0.16701900 -0.04618600
v 0.03237900 0.19191600 -0.07267100
v 0.05040200 0.16401100 -0.06776800
v 0.02786000 0.14201200 -0.03562200
v 0.02483100 0.09880600 0.00048700
v 0.06532200 0.16241200 -0.05402300
v 0.07366500 0.18304700 -0.04625100
v 0.06598400 0.15166400 -0.00893600
v 0.05817100 0.13672600 -0.02868700
v 0.02330500 0.07626600 0.04663000
v 0.03104700 0.09241500 0.01009900
v 0.03068300 0.32729900 0.14853900
v 0.07946000 0.32041900 0.11744600
v 0.11426300 0.35350100 0.09722000
v 0.12223100 0.42679600 0.10041900
v 0.10100900 0.45137600 0.12532700
v 0.03365300 0.45906500 0.15782400
v 0.13084100 0.48429300 0.10717600
v 0.13835200 0.55032400 0.10730200
v 0.11724700 0.58342400 0.12922100
v 0.03920200 0.58304500 0.16372500
v 0.12537100 0.32252000 0.07110500
v 0.13617100 0.32525400 0.02158700
v 0.14318900 0.35780000 -0.00713900
v 0.15654400 0.42150200 -0.00243200
v 0.15727100 0.46103700 0.02439600
v 0.13933800 0.45987700 0.08165200
v 0.16370000 0.48561500 -0.00558700
v 0.17109800 0.54992600 -0.01012100
v 0.17136500 0.58230000 0.01667300
v 0.15859100 0.58264200 0.07247800
v 0.12901000 0.32765300 -0.03226300
v 0.10799700 0.33161500 -0.10834000
v 0.09907900 0.36335100 -0.13237100
v 0.11375500 0.42606000 -0.12288400
v 0.13104800 0.45646000 -0.09856300
v 0.15565000 0.45416900 -0.03247800
v 0.11789800 0.48844100 -0.12132100
v 0.12095200 0.55080100 -0.12498000
v 0.14495700 0.58145100 -0.10290500
v 0.16953100 0.58163000 -0.04140500
v 0.07177700 0.33166000 -0.13960900
v 0.02227100 0.33322900 -0.13781900
v 0.02721500 0.46074800 -0.15903300
v 0.08774700 0.45637800 -0.14244100
v 0.03461400 0.58238000 -0.16916500
v 0.10016300 0.58216800 -0.14584300
v 0.09503500 0.23340000 0.08557100
v 0.10223300 0.29702700 0.09581900
v 0.01867600 0.19952700 0.13877900
v 0.06984100 0.20169600 0.10092800
v 0.10498100 0.24050900 -0.00226400
v 0.12876900 0.30256300 0.00265700
v 0.09929200 0.20436700 0.06404800
v 0.09898100 0.20848700 0.02159800
v 0.07997800 0.24485100 -0.11090300
v 0.08732800 0.30293600 -0.12877700
v 0.08927500 0.21337100 -0.02759400
v 0.08357700 0.22071500 -0.07962400
v 0.06390000 0.21837100 -0.10454500
v 0.02082200 0.21719400 -0.08215000
v 0.06148100 0.13026900 0.01008600
v 0.08675900 0.18192500 0.00634500
v 0.08109500 0.17417300 0.08744600
v 0.07104900 0.11500100 0.08009300
v 0.06160000 0.10103600 0.06442300
v 0.05142700 0.10436700 0.03358500
v 0.04935800 0.08715000 0.08112700
v 0.03552300 0.09020600 0.04299700
v 0.01708200 0.08676000 0.12441000
v 0.04660800 0.09130100 0.09763600
v 0.06103500 0.18931600 -0.08718200
v 0.05400600 0.13583300 -0.05142200
v 0.03597500 0.12232700 -0.03297000
v 0.01250100 0.12354100 -0.00982400
v 0.04815000 0.10970200 0.00757500
v 0.05071500 0.11662600 -0.02784900
v 0.01197000 0.44242100 0.16133800
v 0.01129500 0.40951300 0.15993600
v 0.04171100 0.40160400 0.14993600
v 0.04847200 0.43454200 0.14999000
v 0.01086200 0.37656300 0.15912100
v 0.01751200 0.34356000 0.15556500
v 0.04548900 0.33994500 0.14263800
v 0.04043000 0.37691500 0.14900500
v 0.07323000 0.36920600 0.12989700
v 0.07039800 0.33642500 0.12675500
v 0.10171600 0.33699600 0.10594300
v 0.09857400 0.37762400 0.11408300
v 0.08158800 0.43488600 0.13376600
v 0.07244300 0.40199800 0.13390300
v 0.10857100 0.41034000 0.11068600
v 0.10927600 0.44312000 0.11729700
v 0.11573700 0.46783100 0.11824100
v 0.12258100 0.50091500 0.11880400
v 0.09496800 0.50089400 0.13826200
v 0.08891700 0.46782500 0.13633500
v 0.12910100 0.53395900 0.11607000
v 0.13371600 0.56685400 0.11391800
v 0.09968000 0.56696400 0.14022900
v 0.09806600 0.53397800 0.13922400
v 0.05816800 0.53367400 0.15700300
v 0.05950300 0.56672300 0.15804900
v 0.01891600 0.56642900 0.16674100
v 0.01838300 0.53338400 0.16567100
v 0.05240500 0.46749400 0.15288100
v 0.05588600 0.50055500 0.15561100
v 0.01766400 0.50027300 0.16439900
v 0.01688600 0.47131700 0.16262700
v 0.12980000 0.44326200 0.09476200
v 0.12795300 0.41077100 0.08771200
v 0.14045100 0.40757300 0.06115600
v 0.14213100 0.44386600 0.06805700
v 0.12060900 0.37803900 0.09285200
v 0.12132600 0.33784400 0.08441400
v 0.13242600 0.33914800 0.05983100
v 0.13456400 0.37900100 0.06748500
v 0.14367700 0.38014300 0.04083400
v 0.13839600 0.34048300 0.03441400
v 0.14070000 0.34143000 0.00768400
v 0.14865100 0.38108700 0.01319100
v 0.15116100 0.43650900 0.03992600
v 0.14912800 0.40452500 0.03358600
v 0.15369700 0.40531300 0.00528400
v 0.15793900 0.43720900 0.01123000
v 0.16088500 0.46934800 0.00951100
v 0.16434100 0.50160600 0.00706100
v 0.15850000 0.50123900 0.03571300
v 0.15410200 0.46881800 0.03840100
v 0.16871600 0.53386400 0.00466300
v 0.17169700 0.56610800 0.00287000
v 0.16841300 0.56611700 0.03231500
v 0.16421500 0.53368300 0.03338100
v 0.15628800 0.53357300 0.06445400
v 0.16158100 0.56619400 0.06035900
v 0.15136300 0.56647900 0.08749300
v 0.14543200 0.53371800 0.09393200
v 0.14670900 0.47642900 0.06711500
v 0.15156200 0.50499000 0.06554000
v 0.14143000 0.50078700 0.09431400
v 0.13602500 0.47197500 0.09483700
v 0.15726700 0.43786600 -0.01732900
v 0.14991800 0.40628300 -0.02361200
v 0.13995000 0.40749700 -0.05493800
v 0.14853000 0.43879100 -0.04719900
v 0.14685300 0.38203900 -0.01544500
v 0.13629600 0.34267300 -0.02126400
v 0.12990500 0.35187700 -0.05092100
v 0.13566500 0.37956200 -0.05108600
v 0.12400600 0.37710800 -0.08612000
v 0.11796400 0.34576200 -0.08740600
v 0.10456300 0.34755900 -0.12247900
v 0.11013500 0.37874300 -0.12064100
v 0.13557700 0.44015000 -0.08320400
v 0.13003200 0.40873100 -0.08409700
v 0.11909400 0.40998300 -0.11117200
v 0.12398800 0.44130900 -0.10957200
v 0.12235000 0.47269400 -0.11554600
v 0.12491300 0.50384800 -0.11272400
v 0.14163400 0.50288300 -0.08448000
v 0.13916100 0.47144900 -0.08340000
v 0.12684100 0.53506200 -0.11475000
v 0.13316500 0.56609500 -0.11487000
v 0.15194600 0.56563900 -0.08664400
v 0.14530000 0.53433300 -0.08699500
v 0.16093600 0.53385700 -0.05229000
v 0.16473300 0.56555400 -0.05546100
v 0.17111300 0.56585400 -0.02527800
v 0.16836500 0.53384000 -0.02280800
v 0.15273000 0.47037600 -0.04814000
v 0.15657200 0.50211300 -0.04972700
v 0.16441700 0.50181200 -0.02048700
v 0.16089800 0.46977800 -0.01865300
v 0.10557400 0.44165400 -0.13213200
v 0.10146000 0.41037300 -0.13352900
v 0.07641700 0.40876200 -0.14512100
v 0.07961000 0.44018500 -0.14529700
v 0.09115900 0.37878200 -0.13861500
v 0.08599000 0.34767600 -0.13872800
v 0.06208000 0.34558000 -0.14184800
v 0.06612100 0.37668100 -0.14531700
v 0.03842800 0.37368900 -0.14779600
v 0.03600000 0.34238900 -0.14052700
v 0.00983900 0.34779200 -0.14361200
v 0.01739200 0.37591900 -0.15065400
v 0.04998100 0.44182400 -0.15351800
v 0.04826000 0.41393800 -0.15184200
v 0.01812000 0.40391200 -0.15558200
v 0.01902700 0.44429700 -0.15937700
v 0.01169400 0.47659500 -0.16225800
v 0.01200000 0.50504800 -0.16474900
v 0.04824000 0.50180000 -0.15719900
v 0.04728300 0.46961500 -0.15544900
v 0.01650300 0.53366700 -0.16732200
v 0.02132900 0.56628200 -0.17002900
v 0.05508500 0.56638100 -0.16218100
v 0.05343000 0.53424100 -0.15875700
v 0.08297600 0.53505700 -0.14752200
v 0.08538700 0.56660100 -0.15091700
v 0.11135800 0.56651400 -0.13628800
v 0.10832900 0.53540700 -0.13296700
v 0.07412800 0.47118700 -0.14786800
v 0.08177400 0.50330200 -0.14558100
v 0.10719600 0.50412500 -0.13122000
v 0.10139000 0.47268500 -0.13536600
v 0.08322000 0.21724200 0.09353200
v 0.08230200 0.24865200 0.09927400
v 0.05633300 0.24767900 0.11600100
v 0.05856500 0.20872100 0.10963400
v 0.08751000 0.28066800 0.10235900
v 0.09829600 0.30882700 0.10213100
v 0.06765400 0.31205900 0.12288200
v 0.06353600 0.27988900 0.11728900
v 0.04011900 0.27894000 0.13329900
v 0.04305900 0.31129800 0.13860300
v 0.01648300 0.31064700 0.15196300
v 0.01537800 0.27816500 0.14776600
v 0.02993700 0.21502300 0.13211600
v 0.03164000 0.24655200 0.13406700
v 0.00870100 0.24587400 0.14679500
v 0.00827000 0.21434900 0.14474100
v 0.10196700 0.22416700 0.00996300
v 0.11218200 0.25501900 0.01590900
v 0.11242300 0.25349100 0.03882700
v 0.10392000 0.22265200 0.03274700
v 0.12358300 0.28644500 0.01586300
v 0.13310500 0.31397400 0.00881100
v 0.13171300 0.31293400 0.03431600
v 0.12250000 0.28510700 0.03967600
v 0.11865400 0.28329400 0.06228500
v 0.12726300 0.31140600 0.05837100
v 0.11741800 0.30986800 0.08167100
v 0.10836700 0.28162900 0.08406600
v 0.10401100 0.22055800 0.05416800
v 0.11028000 0.25146500 0.06057500
v 0.10165900 0.24965300 0.08158700
v 0.09852700 0.21849000 0.07495700
v 0.08217200 0.22962200 -0.09658200
v 0.08886000 0.25859300 -0.10454800
v 0.09504200 0.25598500 -0.07772800
v 0.08705000 0.22604000 -0.06811500
v 0.09222100 0.28800600 -0.11685800
v 0.09846800 0.31734200 -0.12126500
v 0.11111900 0.31529100 -0.08598800
v 0.10330300 0.28553600 -0.08225400
v 0.11284300 0.29033900 -0.04613400
v 0.12230100 0.32080900 -0.04914400
v 0.12870600 0.31537400 -0.01938000
v 0.12087000 0.28783900 -0.01018900
v 0.09224800 0.22957900 -0.04057400
v 0.10306700 0.25952900 -0.03905100
v 0.10912300 0.25670000 -0.00899600
v 0.09709000 0.22645400 -0.01477800
v 0.01168500 0.22935700 -0.08668000
v 0.01260300 0.25805400 -0.10251000
v 0.03364400 0.25783200 -0.10801700
v 0.03169500 0.23279900 -0.09541600
v 0.01376800 0.28742800 -0.11797500
v 0.00905500 0.31685300 -0.13183400
v 0.03460900 0.31217500 -0.13074600
v 0.03598400 0.28329900 -0.11986400
v 0.04898300 0.28716600 -0.12560400
v 0.05741600 0.31535200 -0.13562500
v 0.08025100 0.31750500 -0.13587100
v 0.07471900 0.28823300 -0.12985300
v 0.05096700 0.22935000 -0.10532700
v 0.05456600 0.25788400 -0.11779600
v 0.07459100 0.25950300 -0.12057400
v 0.07320800 0.23060000 -0.10813400
v 0.05512900 0.11204200 0.02438100
v 0.06742500 0.13845300 0.01785200
v 0.07421400 0.13908000 0.04269000
v 0.05813700 0.10942500 0.04258800
v 0.08011800 0.16290600 0.01737200
v 0.09303600 0.19505100 0.01079200
v 0.09627800 0.19346900 0.03286900
v 0.08708600 0.16592200 0.03980300
v 0.08933100 0.16344000 0.05950800
v 0.09760600 0.19123700 0.05361200
v 0.09312100 0.18901000 0.07370000
v 0.08389000 0.15789900 0.07863900
v 0.06644700 0.11201000 0.05914100
v 0.07881400 0.13644800 0.06164400
v 0.07753600 0.13426700 0.07965400
v 0.06624600 0.10366800 0.08002500
v 0.03320700 0.07687600 0.07300700
v 0.05402300 0.09307100 0.06621200
v 0.03129800 0.08233800 0.05285400
v 0.04281000 0.09522300 0.04103000
v 0.06052000 0.10258300 0.09147200
v 0.06458800 0.13314600 0.09572800
v 0.04712900 0.13246400 0.10865400
v 0.04433900 0.10139900 0.10542300
v 0.06929600 0.16022800 0.09557800
v 0.07887100 0.18771800 0.09208100
v 0.05045800 0.18663700 0.11300300
v 0.05038800 0.15955500 0.10968700
v 0.03208100 0.15885200 0.12459900
v 0.02856700 0.18564000 0.13057600
v 0.00794000 0.18498900 0.14288100
v 0.01255800 0.15819600 0.13842800
v 0.02724700 0.10012500 0.11965900
v 0.02938000 0.12500800 0.12164100
v 0.01149200 0.12436700 0.13414400
v 0.01074800 0.09936300 0.13126000
v 0.00969300 0.08653000 0.12959800
v 0.01799000 0.07598200 0.11482000
v 0.02541600 0.08725500 0.11659900
v 0.03126300 0.08182700 0.10376400
v 0.02998000 0.07503700 0.08490000
v 0.01289300 0.13261600 -0.01964400
v 0.00999700 0.15432900 -0.03433200
v 0.02937400 0.15384500 -0.04381200
v 0.02631300 0.13130000 -0.02776400
v 0.01055800 0.17828800 -0.05260900
v 0.01097500 0.20274600 -0.07067500
v 0.02978300 0.20578400 -0.07996400
v 0.03158600 0.17914100 -0.06288000
v 0.03979000 0.18329100 -0.07222100
v 0.04019200 0.20594500 -0.08710900
v 0.06381500 0.20294300 -0.09584500
v 0.05823500 0.17564200 -0.07775700
v 0.03174600 0.13373000 -0.03498500
v 0.03689200 0.15726300 -0.05262500
v 0.05533400 0.14840000 -0.05893000
v 0.04359200 0.12689800 -0.04293500
v 0.04362900 0.10907600 -0.02361800
v 0.02869800 0.09075400 0.00112100
v 0.03533500 0.10630500 -0.01711100
v 0.00735900 0.07623700 0.04434100
v 0.02285800 0.10936200 -0.00151900
v 0.01583100 0.09074700 0.02386700
v 0.00987500 0.11031600 0.01202300
v 0.06161800 0.14894700 -0.04717800
v 0.05433500 0.12491700 -0.03570700
v 0.06840200 0.17930900 -0.07216900
v 0.07305100 0.20221000 -0.08966500
v 0.07768600 0.19939900 -0.06879500
v 0.07088800 0.17866900 -0.05774600
v 0.06885300 0.16795000 -0.03146200
v 0.08167500 0.19967700 -0.03959200
v 0.08747400 0.19749100 -0.01254600
v 0.07250300 0.16443800 -0.00943400
v 0.05372500 0.12289500 -0.01179000
v 0.06178400 0.14727400 -0.02030400
v 0.06314700 0.14109600 -0.00154700
v 0.05525300 0.11980000 0.00666400
v 0.03811300 0.09847700 0.02177400
v 0.02776300 0.08501300 0.03982000
v 0.02650400 0.08561600 0.03030100
v 0.03628900 0.09889100 0.00323900
v 0.01160700 0.42596400 0.16047600
v 0.02636300 0.40142100 0.15587200
v 0.04283000 0.41804700 0.15060800
v 0.02831300 0.44254800 0.15773700
v 0.01790300 0.36010700 0.15669400
v 0.03159500 0.34378500 0.15028200
v 0.04635600 0.35230700 0.14378600
v 0.02549800 0.37259000 0.15497600
v 0.07190600 0.35279800 0.12860200
v 0.08127100 0.33664500 0.11984400
v 0.10312000 0.35323200 0.10754700
v 0.08409600 0.36933500 0.12297900
v 0.07850800 0.41845600 0.13261000
v 0.08725000 0.40211000 0.12478700
v 0.11160500 0.42670500 0.11139500
v 0.09688700 0.43493300 0.12433000
v 0.11960700 0.48436500 0.11862800
v 0.11195900 0.50095200 0.12731800
v 0.09228100 0.48435100 0.13745100
v 0.10523600 0.46786800 0.12620100
v 0.13005400 0.55044400 0.11643700
v 0.11674100 0.56698500 0.12877600
v 0.09896900 0.55048700 0.13970800
v 0.11512600 0.53402900 0.12784700
v 0.05892700 0.55021500 0.15753100
v 0.03893700 0.56656600 0.16338700
v 0.01868300 0.54992000 0.16623800
v 0.03795600 0.53351400 0.16234100
v 0.05426200 0.48401400 0.15439700
v 0.03640600 0.50039400 0.16096000
v 0.01723900 0.48372300 0.16345600
v 0.03454500 0.47144900 0.15883600
v 0.13037400 0.42707400 0.08808600
v 0.13412800 0.41112500 0.07632000
v 0.14283100 0.42782400 0.06119000
v 0.13647500 0.44354900 0.08173200
v 0.12281200 0.35396000 0.08556500
v 0.12767000 0.33847300 0.07225000
v 0.13453000 0.35514300 0.06039700
v 0.12830600 0.37848400 0.08043400
v 0.14135000 0.35639400 0.03431800
v 0.14005000 0.34101100 0.02124000
v 0.14421800 0.35730900 0.00704100
v 0.14671200 0.38066500 0.02714100
v 0.14932600 0.42039300 0.04029300
v 0.15212300 0.40495600 0.01949500
v 0.15576600 0.42117500 0.01184400
v 0.15592800 0.44492900 0.02526200
v 0.16239700 0.48547200 0.00834800
v 0.16240000 0.50549400 0.02079500
v 0.15597000 0.48502300 0.03715500
v 0.15868500 0.47718900 0.02325000
v 0.17047200 0.54998600 0.00370600
v 0.17043700 0.56613300 0.01725700
v 0.16660100 0.54990100 0.03274000
v 0.16684900 0.53380000 0.01870800
v 0.15850600 0.54990500 0.06431300
v 0.15749400 0.56630300 0.07231900
v 0.14680100 0.55015700 0.09418900
v 0.15135400 0.53362500 0.07966400
v 0.14940500 0.49274700 0.06624000
v 0.14663100 0.50082900 0.08042300
v 0.13853100 0.48432000 0.09465700
v 0.14229600 0.47624500 0.08129000
v 0.15470900 0.42193600 -0.01677000
v 0.14527800 0.40688500 -0.03888400
v 0.14575000 0.42300900 -0.04691600
v 0.15346500 0.43831500 -0.03195500
v 0.13992400 0.35848900 -0.02207500
v 0.13301800 0.34326500 -0.03329500
v 0.13322400 0.36766700 -0.05112600
v 0.13870800 0.37509100 -0.03855100
v 0.12102800 0.36135900 -0.08700900
v 0.11107300 0.34689600 -0.10845900
v 0.10740300 0.36306800 -0.12183700
v 0.11679800 0.37812800 -0.10658300
v 0.13294100 0.42447500 -0.08345600
v 0.12403100 0.40949900 -0.10014000
v 0.12169300 0.42568100 -0.11016500
v 0.12922200 0.44085900 -0.09876100
v 0.12471100 0.48822100 -0.11241000
v 0.13352400 0.50339700 -0.09921100
v 0.14035800 0.48715200 -0.08378800
v 0.13215400 0.47207300 -0.09853100
v 0.12865700 0.55062200 -0.11635800
v 0.14299000 0.56585800 -0.10132200
v 0.14968500 0.54995500 -0.08490100
v 0.13631000 0.53471400 -0.10148700
v 0.16297400 0.54970800 -0.05385300
v 0.16853500 0.56569300 -0.04002500
v 0.16995800 0.54984600 -0.02404700
v 0.16536300 0.53383600 -0.03718800
v 0.15456400 0.48623300 -0.04882100
v 0.16121300 0.50195200 -0.03476800
v 0.16254100 0.48579000 -0.01949600
v 0.15745400 0.47006400 -0.03308800
v 0.10366000 0.42603700 -0.13270300
v 0.08958600 0.40982600 -0.14033500
v 0.07810000 0.42447300 -0.14523000
v 0.09327400 0.44114200 -0.13957600
v 0.08866600 0.36315500 -0.13895100
v 0.07440400 0.34689100 -0.14139400
v 0.06420600 0.36106100 -0.14387000
v 0.07910200 0.37797200 -0.14291700
v 0.03729500 0.35796700 -0.14451500
v 0.02315700 0.34877500 -0.14289700
v 0.01017200 0.36361200 -0.14828200
v 0.02800400 0.37667300 -0.14955700
v 0.04927000 0.42985500 -0.15290500
v 0.03289800 0.40480400 -0.15350400
v 0.01849300 0.42001600 -0.15744300
v 0.03458400 0.44492800 -0.15680700
v 0.01186500 0.49284500 -0.16356900
v 0.02831800 0.50936900 -0.16257400
v 0.04776800 0.48568500 -0.15619000
v 0.02758800 0.47693400 -0.15993100
v 0.02100700 0.55003400 -0.16835700
v 0.03842500 0.56631900 -0.16660700
v 0.05425400 0.55035500 -0.16042500
v 0.03312900 0.53386200 -0.16418000
v 0.08412200 0.55087400 -0.14911600
v 0.09884600 0.56663000 -0.14411700
v 0.10974000 0.55098700 -0.13453800
v 0.09613600 0.53534900 -0.14075800
v 0.08160600 0.48745100 -0.14524800
v 0.09504400 0.50386200 -0.13899400
v 0.10732300 0.48847100 -0.13109600
v 0.08832800 0.47207500 -0.14224300
v 0.08558800 0.23292200 0.09431600
v 0.06950000 0.24822000 0.10738500
v 0.06019200 0.22416700 0.11031800
v 0.07174500 0.21685300 0.10164600
v 0.09007000 0.29666500 0.10468000
v 0.07738300 0.30431600 0.11468600
v 0.06561800 0.29595100 0.11997000
v 0.07340500 0.27625500 0.11015200
v 0.04157200 0.29508500 0.13587400
v 0.02966500 0.31092700 0.14630800
v 0.01592200 0.29436500 0.14981000
v 0.02761300 0.27848900 0.14153700
v 0.03073700 0.23065100 0.13297300
v 0.02013800 0.24613600 0.14168500
v 0.00847000 0.22997100 0.14570100
v 0.01910200 0.21461400 0.13963100
v 0.10666100 0.23964500 0.00991400
v 0.11243700 0.25434400 0.02757100
v 0.10793000 0.23818100 0.03296500
v 0.10307400 0.22346700 0.02153500
v 0.12920400 0.30206000 0.01563000
v 0.13280300 0.31351800 0.02179100
v 0.12750000 0.30082400 0.04012800
v 0.12325700 0.28586500 0.02798100
v 0.12271500 0.29914300 0.06339500
v 0.12321800 0.31061600 0.07012500
v 0.11156000 0.29757900 0.08581100
v 0.11455900 0.28241400 0.07335900
v 0.10739900 0.23614800 0.05464700
v 0.10703800 0.25049400 0.07124800
v 0.10142900 0.23414800 0.07569500
v 0.10221300 0.21947000 0.06461800
v 0.08557700 0.24407600 -0.10090100
v 0.09286900 0.25727600 -0.09013400
v 0.09134000 0.24071400 -0.07095100
v 0.08498900 0.22834100 -0.08527300
v 0.09533200 0.30259700 -0.11939900
v 0.10475600 0.31661200 -0.10736600
v 0.10731200 0.30036100 -0.08430200
v 0.09797000 0.28715800 -0.10332500
v 0.11779300 0.30553900 -0.04770400
v 0.12443500 0.31221700 -0.03099600
v 0.12653800 0.30332300 -0.01111800
v 0.11464400 0.28121600 -0.02449600
v 0.09720100 0.24468900 -0.04197400
v 0.10607600 0.25803600 -0.02314600
v 0.10216800 0.24180600 -0.01535900
v 0.09410100 0.22815400 -0.02896900
v 0.01212200 0.24357100 -0.09458800
v 0.02312300 0.25960900 -0.10514800
v 0.03278300 0.24703200 -0.10268700
v 0.02152300 0.23093500 -0.08989700
v 0.01444200 0.30229100 -0.12516800
v 0.02131400 0.31795900 -0.13202000
v 0.03605700 0.29776100 -0.12564600
v 0.02514300 0.28888800 -0.11973300
v 0.05512000 0.30059900 -0.13141100
v 0.06909400 0.31671300 -0.13702000
v 0.07741200 0.30278800 -0.13322300
v 0.06403800 0.28742400 -0.12961300
v 0.05276300 0.24354200 -0.11182900
v 0.06485700 0.25906500 -0.12106000
v 0.07206500 0.24509200 -0.11580600
v 0.06048200 0.23043000 -0.10970200
v 0.06308700 0.12902900 0.01957700
v 0.07164900 0.14028900 0.03198400
v 0.06371800 0.12062400 0.04022500
v 0.05944000 0.11770600 0.02967200
v 0.08887600 0.18110700 0.01732100
v 0.09474600 0.19431500 0.02196500
v 0.09252800 0.17936100 0.03874600
v 0.08497200 0.16692700 0.02939700
v 0.09363000 0.17694500 0.05882200
v 0.09631500 0.19005800 0.06367900
v 0.08632000 0.16803800 0.07839000
v 0.08813000 0.16224800 0.06907800
v 0.07210500 0.12407000 0.05813500
v 0.07931100 0.13523700 0.07071700
v 0.06883500 0.11067400 0.06760300
v 0.06438800 0.11397600 0.09195600
v 0.05481200 0.13274800 0.10306100
v 0.04672900 0.11298500 0.10603500
v 0.05295300 0.10201600 0.09842900
v 0.07153100 0.17377200 0.09573000
v 0.06133500 0.18020400 0.10411300
v 0.04911200 0.17293000 0.11237600
v 0.05817100 0.15647900 0.10346700
v 0.02790300 0.17201300 0.12970800
v 0.01829000 0.18525300 0.13791200
v 0.00777900 0.17139000 0.14179200
v 0.02230100 0.15849500 0.13238800
v 0.02834600 0.11189800 0.12060600
v 0.02041200 0.12463900 0.12865300
v 0.01111700 0.11118400 0.13256600
v 0.01904900 0.09965600 0.12614300
v 0.02603000 0.07423600 0.09479700
v 0.01830500 0.15484000 -0.03717500
v 0.01074300 0.19039700 -0.06196500
v 0.02023800 0.20416100 -0.07410300
v 0.01942500 0.17929300 -0.05583400
v 0.03932500 0.19613400 -0.08050100
v 0.05182600 0.20261500 -0.09288200
v 0.04806000 0.17576300 -0.07375000
v 0.03368500 0.14493200 -0.04278700
v 0.04504600 0.14863500 -0.05576500
v 0.03513900 0.11313000 -0.02450400
v 0.01883900 0.09928100 0.01195200
v 0.01742500 0.10980100 0.00555900
v 0.06944400 0.18850400 -0.08184600
v 0.07825900 0.20786300 -0.08283800
v 0.07563400 0.19205400 -0.06256400
v 0.07805100 0.18676400 -0.02967400
v 0.08444100 0.19930800 -0.02566100
v 0.08382400 0.18316500 -0.00480800
v 0.07411800 0.17194900 -0.01675200
v 0.05515900 0.12704900 -0.02068000
v 0.06126100 0.14273000 -0.01151300
v 0.05945900 0.13176300 0.00080000
v 0.05400300 0.12135000 -0.00240400
v 0.03886600 0.09641700 0.03050800
v 0.03736400 0.09960200 0.01268600
v 0.04103600 0.38926800 0.14950200
v 0.01105100 0.39305400 0.15958800
v 0.06215000 0.36904000 0.13657400
v 0.05947800 0.33617700 0.13355500
v 0.07458100 0.38562100 0.13084800
v 0.10644500 0.39399800 0.10999700
v 0.06098000 0.40186700 0.14038800
v 0.06520000 0.43474400 0.14241200
v 0.09683400 0.51744300 0.13879300
v 0.12454700 0.51746100 0.11886700
v 0.07858200 0.53384400 0.14923100
v 0.08012700 0.56686700 0.15028400
v 0.05718400 0.51711200 0.15643300
v 0.01804200 0.51682900 0.16509500
v 0.07575600 0.50074400 0.14796600
v 0.07089600 0.46768700 0.14540000
v 0.13905600 0.39543700 0.06108300
v 0.12610700 0.39449500 0.08728900
v 0.13962600 0.37956800 0.05426900
v 0.13588900 0.33984200 0.04723900
v 0.14726900 0.39246400 0.03382000
v 0.15143100 0.39329400 0.00571100
v 0.14501800 0.40403300 0.04746900
v 0.14724900 0.44420900 0.05397400
v 0.16140900 0.51746100 0.03437300
v 0.16656900 0.51773700 0.00579100
v 0.16191300 0.54172900 0.04853500
v 0.16500700 0.56613500 0.04818000
v 0.15368800 0.51723800 0.06494700
v 0.14369500 0.51725800 0.09399800
v 0.15625000 0.50918000 0.05010000
v 0.15085500 0.47665400 0.05252500
v 0.13811400 0.39147600 -0.05096500
v 0.14749900 0.39433200 -0.02328800
v 0.12943900 0.37631200 -0.06856200
v 0.12306800 0.34485800 -0.06901300
v 0.12701700 0.39292500 -0.08505500
v 0.11721600 0.39415600 -0.11074800
v 0.13573200 0.40799500 -0.06737500
v 0.14296200 0.43933500 -0.06304700
v 0.14326000 0.51861800 -0.08555200
v 0.12555200 0.51946800 -0.11349800
v 0.15493200 0.53398400 -0.06780200
v 0.15928800 0.56552600 -0.07118500
v 0.15874800 0.51799200 -0.05089000
v 0.16644200 0.51783000 -0.02160500
v 0.15061200 0.50237000 -0.06516300
v 0.14709000 0.47077600 -0.06372100
v 0.07508900 0.39698100 -0.14495400
v 0.09972200 0.39859900 -0.13426200
v 0.05246900 0.37516900 -0.14667100
v 0.04920800 0.34399600 -0.14118900
v 0.04721100 0.39808400 -0.15040200
v 0.01772200 0.38789100 -0.15304800
v 0.06235800 0.40739700 -0.14851300
v 0.06498200 0.43899600 -0.14973000
v 0.04879400 0.51796500 -0.15847300
v 0.01622900 0.51732100 -0.16557900
v 0.06875000 0.53464500 -0.15349300
v 0.07081900 0.56649000 -0.15691000
v 0.08217500 0.51918500 -0.14632000
v 0.10745000 0.51978000 -0.13182600
v 0.06744300 0.50260500 -0.15122900
v 0.05920200 0.47623800 -0.15265100
v 0.06150500 0.26384600 0.11519500
v 0.08487200 0.26466200 0.10054200
v 0.05279700 0.27545900 0.12352100
v 0.05601600 0.30364600 0.12828800
v 0.03876400 0.26284800 0.13120300
v 0.01487600 0.26203700 0.14602700
v 0.04360900 0.24709200 0.12511300
v 0.04118800 0.21554300 0.12331800
v 0.11733100 0.26932500 0.03922800
v 0.11777000 0.27076500 0.01594500
v 0.12110900 0.28422200 0.05106700
v 0.12993900 0.31220900 0.04646200
v 0.11438700 0.26739600 0.06133400
v 0.10498100 0.26564900 0.08265100
v 0.11186800 0.25250100 0.04978300
v 0.10437400 0.22166200 0.04358800
v 0.09919000 0.27075900 -0.08004600
v 0.09208600 0.27310900 -0.10773500
v 0.10679400 0.28410400 -0.06369500
v 0.11563700 0.31418600 -0.06715600
v 0.10762500 0.27514700 -0.04461500
v 0.11495100 0.27230700 -0.00947300
v 0.09734200 0.25411500 -0.06005300
v 0.08848400 0.22378900 -0.05180500
v 0.03458600 0.26871700 -0.11320900
v 0.01315000 0.27269000 -0.11036400
v 0.04536200 0.31368400 -0.13298000
v 0.05646200 0.27229400 -0.12330700
v 0.07711900 0.27392200 -0.12477900
v 0.04480500 0.26338100 -0.11542400
v 0.04118300 0.22771100 -0.09869200
v 0.07305300 0.14780500 0.02143600
v 0.08875900 0.16472400 0.04981500
v 0.09739300 0.19242500 0.04340000
v 0.08379000 0.15058400 0.05583900
v 0.08291200 0.14820900 0.07449500
v 0.07680300 0.13778500 0.05236500
v 0.06350600 0.11343200 0.05040700
v 0.05148000 0.14613200 0.10721600
v 0.07160100 0.14688500 0.09175700
v 0.04231900 0.15924900 0.11605800
v 0.03917700 0.18611900 0.12192700
v 0.03106200 0.14544300 0.12345100
v 0.01217000 0.14484800 0.13680400
v 0.03879600 0.12543500 0.11402200
v 0.03563700 0.10073400 0.11255900
v 0.01033300 0.16626800 -0.04316600
v 0.03849300 0.17020600 -0.06213500
v 0.01878600 0.08120200 0.02703100
v 0.02485000 0.11465900 -0.00978400
v 0.06976700 0.17317300 -0.04377700
v 0.08040900 0.20198600 -0.05450900
v 0.06586700 0.15909800 -0.02554500
v 0.06862000 0.15006800 0.00126800
v 0.06223400 0.15052500 -0.03036700
v 0.04449700 0.32762300 0.14109800
v 0.01702900 0.32704600 0.15396500
v 0.06909600 0.32419900 0.12497100
v 0.09991700 0.32085700 0.10388300
v 0.11080000 0.37774700 0.10410800
v 0.11288100 0.33732000 0.09582900
v 0.11944800 0.41046100 0.09989300
v 0.12099100 0.44310700 0.10664400
v 0.08521400 0.45133600 0.13505200
v 0.11251400 0.45545600 0.11782700
v 0.05041900 0.45100200 0.15133900
v 0.01233900 0.45890600 0.16237400
v 0.13379200 0.50082100 0.10707000
v 0.12711400 0.46778100 0.10711600
v 0.13727900 0.53385000 0.10697000
v 0.14384800 0.56666900 0.10137300
v 0.10019000 0.58341700 0.14065400
v 0.13424700 0.58327900 0.11434500
v 0.05989500 0.58319800 0.15841900
v 0.01906800 0.58291300 0.16705100
v 0.12973500 0.32326000 0.05905600
v 0.11931500 0.32182200 0.08293000
v 0.13484400 0.32469900 0.03440300
v 0.13661400 0.32569100 0.00834200
v 0.14896000 0.38148500 -0.00095800
v 0.13956100 0.34194200 -0.00634400
v 0.15305600 0.40572400 -0.00900500
v 0.15892200 0.43749500 -0.00305400
v 0.15266200 0.45264400 0.03932600
v 0.15955700 0.45325800 0.01047300
v 0.14432100 0.46013100 0.06774800
v 0.13335400 0.45965000 0.09489400
v 0.16553600 0.50169800 -0.00670400
v 0.16217400 0.46954100 -0.00459400
v 0.16951900 0.53385400 -0.00902800
v 0.17218900 0.56600000 -0.01115300
v 0.16958000 0.58233000 0.03197000
v 0.17240100 0.58223200 0.00207200
v 0.16283100 0.58249800 0.06039400
v 0.15220200 0.58286000 0.08778200
v 0.12632000 0.33623900 -0.05026400
v 0.13218000 0.32701200 -0.02024000
v 0.11467400 0.33040000 -0.08707300
v 0.10156900 0.33230700 -0.12231100
v 0.10172300 0.37900500 -0.13145900
v 0.09628700 0.34785500 -0.13271800
v 0.11135000 0.41038400 -0.12389700
v 0.11585300 0.44167600 -0.12223100
v 0.13766300 0.45578800 -0.08321700
v 0.12165400 0.45711000 -0.11581000
v 0.15082800 0.45456500 -0.04761500
v 0.15927000 0.45380200 -0.01794400
v 0.11787200 0.50406100 -0.12152400
v 0.11292600 0.47678400 -0.12663200
v 0.11933600 0.53525500 -0.12339600
v 0.12277000 0.56631000 -0.12670400
v 0.15389300 0.58131600 -0.08824900
v 0.13501800 0.58162200 -0.11644800
v 0.16612400 0.58140600 -0.05699300
v 0.17182100 0.58186900 -0.02646500
v 0.05977700 0.33032700 -0.13911400
v 0.08314900 0.33244600 -0.13772100
v 0.03457000 0.32704000 -0.13582400
v 0.00946200 0.33217900 -0.13809700
v 0.04667500 0.45357600 -0.15485300
v 0.01152300 0.46034400 -0.16125700
v 0.07347300 0.45537800 -0.14779400
v 0.10087800 0.45706500 -0.13572100
v 0.05581000 0.58229500 -0.16387500
v 0.02159800 0.58242000 -0.17153800
v 0.08652800 0.58223700 -0.15268800
v 0.11285100 0.58200100 -0.13794900
v 0.09344000 0.24905200 0.09097600
v 0.09238600 0.21772500 0.08477900
v 0.09938200 0.28105200 0.09377600
v 0.10931100 0.30923800 0.09253000
v 0.02922200 0.19992600 0.13135100
v 0.00809600 0.19926200 0.14382800
v 0.05143800 0.19727800 0.11349400
v 0.08101900 0.20208200 0.09276200
v 0.11131300 0.25568900 0.00380800
v 0.10003800 0.22507800 -0.00199600
v 0.12304400 0.28700100 0.00324000
v 0.13185200 0.31454100 -0.00475500
v 0.10085600 0.20549700 0.05377400
v 0.09583100 0.20335300 0.07424700
v 0.10017100 0.20765400 0.03266800
v 0.09755800 0.20920900 0.01020900
v 0.08286300 0.25930800 -0.11511700
v 0.08443300 0.28837100 -0.12590300
v 0.09032200 0.31766200 -0.13092800
v 0.08748000 0.21487100 -0.03875000
v 0.09229600 0.21159000 -0.01389300
v 0.08230700 0.21262700 -0.07019900
v 0.07760700 0.21573100 -0.09380400
v 0.05144300 0.21581500 -0.09954500
v 0.03067200 0.21897700 -0.08791200
v 0.01129300 0.21566900 -0.07877800
v 0.06553000 0.13961900 0.00808100
v 0.05683400 0.11832100 0.01559200
v 0.07552500 0.16289300 0.00127900
v 0.09066900 0.19602300 -0.00058500
v 0.07843400 0.16063000 0.08744900
v 0.08749000 0.18821100 0.08334400
v 0.07262700 0.13360100 0.08808700
v 0.05055200 0.09993800 0.04343700
v 0.04077400 0.09198800 0.10447300
v 0.05477600 0.09340300 0.09054900
v 0.04307800 0.11628800 -0.03464000
v 0.04769200 0.11112800 -0.00149100
v -0.05604100 0.43459100 0.14642800
v -0.05820700 0.45105400 0.14768500
v -0.06737100 0.38553600 0.13421400
v -0.09536500 0.38169600 0.11443200
v -0.10470400 0.38176400 0.10718800
v -0.07461300 0.45123300 0.13894000
v -0.07192600 0.43478000 0.13767000
v -0.06995800 0.41836100 0.13649600
v -0.06854900 0.40195300 0.13547100
v -0.09786600 0.41032400 0.11665500
v -0.09636600 0.39396400 0.11549400
v -0.10161500 0.50088500 0.13125000
v -0.10505300 0.51741900 0.13165300
v -0.08856400 0.51738500 0.14145100
v -0.08541000 0.50084000 0.14112700
v -0.09359800 0.46780900 0.13026600
v -0.09763100 0.48434100 0.13086400
v -0.08171600 0.48428500 0.14071300
v -0.07796500 0.46773900 0.14000600
v -0.11056600 0.56683000 0.13395200
v -0.11112700 0.58324700 0.13458400
v -0.09393100 0.58327000 0.14390900
v -0.09344600 0.56684100 0.14332300
v -0.10766600 0.53392400 0.13226900
v -0.10945900 0.55039300 0.13310000
v -0.09249200 0.55038800 0.14257600
v -0.09091800 0.53390400 0.14190500
v -0.07153700 0.53377000 0.15052500
v -0.07280500 0.55027400 0.15105000
v -0.05169300 0.55010800 0.15814700
v -0.05079100 0.53358700 0.15766800
v -0.07356200 0.56674900 0.15169800
v -0.07394200 0.58320000 0.15222100
v -0.05246300 0.58306700 0.15918000
v -0.05222000 0.56659900 0.15874100
v -0.03088000 0.56645300 0.16407300
v -0.03098600 0.58293100 0.16443400
v -0.01047700 0.58285200 0.16756100
v -0.01048100 0.56636800 0.16724200
v -0.03007600 0.53342500 0.16298700
v -0.03059400 0.54995300 0.16350400
v -0.01041900 0.54986100 0.16670400
v -0.01026000 0.53333100 0.16614300
v -0.06094100 0.46756900 0.14878700
v -0.06401700 0.48412100 0.14954500
v -0.04434800 0.47564300 0.15638400
v -0.04227000 0.45910500 0.15544400
v -0.06704600 0.50068200 0.14997100
v -0.06962300 0.51723600 0.15021900
v -0.04943000 0.51704100 0.15741000
v -0.04760100 0.50048300 0.15718100
v -0.02820900 0.50031900 0.16233900
v -0.02928200 0.51687700 0.16264900
v -0.00997400 0.51678200 0.16567800
v -0.00955500 0.50022600 0.16520800
v -0.02694500 0.48376000 0.16181600
v -0.11832000 0.41454600 0.09887000
v -0.12675800 0.41483300 0.08697600
v -0.13381000 0.41520700 0.07418900
v -0.14000600 0.41562600 0.06088000
v -0.16746300 0.49763100 -0.00610300
v -0.16557600 0.49750300 0.00819200
v -0.16174400 0.49733700 0.02280700
v -0.15679400 0.49715500 0.03763600
v -0.13928000 0.39975400 -0.05924800
v -0.14264100 0.41558800 -0.05898600
v -0.14563000 0.43134600 -0.05900700
v -0.14790500 0.44703700 -0.05932200
v -0.13417800 0.35146600 -0.04222800
v -0.13077500 0.33580200 -0.04138200
v -0.12792400 0.34441200 -0.05975800
v -0.13104600 0.36010500 -0.06000600
v -0.14085100 0.38318400 -0.04284500
v -0.13744600 0.36728400 -0.04267900
v -0.13421200 0.37593100 -0.05982400
v -0.13670500 0.38784300 -0.05954300
v -0.13038100 0.38461600 -0.07692600
v -0.12732100 0.36879100 -0.07772900
v -0.12593300 0.39334400 -0.09326400
v -0.12438500 0.35307500 -0.07820200
v -0.12141500 0.33755300 -0.07809000
v -0.11746200 0.34622600 -0.09611700
v -0.11262600 0.35483100 -0.11195800
v -0.10994300 0.33942200 -0.11233700
v -0.11530000 0.37045900 -0.11093300
v -0.14136400 0.45535300 -0.07567000
v -0.14004100 0.43977000 -0.07531700
v -0.13352300 0.45592800 -0.09160200
v -0.13787100 0.42412000 -0.07530500
v -0.13507200 0.40837200 -0.07573300
v -0.13534600 0.50250700 -0.09375900
v -0.13732800 0.51811200 -0.09498000
v -0.14615700 0.51792900 -0.07931900
v -0.14411900 0.50222600 -0.07803600
v -0.13379900 0.47141700 -0.09210600
v -0.13421700 0.48693900 -0.09281600
v -0.14281200 0.48655800 -0.07702300
v -0.14207900 0.47093500 -0.07624700
v -0.14521900 0.56496000 -0.09990000
v -0.14728600 0.58056400 -0.10145100
v -0.15582800 0.58076000 -0.08585100
v -0.15382800 0.56505900 -0.08428600
v -0.13990900 0.53373200 -0.09648400
v -0.14267300 0.54935100 -0.09818300
v -0.15137600 0.54935300 -0.08257000
v -0.14870300 0.53364400 -0.08086000
v -0.14935100 0.46270800 -0.05984700
v -0.15035500 0.47841100 -0.06055000
v -0.15149600 0.49416000 -0.06146000
v -0.16274600 0.49789800 -0.03479000
v -0.16643500 0.49776600 -0.02027900
v -0.03825500 0.43710600 -0.15555600
v -0.03753100 0.42105300 -0.15442600
v -0.02657700 0.43247800 -0.15731600
v -0.01136000 0.43192600 -0.15939900
v -0.01224100 0.51323000 -0.16552600
v -0.04403800 0.49768300 -0.15785800
v -0.02474700 0.52564700 -0.16493500
v -0.02599200 0.58247700 -0.17068200
v -0.08951500 0.25280200 0.09801600
v -0.08394900 0.30039700 0.10733500
v -0.05876300 0.29561900 0.12203900
v -0.06598700 0.26792000 0.11434100
v -0.05698800 0.27953900 0.12111900
v -0.05528900 0.26350500 0.12066400
v -0.11482500 0.25922800 0.01060600
v -0.11459800 0.25856500 0.02266700
v -0.11416400 0.25778700 0.03437700
v -0.11355400 0.25685300 0.04581000
v -0.11241000 0.25582300 0.05706900
v -0.11004900 0.25482000 0.06818000
v -0.10589100 0.25392900 0.07904300
v -0.09925900 0.25324100 0.08918100
v -0.10247900 0.26255800 -0.07043100
v -0.09799400 0.24768800 -0.06838400
v -0.09459500 0.23655500 -0.06668100
v -0.10151500 0.29476400 -0.10891700
v -0.10720900 0.32430400 -0.11193000
v -0.10441200 0.30944500 -0.11075700
v -0.11164200 0.31585800 -0.09507800
v -0.11462500 0.33090600 -0.09597000
v -0.11824500 0.32228400 -0.07730900
v -0.11477800 0.30722700 -0.07596700
v -0.10845600 0.30100600 -0.09355600
v -0.11096000 0.29229500 -0.07425300
v -0.10683200 0.27742500 -0.07237000
v -0.11224900 0.28344600 -0.05450900
v -0.11679200 0.29852500 -0.05616000
v -0.11788800 0.28977500 -0.03728200
v -0.11273800 0.27451100 -0.03593200
v -0.12092200 0.31365900 -0.05770900
v -0.12460700 0.32892700 -0.05896700
v -0.12698800 0.32034100 -0.04017800
v -0.12269200 0.30503000 -0.03875300
v -0.09299700 0.22327100 -0.04802900
v -0.09768700 0.23816300 -0.04988600
v -0.10253600 0.25324900 -0.05142200
v -0.10744000 0.26836300 -0.05291900
v -0.10420400 0.24726800 -0.03009600
v -0.11202200 0.26126100 -0.01565300
v -0.11408900 0.26006000 -0.00198700
v -0.03710200 0.26196300 -0.11174500
v -0.03591200 0.24756000 -0.10505800
v -0.03501800 0.23685000 -0.09983200
v -0.03412300 0.22633600 -0.09437000
v -0.03836500 0.27647100 -0.11811900
v -0.04302800 0.23831700 -0.10515200
v -0.05358700 0.24003600 -0.11165400
v -0.06143300 0.22697300 -0.10958500
v -0.06395700 0.11692300 0.04548600
v -0.08268300 0.15514400 0.04663800
v -0.08397000 0.15387600 0.05652200
v -0.08433800 0.15263600 0.06609200
v -0.08307000 0.15155300 0.07551000
v -0.07935500 0.15074100 0.08460500
v -0.06659100 0.11552200 0.05462700
v -0.06938100 0.11413800 0.06336800
v -0.07117200 0.11240900 0.07611100
v -0.06774200 0.11118500 0.08829700
v -0.04140500 0.11896000 0.11186400
v -0.04258900 0.10960200 0.10945800
v -0.07248200 0.15023400 0.09291800
v -0.06314600 0.14987000 0.10064100
v -0.04568300 0.15935700 0.11522800
v -0.04472400 0.14925100 0.11434000
v -0.03572500 0.13541200 0.11894600
v -0.02602900 0.13506300 0.12651100
v -0.01663100 0.13474900 0.13300700
v -0.00718700 0.13452700 0.13738600
v -0.02855300 0.07324600 0.08218900
v -0.03424000 0.21300100 -0.08763100
v -0.05911500 0.17231100 -0.07603200
v -0.06168700 0.15811300 -0.06504300
v -0.03867700 0.11534100 -0.02896500
v -0.00156200 0.10809900 0.01854100
v -0.00171600 0.11754200 0.00296900
v -0.08679600 0.21126000 -0.06136300
v -0.08004800 0.19043300 -0.05278400
v -0.07261600 0.16338200 -0.02304100
v -0.08119000 0.18840000 -0.04033700
v -0.08844200 0.20890500 -0.04557100
v -0.09051600 0.20672800 -0.03034600
v -0.08543000 0.19322600 -0.02968800
v 0.02682000 0.41375800 0.15622400
v 0.05266000 0.39354200 0.14411600
v 0.05398300 0.40998100 0.14483100
v 0.04167800 0.45090700 0.15447700
v 0.04014600 0.43444600 0.15321900
v 0.05576400 0.42642300 0.14576900
v 0.05801100 0.44287200 0.14704900
v 0.04713700 0.36467300 0.14466600
v 0.05157800 0.37708800 0.14337900
v 0.09266100 0.34495800 0.11389000
v 0.09103600 0.32872300 0.11188600
v 0.09399600 0.36126400 0.11538300
v 0.10402500 0.36544300 0.10848100
v 0.07673600 0.45127900 0.13959200
v 0.07348500 0.43482700 0.13820700
v 0.08941600 0.43492300 0.12912700
v 0.09334000 0.45136900 0.13028000
v 0.07071700 0.41839000 0.13702900
v 0.09897900 0.41032900 0.11811300
v 0.09681700 0.39395900 0.11732900
v 0.10206400 0.42671800 0.11896900
v 0.10381900 0.50093900 0.13288700
v 0.10573300 0.51748700 0.13328400
v 0.08733200 0.51737700 0.14398100
v 0.08555000 0.50082900 0.14333300
v 0.09735800 0.46786200 0.13136300
v 0.10098300 0.48439200 0.13226100
v 0.08307500 0.48428800 0.14235400
v 0.08004800 0.46776600 0.14104300
v 0.12344800 0.55049900 0.12238100
v 0.12253100 0.53400900 0.12198800
v 0.12467100 0.58338700 0.12332700
v 0.12416400 0.56695600 0.12288300
v 0.10858000 0.56698800 0.13460400
v 0.10909000 0.58343300 0.13504400
v 0.09064500 0.58338300 0.14591500
v 0.09014100 0.56692300 0.14550400
v 0.10696700 0.53401800 0.13363900
v 0.10786800 0.55051900 0.13409200
v 0.08944300 0.55043600 0.14497600
v 0.08854800 0.53391900 0.14447000
v 0.06841000 0.53376000 0.15343600
v 0.06923700 0.55029500 0.15396100
v 0.04866800 0.55013400 0.16049100
v 0.04799800 0.53359200 0.15995600
v 0.06986900 0.56679900 0.15448700
v 0.07031500 0.58327000 0.15487100
v 0.04950200 0.58312200 0.16135500
v 0.04917300 0.56664400 0.16099800
v 0.02884600 0.56649200 0.16532300
v 0.02905100 0.58297300 0.16564600
v 0.00921900 0.58287000 0.16792000
v 0.00911800 0.56638400 0.16761300
v 0.02808100 0.53344400 0.16426700
v 0.02851600 0.54998300 0.16482400
v 0.00898100 0.54987500 0.16710300
v 0.00882500 0.53334100 0.16653100
v 0.06045200 0.45934300 0.14856700
v 0.06389800 0.48411000 0.15089400
v 0.04474700 0.48392700 0.15736400
v 0.04325700 0.46740300 0.15592100
v 0.06582500 0.50064900 0.15208400
v 0.06731700 0.51720400 0.15287800
v 0.04714800 0.51702900 0.15937700
v 0.04606600 0.50047000 0.15855200
v 0.02693700 0.50032800 0.16292700
v 0.02755600 0.51688600 0.16368300
v 0.00867900 0.51678900 0.16597500
v 0.00855100 0.50023300 0.16534400
v 0.02499700 0.45899200 0.16005200
v 0.02621800 0.48378000 0.16188700
v 0.00834900 0.47541000 0.16400800
v 0.13851300 0.41545100 0.06799300
v 0.14406700 0.41590200 0.05430000
v 0.11513500 0.36567200 0.09803100
v 0.12374400 0.36608900 0.08623000
v 0.13051000 0.36661200 0.07362100
v 0.13590500 0.36719100 0.06070000
v 0.14012400 0.36780400 0.04756200
v 0.14336600 0.36838500 0.03419200
v 0.14561600 0.36887600 0.02052400
v 0.14666700 0.36927600 0.00658200
v 0.15260600 0.41680200 0.02624200
v 0.14573100 0.36975200 -0.00766400
v 0.14248400 0.37041400 -0.02255500
v 0.14397100 0.38253900 -0.02674600
v 0.13063400 0.34365000 -0.04180700
v 0.12562400 0.34443700 -0.05975900
v 0.12896100 0.36013000 -0.05997600
v 0.13216200 0.37594600 -0.05977000
v 0.13537200 0.39181100 -0.05938400
v 0.12827100 0.38461400 -0.07696800
v 0.12521000 0.36880200 -0.07777700
v 0.12121600 0.37753100 -0.09461300
v 0.12341400 0.38937900 -0.09368500
v 0.12213200 0.35309200 -0.07826100
v 0.11886700 0.33756800 -0.07813900
v 0.11531900 0.34623700 -0.09621600
v 0.11830700 0.36180400 -0.09567000
v 0.11215300 0.39055100 -0.11958000
v 0.13975500 0.44763800 -0.07519800
v 0.13728000 0.43196700 -0.07518200
v 0.13124700 0.43268900 -0.09124000
v 0.13353400 0.44832100 -0.09102800
v 0.13441100 0.41624300 -0.07548200
v 0.13136600 0.40045100 -0.07612400
v 0.12562600 0.40123100 -0.09278700
v 0.12852600 0.41699500 -0.09181400
v 0.12719000 0.45287000 -0.10587700
v 0.12867900 0.48017500 -0.10569400
v 0.12805900 0.46455900 -0.10573800
v 0.12964900 0.51146300 -0.10653400
v 0.12904600 0.49581600 -0.10591600
v 0.13712800 0.49528700 -0.09161900
v 0.13828000 0.51099100 -0.09241400
v 0.14629700 0.51053600 -0.07733400
v 0.14461600 0.49476900 -0.07638900
v 0.13515000 0.46394000 -0.09102300
v 0.13621900 0.47959600 -0.09119100
v 0.14316800 0.47901700 -0.07577400
v 0.14166300 0.46330700 -0.07540200
v 0.13256700 0.54269600 -0.10910400
v 0.13081400 0.52709400 -0.10761500
v 0.13990300 0.52668500 -0.09362300
v 0.14831400 0.52629700 -0.07864100
v 0.11212200 0.45340500 -0.12718400
v 0.10363800 0.39079400 -0.13059100
v 0.09293500 0.39055000 -0.13815900
v 0.08068000 0.38973000 -0.14304500
v 0.06744700 0.38844700 -0.14611600
v 0.05351400 0.38696400 -0.14813600
v 0.05814800 0.45032700 -0.15199400
v 0.03410800 0.43285200 -0.15608000
v 0.01876800 0.43214400 -0.15853300
v 0.00366600 0.43179600 -0.15994400
v 0.04002400 0.49346000 -0.15859800
v 0.04050000 0.50964600 -0.15988700
v 0.05634400 0.51014900 -0.15550100
v 0.05584700 0.49406000 -0.15450700
v 0.03909300 0.46120800 -0.15682400
v 0.03958200 0.47732000 -0.15758700
v 0.02461800 0.52559100 -0.16506500
v 0.04322100 0.58234400 -0.16723900
v 0.04105800 0.52587500 -0.16138800
v 0.06149900 0.23600100 0.11088300
v 0.05187800 0.23557600 0.11746100
v 0.05078200 0.22375100 0.11688100
v 0.04942300 0.20831700 0.11620000
v 0.08905000 0.31260700 0.10943000
v 0.09955800 0.26622000 -0.07051600
v 0.09622500 0.25505700 -0.06896200
v 0.10872000 0.31585600 -0.09498100
v 0.11213000 0.33091400 -0.09600200
v 0.11530500 0.32228900 -0.07730800
v 0.11142600 0.30721800 -0.07587000
v 0.10136500 0.28624200 -0.09113200
v 0.10511700 0.30098800 -0.09328100
v 0.10725400 0.29226800 -0.07403800
v 0.10288800 0.27738000 -0.07203900
v 0.10851600 0.28341000 -0.05441400
v 0.11336700 0.29851000 -0.05611400
v 0.11200100 0.28212100 -0.03665900
v 0.11787900 0.31366100 -0.05770700
v 0.12196200 0.32894300 -0.05898200
v 0.12672800 0.32807500 -0.04082200
v 0.12229800 0.31268600 -0.03952200
v 0.12392700 0.30403800 -0.02229200
v 0.11983500 0.29248700 -0.02139400
v 0.09850800 0.25318900 -0.05122000
v 0.10350700 0.26831100 -0.05277000
v 0.00257600 0.26083700 -0.10372600
v 0.04223500 0.23826600 -0.10396500
v 0.06813900 0.12989100 0.03890300
v 0.07594800 0.15866400 0.00959600
v 0.08233700 0.17191800 0.00757700
v 0.08450700 0.17107700 0.01832300
v 0.08858700 0.17821200 0.07835400
v 0.07550800 0.12481400 0.07565600
v 0.07286000 0.12398400 0.08422600
v 0.03358800 0.07987500 0.06205000
v 0.06676200 0.12341800 0.09206400
v 0.05805600 0.12296800 0.09927500
v 0.04825700 0.12254200 0.10641700
v 0.03992000 0.13557900 0.11463300
v 0.06822600 0.18908400 0.10034000
v 0.06003200 0.19408400 0.10681300
v 0.03021800 0.13522500 0.12251800
v 0.02099000 0.13489700 0.12978500
v 0.01182400 0.13462700 0.13546500
v 0.00239500 0.13447800 0.13836000
v 0.05953600 0.15802400 -0.06460700
v 0.01229300 0.11727100 -0.00005700
v 0.07607000 0.19038300 -0.05229500
v 0.07275700 0.17828800 -0.03668800
v 0.07385200 0.17671600 -0.02693900
v 0.07679700 0.18838000 -0.04000200
v 0.08423000 0.20888000 -0.04523500
v 0.07941900 0.17316700 -0.00322500
v 0.05854500 0.13807500 -0.01974900
v -0.04601000 0.48806200 0.15688300
v -0.15267400 0.49704000 0.04878600
v -0.13930400 0.38749900 -0.05111100
v -0.13275000 0.39650700 -0.07627800
v -0.11732500 0.38226500 -0.10991800
v -0.02504900 0.53789200 -0.16621500
v -0.12958000 0.31556800 -0.02314700
v -0.03283500 0.07597600 0.07212500
v -0.04257500 0.12888900 0.11258200
v 0.06224100 0.47171800 0.14977500
v 0.00845600 0.48781900 0.16473700
v 0.02562400 0.47137800 0.16097900
v 0.13411500 0.55437600 -0.11037700
v 0.14142000 0.53843700 -0.09476100
v 0.15000300 0.53810200 -0.07981800
v 0.04279700 0.38586900 -0.14942300
v 0.05680800 0.52224200 -0.15643000
v 0.02492200 0.53783500 -0.16635500
v 0.04153000 0.53805300 -0.16261100
v 0.10788000 0.27064700 -0.03569500
v -0.01299400 0.06889500 0.04603800
v -0.02151600 0.06699000 0.06644400
v -0.00816000 0.07017600 0.11771800
v -0.01867700 0.07065100 0.10011700
v -0.00459900 0.07020000 0.05305900
v -0.01848800 0.06760900 0.05691900
v -0.00116500 0.07022700 0.12280300
v -0.01414900 0.07039000 0.10854800
v -0.02140100 0.06869200 0.08774500
v 0.01670500 0.06827800 0.04325300
v 0.00814100 0.07025100 0.11753100
v 0.01854800 0.07065600 0.09971200
v 0.02037000 0.06893500 0.05566000
v 0.02677200 0.07129500 0.07300700
v 0.01450800 0.07040100 0.10773800
v 0.02417200 0.06945600 0.08490000
v 0.00678400 0.06863500 0.05201800
v 0.02098800 0.06865500 0.08771600
v -0.02300600 0.06766500 0.08218900
v -0.02645700 0.07039500 0.07212500
v -0.00742100 0.06247900 0.06047100
v -0.01237600 0.06137100 0.07233500
v -0.00461000 0.06322400 0.10214800
v -0.01072500 0.06350000 0.09191400
v -0.00254000 0.06323700 0.06455300
v -0.01061500 0.06173100 0.06679700
v -0.00054300 0.06325300 0.10510400
v -0.00809200 0.06334800 0.09681600
v 0.00984700 0.06212000 0.05885100
v 0.00486800 0.06326700 0.10203900
v 0.01091900 0.06350300 0.09167800
v 0.01197800 0.06250200 0.06606500
v 0.01570100 0.06387400 0.07615100
v 0.00857000 0.06335500 0.09634500
v 0.00407900 0.06232800 0.06394700
v 0.01326300 0.06257200 0.08388500
v -0.01277600 0.06206200 0.08310500
v -0.01524900 0.06335100 0.07563800
v -0.00281500 0.05971200 0.07327800
v -0.00094500 0.06004200 0.09061200
v -0.00392900 0.06012300 0.08656700
v 0.00311600 0.06007300 0.08867500
v 0.00395200 0.05963900 0.07284700
v 0.00598800 0.06007600 0.08199800
v -0.00570100 0.05961500 0.07899300
f 11 980 966
f 966 589 229
f 313 86 589
f 980 592 313
f 229 314 965
f 965 839 44
f 314 158 839
f 589 590 314
f 86 591 590
f 590 315 158
f 315 26 838
f 591 844 315
f 2176 979 592
f 592 316 86
f 2130 161 591
f 979 2130 316
f 2131 845 2130
f 44 317 967
f 967 593 230
f 317 87 593
f 839 596 317
f 230 318 968
f 968 970 6
f 318 231 970
f 593 594 318
f 87 319 594
f 594 969 231
f 319 841 969
f 595 159 319
f 158 838 596
f 596 595 87
f 320 840 595
f 838 840 320
f 26 321 840
f 840 597 159
f 321 88 597
f 842 600 321
f 159 322 841
f 841 971 45
f 322 232 971
f 597 598 322
f 88 323 598
f 598 972 232
f 323 7 972
f 599 974 323
f 160 324 600
f 2140 2134 2133
f 600 599 88
f 324 233 599
f 2134 973 324
f 843 46 2134
f 47 2136 845
f 2135 325 2136
f 845 2137 161
f 2136 601 2137
f 325 89 601
f 977 604 325
f 161 2138 844
f 2137 326 2138
f 844 2132 26
f 2138 842 2132
f 326 160 842
f 601 602 326
f 89 2139 602
f 603 327 2139
f 602 2140 160
f 2139 843 2140
f 327 975 843
f 234 2186 327
f 235 328 604
f 604 603 89
f 328 234 603
f 978 976 328
f 12 329 982
f 982 605 237
f 329 90 605
f 978 608 329
f 237 330 981
f 981 847 48
f 330 162 847
f 605 606 330
f 90 2141 606
f 2146 331 2141
f 606 2142 162
f 2141 846 2142
f 331 2143 846
f 2144 27 2143
f 607 2144 331
f 2147 852 2144
f 235 2145 608
f 235 332 2145
f 608 2146 90
f 2145 607 2146
f 332 2147 607
f 2148 165 2147
f 977 2148 332
f 2135 853 2148
f 48 333 983
f 983 609 238
f 333 91 609
f 847 612 333
f 609 984 238
f 334 4 984
f 610 986 334
f 609 610 334
f 91 2149 610
f 2154 335 2149
f 610 2150 239
f 2149 985 2150
f 335 2151 985
f 2152 49 2151
f 611 2152 335
f 2155 849 2152
f 162 2153 612
f 2142 336 2153
f 612 2154 91
f 2153 611 2154
f 336 2155 611
f 2156 163 2155
f 846 2156 336
f 2143 848 2156
f 27 2157 848
f 2178 337 2157
f 848 2158 163
f 2157 613 2158
f 337 2159 613
f 2160 92 2159
f 850 2160 337
f 2179 616 2160
f 163 2161 849
f 2158 338 2161
f 849 2162 49
f 2161 987 2162
f 338 2163 987
f 2164 240 2163
f 613 2164 338
f 2159 614 2164
f 92 2165 614
f 2170 339 2165
f 614 2166 240
f 2165 988 2166
f 339 2167 988
f 990 2167 2168
f 615 2168 339
f 241 2168 2171
f 164 2169 616
f 2182 340 2169
f 616 2170 92
f 2169 615 2170
f 340 2171 615
f 2172 241 2171
f 851 2172 340
f 2183 989 2172
f 47 2173 853
f 2131 341 2173
f 853 2174 165
f 2173 617 2174
f 341 2175 617
f 2175 93 2532
f 979 2176 341
f 2176 620 2175
f 165 2177 852
f 2174 342 2177
f 852 2178 27
f 2177 850 2178
f 342 2179 850
f 2180 164 2179
f 617 2180 342
f 2532 618 2180
f 93 2181 618
f 2185 343 2181
f 618 2182 164
f 2181 851 2182
f 343 2183 851
f 2184 50 2183
f 619 2184 343
f 242 991 2184
f 236 344 620
f 620 2185 93
f 344 619 2185
f 344 242 619
f 980 992 344
f 12 345 976
f 976 621 234
f 345 94 621
f 1004 624 345
f 2186 346 975
f 621 2187 2186
f 975 855 46
f 346 166 855
f 2187 622 346
f 94 2188 2187
f 2188 347 622
f 623 2189 2188
f 622 854 166
f 347 28 854
f 2189 860 347
f 248 1003 624
f 624 348 94
f 348 169 623
f 1003 861 348
f 46 349 973
f 973 625 233
f 349 95 625
f 855 628 349
f 233 350 974
f 974 994 7
f 350 243 994
f 625 626 350
f 95 627 626
f 626 351 243
f 351 51 993
f 627 857 351
f 166 352 628
f 628 352 95
f 352 167 627
f 854 856 352
f 28 353 856
f 856 629 167
f 353 96 629
f 858 632 353
f 167 354 857
f 857 995 51
f 354 244 995
f 629 630 354
f 96 355 630
f 630 996 244
f 355 8 996
f 631 998 355
f 168 356 632
f 632 631 96
f 356 245 631
f 859 997 356
f 53 357 861
f 861 633 169
f 357 97 633
f 1001 636 357
f 633 358 860
f 860 858 28
f 634 168 858
f 633 634 358
f 97 359 634
f 359 859 168
f 999 52 859
f 635 999 359
f 247 360 636
f 636 635 97
f 360 246 635
f 1002 1000 360
f 13 361 1006
f 1006 637 249
f 361 98 637
f 1002 640 361
f 2190 362 1005
f 249 2191 2190
f 1005 863 54
f 362 170 863
f 2191 638 362
f 637 2192 2191
f 2192 363 638
f 98 2193 2192
f 638 862 170
f 363 29 862
f 2193 868 363
f 639 2533 2193
f 247 364 640
f 640 639 98
f 364 173 639
f 1001 869 364
f 54 365 1007
f 1007 641 250
f 365 99 641
f 863 644 365
f 250 366 1008
f 1008 1010 3
f 366 251 1010
f 641 642 366
f 99 367 642
f 642 1009 251
f 367 55 1009
f 643 865 367
f 170 862 644
f 644 368 99
f 368 171 643
f 862 864 368
f 29 369 864
f 864 645 171
f 369 100 645
f 866 648 369
f 171 370 865
f 865 1011 55
f 370 252 1011
f 645 646 370
f 647 646 100
f 371 252 646
f 984 1012 371
f 238 371 647
f 172 372 648
f 648 647 100
f 372 238 647
f 867 983 372
f 53 373 869
f 869 649 173
f 373 101 649
f 1003 652 373
f 173 374 2533
f 2533 374 868
f 868 866 29
f 374 172 866
f 649 650 374
f 101 375 650
f 650 867 172
f 375 48 867
f 651 981 375
f 248 376 652
f 652 651 101
f 376 237 651
f 1004 982 376
f 13 377 1000
f 1000 653 246
f 377 102 653
f 1024 656 377
f 246 378 999
f 378 871 52
f 653 654 378
f 379 654 102
f 870 174 654
f 2195 870 379
f 876 2194 2195
f 2196 379 655
f 177 2195 2196
f 258 380 656
f 655 102 656
f 2197 655 380
f 877 2196 2197
f 1023 2197 380
f 2236 58 2197
f 52 381 997
f 997 657 245
f 381 103 657
f 871 660 381
f 245 382 998
f 998 1014 8
f 382 253 1014
f 657 658 382
f 103 2198 658
f 2203 659 2198
f 658 2199 253
f 2198 383 2199
f 383 2281 1013
f 2200 56 2281
f 659 2200 383
f 175 2200 2201
f 2202 660 174
f 660 2203 103
f 384 2203 2202
f 2204 659 384
f 872 2201 2204
f 2194 2534 870
f 2205 384 2534
f 30 2204 2205
f 30 2205 2194
f 2206 872 30
f 874 2206 2535
f 2207 175 872
f 385 2207 2206
f 664 661 385
f 2208 385 874
f 176 664 2208
f 2209 873 175
f 661 2209 2207
f 873 2210 56
f 386 2210 2209
f 386 2270 1015
f 662 2270 2211
f 104 386 661
f 2212 662 104
f 663 2212 2214
f 2213 254 662
f 387 2213 2212
f 1018 1016 387
f 255 387 663
f 875 2536 176
f 2214 104 664
f 388 2214 2536
f 1017 663 388
f 57 388 875
f 58 2216 877
f 2215 389 2216
f 2216 177 877
f 389 2218 2216
f 668 665 389
f 1021 668 389
f 2218 876 177
f 665 2219 2218
f 2219 30 876
f 390 2535 2219
f 666 2208 390
f 105 390 665
f 667 666 105
f 391 176 666
f 1019 875 391
f 256 391 667
f 257 392 668
f 392 105 668
f 1020 667 392
f 1022 1020 392
f 14 393 1026
f 1026 669 259
f 393 106 669
f 1022 672 393
f 259 394 1025
f 1025 879 59
f 394 178 879
f 669 670 394
f 106 2220 670
f 2225 395 2220
f 670 2221 178
f 2220 878 2221
f 395 2222 878
f 2223 31 2222
f 671 2223 395
f 2226 884 2223
f 257 2224 672
f 2217 396 2224
f 672 2225 106
f 2224 671 2225
f 396 2226 671
f 2227 181 2226
f 1021 2227 396
f 2215 885 2227
f 879 1027 59
f 397 260 1027
f 397 107 673
f 879 676 397
f 260 398 1028
f 1028 1030 2
f 398 261 1030
f 673 674 398
f 107 2228 674
f 2233 399 2228
f 674 2229 261
f 2228 1029 2229
f 399 2230 1029
f 2231 60 2230
f 675 2231 399
f 2234 881 2231
f 178 2232 676
f 2221 400 2232
f 676 2233 107
f 2232 675 2233
f 400 2234 675
f 2235 179 2234
f 878 2235 400
f 2222 880 2235
f 31 882 880
f 880 677 179
f 401 108 677
f 882 680 401
f 179 402 881
f 881 1031 60
f 402 262 1031
f 677 678 402
f 108 403 678
f 678 1032 262
f 403 3 1032
f 679 1008 403
f 180 404 680
f 680 679 108
f 404 250 679
f 883 1007 404
f 58 2236 885
f 2236 405 2237
f 885 2237 181
f 2237 681 2238
f 405 109 681
f 1023 684 405
f 181 2238 884
f 884 406 31
f 406 180 882
f 681 682 406
f 2239 407 682
f 109 2240 2239
f 682 883 180
f 407 54 883
f 2240 1005 407
f 683 2190 2240
f 258 408 684
f 684 683 109
f 408 249 683
f 1024 1006 408
f 1044 409 14
f 409 256 1020
f 688 685 409
f 268 688 1044
f 685 1019 256
f 410 57 1019
f 686 887 410
f 110 410 685
f 687 686 110
f 411 182 686
f 892 886 411
f 185 411 687
f 1043 412 268
f 412 110 688
f 893 687 412
f 63 893 1043
f 887 1017 57
f 413 255 1017
f 692 689 413
f 182 413 887
f 689 1018 255
f 414 9 1018
f 690 1034 414
f 111 414 689
f 691 690 111
f 415 263 690
f 889 1033 415
f 183 415 691
f 886 692 182
f 416 111 692
f 888 691 416
f 32 416 886
f 890 888 32
f 417 183 888
f 112 693 417
f 184 417 890
f 418 889 183
f 1035 61 889
f 694 1035 418
f 112 694 693
f 695 694 112
f 419 264 694
f 1038 1036 419
f 265 419 695
f 891 696 184
f 420 695 696
f 1037 265 420
f 62 420 891
f 1041 421 63
f 421 185 893
f 2241 697 421
f 2243 2242 2241
f 700 2241 1041
f 697 892 185
f 422 32 892
f 698 890 422
f 2242 422 697
f 113 422 2242
f 699 698 113
f 423 184 698
f 1039 891 423
f 266 423 699
f 1042 700 267
f 2244 113 2243
f 424 2243 700
f 2467 699 2244
f 1040 2244 424
f 15 424 1042
f 1042 1046 15
f 425 269 1046
f 704 701 425
f 267 425 1042
f 701 1045 269
f 426 2245 1045
f 702 2245 426
f 702 895 2245
f 114 702 701
f 2246 702 114
f 427 186 702
f 33 894 427
f 189 2246 703
f 900 427 2246
f 428 704 267
f 703 114 704
f 901 703 428
f 63 428 1041
f 895 1047 64
f 429 270 1047
f 2537 705 429
f 708 115 2537
f 2247 429 895
f 708 2537 2247
f 705 1048 270
f 430 1 1048
f 706 1050 430
f 115 430 705
f 707 706 115
f 431 271 706
f 897 1049 431
f 187 431 707
f 894 708 186
f 432 115 708
f 896 707 432
f 33 432 894
f 898 896 33
f 433 187 896
f 712 709 433
f 188 433 898
f 709 897 187
f 434 65 897
f 710 1051 434
f 116 434 709
f 711 710 116
f 435 272 710
f 435 2 1052
f 260 435 711
f 899 712 188
f 436 116 712
f 1027 711 436
f 59 436 899
f 1043 901 63
f 437 189 901
f 716 713 437
f 268 437 1043
f 713 900 189
f 438 33 900
f 714 898 438
f 117 438 713
f 715 714 117
f 439 188 714
f 1025 899 439
f 259 439 715
f 1044 716 268
f 440 117 716
f 440 259 715
f 1044 1026 440
f 17 441 1054
f 1054 717 273
f 441 118 717
f 1064 720 441
f 273 442 1053
f 1053 2249 2262
f 2262 903 66
f 442 190 2249
f 2249 190 903
f 717 718 442
f 118 443 718
f 718 902 190
f 443 908 902
f 908 34 2254
f 719 193 443
f 278 444 720
f 720 719 118
f 444 909 719
f 1063 68 444
f 66 445 1055
f 1055 721 274
f 445 119 721
f 903 724 445
f 721 446 1056
f 1056 972 7
f 446 232 972
f 2250 722 446
f 119 723 2250
f 723 447 722
f 722 971 232
f 447 45 971
f 2251 905 447
f 190 2252 724
f 724 448 119
f 448 2251 723
f 2253 191 2251
f 902 2254 2252
f 2252 2253 448
f 2254 904 2253
f 34 449 904
f 904 449 191
f 449 120 725
f 906 728 449
f 191 725 905
f 905 450 45
f 450 231 969
f 725 726 450
f 120 451 726
f 726 970 231
f 1058 970 451
f 275 451 727
f 192 452 728
f 728 727 120
f 452 275 727
f 907 1057 452
f 68 453 909
f 909 729 193
f 453 121 729
f 1061 732 453
f 193 454 908
f 454 906 34
f 730 192 906
f 729 730 454
f 121 455 730
f 455 907 192
f 1059 67 907
f 731 1059 455
f 277 456 732
f 732 731 121
f 456 276 731
f 1062 1060 456
f 18 457 1066
f 1066 733 279
f 457 122 733
f 1072 736 457
f 279 458 1065
f 1065 2255 2290
f 2290 911 69
f 458 2256 2255
f 2255 194 911
f 733 734 458
f 122 459 734
f 734 2257 2256
f 2256 910 194
f 459 2258 2257
f 2257 35 910
f 735 916 459
f 282 460 736
f 736 735 122
f 460 197 735
f 1071 917 460
f 69 461 1067
f 1067 737 280
f 461 123 737
f 911 740 461
f 737 462 1068
f 1068 996 8
f 462 244 996
f 123 738 462
f 739 463 738
f 738 995 244
f 463 51 995
f 195 913 463
f 194 464 740
f 740 739 123
f 464 195 739
f 910 912 464
f 35 465 912
f 912 741 195
f 465 124 741
f 914 744 465
f 741 466 913
f 913 993 51
f 466 742 993
f 124 742 466
f 743 467 742
f 742 994 243
f 467 7 994
f 274 1056 467
f 196 468 744
f 744 743 124
f 468 274 743
f 915 1055 468
f 70 469 917
f 917 745 197
f 469 125 745
f 1069 748 469
f 197 470 916
f 916 2259 2258
f 2258 914 35
f 470 2260 2259
f 2259 196 914
f 745 746 470
f 125 471 746
f 746 2261 2260
f 2260 915 196
f 471 2262 2261
f 2261 66 915
f 747 1053 471
f 281 472 748
f 748 747 125
f 472 273 747
f 1070 1054 472
f 19 473 1074
f 1074 749 283
f 473 126 749
f 1080 752 473
f 283 474 1073
f 1073 919 71
f 474 198 919
f 749 750 474
f 126 475 750
f 750 918 198
f 475 2263 918
f 2263 36 2275
f 751 2264 475
f 2264 924 2263
f 1079 476 752
f 752 751 126
f 476 2265 751
f 2265 201 2264
f 476 925 2265
f 2326 72 476
f 71 477 1075
f 1075 753 284
f 477 2268 753
f 2266 127 2268
f 919 2266 477
f 919 756 2266
f 753 1076 284
f 478 9 1076
f 2267 1016 478
f 2267 254 2213
f 753 2267 478
f 2268 754 2267
f 127 2269 754
f 2273 479 2269
f 754 2270 254
f 2269 1015 2270
f 479 2271 1015
f 2271 56 2210
f 755 2272 479
f 2272 921 2271
f 198 480 756
f 756 2273 127
f 756 755 2273
f 480 2274 755
f 2274 199 2272
f 918 2275 480
f 2275 920 2274
f 36 2276 920
f 2287 481 2276
f 920 2277 199
f 2276 757 2277
f 481 2278 757
f 2278 128 2283
f 922 2279 481
f 2279 760 2278
f 199 2280 921
f 2277 482 2280
f 921 2281 56
f 2280 1013 2281
f 482 2282 1013
f 2282 253 2199
f 757 2283 482
f 2283 758 2282
f 128 759 758
f 759 483 2538
f 2538 1014 253
f 483 8 1014
f 280 1068 483
f 200 923 760
f 760 484 128
f 484 280 759
f 923 1067 484
f 72 2284 925
f 2330 1077 2284
f 925 2285 201
f 2284 485 2285
f 485 129 761
f 1077 764 485
f 201 2286 924
f 2285 761 2286
f 924 2287 36
f 2286 922 2287
f 486 762 922
f 762 200 2279
f 761 762 486
f 129 487 2288
f 2288 487 762
f 762 923 200
f 487 2290 2289
f 2289 69 923
f 763 1065 487
f 285 488 764
f 764 763 129
f 488 279 763
f 1078 1066 488
f 1087 1082 20
f 489 287 1082
f 768 765 489
f 290 489 1087
f 765 1081 287
f 490 2503 1081
f 490 73 2503
f 766 927 490
f 130 490 765
f 767 766 130
f 491 202 766
f 2291 926 491
f 932 2295 2291
f 2292 491 767
f 205 2291 2292
f 1086 768 290
f 492 130 768
f 2293 767 492
f 2296 2292 2293
f 933 2293 2294
f 2294 492 1086
f 74 2294 2320
f 927 1083 73
f 493 288 1083
f 772 769 493
f 202 493 927
f 769 1084 288
f 494 10 1084
f 770 1036 494
f 131 494 769
f 771 770 131
f 495 264 770
f 61 1035 495
f 929 495 771
f 926 772 202
f 496 131 772
f 203 771 496
f 2295 496 926
f 37 928 2295
f 930 497 37
f 497 203 928
f 776 773 497
f 204 776 930
f 773 929 203
f 498 61 929
f 774 1033 498
f 132 498 773
f 775 774 132
f 499 263 774
f 1076 1034 499
f 284 499 775
f 931 500 204
f 500 132 776
f 1075 775 500
f 71 1075 931
f 1085 933 74
f 2297 205 2296
f 501 2296 933
f 780 777 2297
f 780 2297 501
f 289 501 1085
f 777 932 205
f 502 37 932
f 778 930 502
f 133 502 777
f 779 778 133
f 503 204 778
f 1073 931 503
f 779 1073 503
f 19 780 2298
f 19 2298 289
f 504 133 780
f 504 283 779
f 19 1074 504
f 1105 505 1089
f 1089 781 291
f 505 134 781
f 21 784 505
f 291 506 1088
f 506 935 75
f 782 206 935
f 781 782 506
f 134 507 782
f 507 934 206
f 940 38 934
f 783 940 507
f 296 508 784
f 77 508 296
f 784 783 134
f 2299 209 783
f 508 2305 2299
f 77 941 508
f 75 509 1090
f 509 785 292
f 788 135 785
f 935 788 509
f 292 510 1091
f 1091 1072 18
f 510 282 1072
f 785 786 510
f 135 511 786
f 786 1071 282
f 511 937 1071
f 787 207 511
f 206 512 788
f 512 787 135
f 936 207 787
f 934 2300 206
f 206 936 512
f 38 2301 2300
f 2300 513 936
f 513 789 207
f 792 136 789
f 938 2302 2301
f 2301 792 513
f 207 514 937
f 937 1069 70
f 514 281 1069
f 789 790 514
f 136 515 790
f 790 1070 281
f 515 17 1070
f 791 1093 515
f 208 2303 2302
f 2302 516 792
f 516 791 136
f 1092 293 791
f 939 2304 2303
f 2303 1092 516
f 295 517 941
f 2305 793 209
f 941 2306 2305
f 2306 137 793
f 517 2307 2306
f 295 520 517
f 209 518 940
f 518 938 38
f 794 208 938
f 793 794 518
f 137 519 794
f 519 939 208
f 1094 76 939
f 294 1094 519
f 2307 294 137
f 520 2308 2307
f 22 1095 520
f 22 521 297
f 522 2539 2319
f 138 2539 522
f 210 524 2539
f 521 210 138
f 523 139 521
f 295 523 521
f 77 525 523
f 139 524 210
f 524 78 2539
f 298 586 524
f 296 585 525
f 525 298 139
f 585 156 525
f 1100 526 1095
f 2308 795 294
f 1095 526 2308
f 526 140 795
f 294 527 1094
f 527 943 76
f 796 211 943
f 795 796 527
f 140 528 796
f 528 942 211
f 2540 2315 942
f 797 2540 528
f 2309 948 2540
f 302 529 798
f 798 797 140
f 529 2310 798
f 2310 2309 797
f 2310 214 2309
f 949 214 2310
f 1099 949 529
f 76 2311 2304
f 2304 530 1092
f 530 799 293
f 802 141 799
f 943 2312 2311
f 2311 802 530
f 293 531 1093
f 1093 1064 17
f 531 278 1064
f 799 800 531
f 141 532 800
f 800 1063 278
f 532 1063 800
f 532 945 1063
f 801 212 532
f 211 533 2312
f 2312 533 802
f 802 801 141
f 533 2313 801
f 942 2314 533
f 2314 944 2313
f 942 39 2314
f 39 534 944
f 944 803 212
f 534 142 803
f 213 534 946
f 212 535 945
f 945 1061 68
f 535 277 1061
f 803 804 535
f 142 536 804
f 804 1062 277
f 536 16 1062
f 805 1097 536
f 947 806 213
f 537 805 806
f 79 537 947
f 80 538 949
f 949 807 214
f 538 143 807
f 543 810 538
f 214 539 948
f 2315 946 39
f 948 2316 2315
f 2317 946 2316
f 539 2317 2316
f 807 808 539
f 809 808 143
f 2318 213 2317
f 540 2317 808
f 2522 947 2318
f 1098 2318 540
f 300 540 809
f 301 541 810
f 810 809 143
f 23 144 303
f 301 542 144
f 80 215 542
f 145 522 545
f 302 1100 546
f 1100 297 546
f 550 305 547
f 310 547 24
f 811 81 548
f 146 548 305
f 812 811 146
f 549 216 811
f 954 950 549
f 219 549 812
f 955 812 550
f 84 550 310
f 551 304 1101
f 816 813 551
f 216 551 81
f 813 1102 304
f 552 20 1102
f 814 1087 552
f 147 552 813
f 815 814 147
f 553 290 814
f 2320 1086 553
f 952 553 815
f 950 816 216
f 554 147 816
f 217 815 554
f 40 554 950
f 953 951 40
f 555 217 951
f 819 817 555
f 218 555 953
f 817 952 217
f 556 2320 952
f 818 74 556
f 148 556 817
f 307 818 148
f 557 1085 818
f 574 289 557
f 574 19 289
f 2321 819 218
f 558 148 819
f 83 2321 218
f 1103 955 84
f 559 219 955
f 822 820 559
f 309 559 1103
f 820 954 219
f 560 40 954
f 561 953 560
f 821 560 820
f 2322 218 561
f 308 821 149
f 570 561 821
f 562 822 309
f 562 149 822
f 309 312 25
f 2323 563 312
f 564 220 228
f 957 956 220
f 222 564 150
f 1103 2323 309
f 84 563 2323
f 565 150 563
f 41 43 956
f 566 958 565
f 310 565 84
f 566 222 958
f 824 823 566
f 823 564 222
f 151 957 564
f 41 956 957
f 306 41 151
f 82 221 41
f 2325 824 566
f 24 566 310
f 2324 151 823
f 568 823 824
f 570 223 2322
f 2322 223 83
f 308 571 570
f 571 42 223
f 152 963 571
f 25 572 569
f 312 572 25
f 569 226 152
f 1106 85 572
f 2321 573 558
f 558 825 307
f 573 153 825
f 83 828 573
f 574 1080 19
f 825 826 574
f 153 575 826
f 826 1079 286
f 575 2326 1079
f 827 960 575
f 828 576 153
f 576 2327 827
f 223 959 576
f 42 577 959
f 961 2328 577
f 959 829 224
f 577 832 829
f 832 154 829
f 2328 832 577
f 961 225 2328
f 224 2329 2327
f 2327 578 960
f 960 2330 72
f 578 2331 1077
f 2332 285 2331
f 829 830 2332
f 154 579 830
f 830 1078 285
f 579 18 1078
f 831 1091 579
f 225 580 832
f 580 831 154
f 1090 292 831
f 962 1090 580
f 572 833 226
f 581 155 833
f 85 836 581
f 226 582 963
f 963 961 42
f 582 834 961
f 834 225 961
f 833 834 582
f 155 583 834
f 583 962 225
f 1088 75 962
f 835 1088 583
f 1104 584 836
f 836 835 155
f 584 291 835
f 311 1089 584
f 1105 837 585
f 311 588 1105
f 586 227 78
f 156 587 586
f 586 43 227
f 1104 964 588
f 837 220 156
f 588 228 837
f 85 1106 964
f 1106 157 964
f 964 150 228
f 1106 563 157
f 587 956 43
f 11 1378 2031
f 966 1652 1378
f 1378 1173 1655
f 2031 1655 2402
f 2402 1655 1317
f 229 1379 1652
f 965 1902 1379
f 1902 1244 1653
f 1652 2333 1173
f 1379 1653 2333
f 2333 1380 1654
f 1653 1901 1380
f 1380 2334 2335
f 2334 1121 1907
f 1654 2335 2338
f 2335 1907 1247
f 2336 1381 2030
f 1655 2337 2336
f 2337 1654 1381
f 1173 1654 2337
f 1381 2338 2339
f 2338 1247 1908
f 2030 2339 2390
f 2339 1908 1141
f 44 1382 1902
f 967 230 1382
f 1382 1656 1659
f 1382 1659 1244
f 230 1383 1656
f 968 2021 1383
f 1383 1312 1657
f 1656 1657 1174
f 1657 1384 1658
f 1657 2020 1384
f 2020 1139 1904
f 1658 1904 1245
f 1244 1385 1901
f 1659 1174 1385
f 1174 1658 2340
f 1385 2340 2341
f 2340 1245 1903
f 1901 2341 2334
f 2341 1903 1121
f 1121 1386 1905
f 1903 1660 1386
f 1386 1175 1663
f 1905 1663 1246
f 1245 1387 1660
f 1904 2022 1387
f 1387 1313 1661
f 1660 1661 1175
f 1175 2342 2344
f 2342 1388 1662
f 1661 2343 2342
f 2343 2023 1388
f 1388 1110 2025
f 1662 2025 1314
f 1246 1389 2352
f 2352 1389 1906
f 1663 2344 1389
f 2344 1662 2345
f 1389 2345 2024
f 2345 1314 2407
f 1906 2024 1140
f 2346 1390 2028
f 1141 2347 2346
f 2347 1664 1390
f 1908 2350 2347
f 2348 1176 1667
f 1390 1176 2348
f 2349 1667 1316
f 2028 2348 2349
f 2350 1391 1664
f 1247 1391 2350
f 1907 1121 1391
f 1391 1246 1665
f 1664 1665 1176
f 1176 2351 2353
f 2353 1392 1666
f 1665 2352 2351
f 2351 1906 1392
f 1392 1140 2026
f 1666 2026 1315
f 1316 1393 2029
f 1667 2353 1393
f 1393 1666 2027
f 2029 2027 1113
f 1113 1394 2029
f 2033 1668 1394
f 1394 1177 1671
f 2029 1671 1316
f 1318 1395 1668
f 2032 1910 1395
f 1395 1248 1669
f 1668 1669 1177
f 1177 2354 2359
f 2359 1396 1670
f 1669 2355 2354
f 2354 1909 1396
f 1396 2356 2357
f 2357 1122 1915
f 1670 2357 2360
f 2360 1915 1251
f 1316 2358 2349
f 2349 1397 2028
f 1671 2359 2358
f 2358 1670 1397
f 1397 2360 2361
f 2361 1251 1916
f 2028 2361 2346
f 2346 1916 1141
f 1142 1398 1910
f 2034 1672 1398
f 1398 2362 2363
f 2363 1178 1675
f 1910 1675 1248
f 1319 1399 1672
f 1109 1399 2035
f 2037 2365 1399
f 2365 1320 1673
f 1672 2365 2362
f 2362 1673 1178
f 1178 2366 2371
f 2371 1400 1674
f 1673 2367 2366
f 2366 2036 1400
f 1400 2368 2369
f 2369 1143 1912
f 1674 2369 2372
f 2372 1912 1249
f 1248 2370 2355
f 2355 1401 1909
f 1675 2371 2370
f 2370 1674 1401
f 1401 2372 2373
f 2373 1249 1911
f 1909 2373 2356
f 2356 1911 1122
f 1122 2374 2395
f 2395 1402 1913
f 1911 2375 2374
f 2374 1676 1402
f 1402 2376 2377
f 2377 1179 1679
f 1913 2377 2396
f 2396 1679 1250
f 1249 2378 2375
f 2375 1403 1676
f 1912 2379 2378
f 2378 2038 1403
f 1403 2380 2381
f 2381 1321 1677
f 1676 2381 2376
f 2376 1677 1179
f 1179 2382 2387
f 2387 1404 1678
f 1677 2383 2382
f 2382 2039 1404
f 1404 2384 2385
f 2385 5 990
f 1678 2385 2388
f 2388 990 241
f 1250 2386 2399
f 2399 1405 1914
f 1679 2387 2386
f 2386 1678 1405
f 1405 2388 2389
f 2389 241 989
f 1914 2389 2400
f 2400 989 50
f 2390 1406 2030
f 1916 2541 2390
f 1916 2391 2541
f 2541 1680 1406
f 1406 2392 2393
f 2393 1180 1683
f 2030 2393 2336
f 2393 1683 1317
f 1251 2394 2391
f 2391 1407 1680
f 1915 2395 2394
f 2394 1913 1407
f 1407 2396 2397
f 2397 1250 1681
f 1680 2397 2392
f 2392 1681 1180
f 1180 2398 2403
f 2403 1408 1682
f 1681 2399 2398
f 2398 1914 1408
f 1408 2400 2401
f 2401 50 991
f 1682 2401 2542
f 2401 242 2542
f 2402 1409 2031
f 1317 2543 2402
f 1683 2403 2543
f 2543 1682 1409
f 2542 242 2404
f 1682 2542 2404
f 2031 992 11
f 1113 1410 2051
f 2027 1315 1410
f 1410 1684 1687
f 2051 1687 1327
f 1315 1411 1684
f 2026 1918 1411
f 1411 1252 1685
f 1684 1685 1181
f 1181 2405 1686
f 1685 1917 1412
f 1917 1123 1923
f 1686 2406 1255
f 2405 1412 2406
f 1327 1413 2050
f 1687 1181 1413
f 1413 1686 1924
f 2050 1924 1146
f 1140 1414 1918
f 2024 2407 1414
f 2407 1688 2408
f 1414 2408 1691
f 2408 1182 2409
f 1918 1691 1252
f 1314 1415 1688
f 2025 2041 1415
f 1415 1322 1689
f 1688 1689 1182
f 1182 1416 1690
f 1689 2040 1416
f 1416 1144 1920
f 1690 1920 1253
f 1252 1417 1917
f 1691 2409 1417
f 2409 1690 2410
f 1417 2410 1919
f 2410 1253 2411
f 1917 1919 1123
f 1123 1418 1921
f 1919 2411 1418
f 2411 1692 2412
f 1418 2412 1695
f 2412 1183 2413
f 1921 1695 1254
f 1253 1419 1692
f 1920 2042 1419
f 1419 1323 1693
f 1692 1693 1183
f 1183 1420 1694
f 1693 2043 1420
f 1420 1111 2045
f 1694 2045 1324
f 1254 1421 1922
f 1695 2413 1421
f 2413 1694 2414
f 1421 2414 2044
f 2414 1324 2416
f 1922 2044 1145
f 1924 1422 2048
f 1255 1696 1422
f 1422 1184 1699
f 2048 1699 1326
f 2406 1923 1696
f 1923 1921 1423
f 1423 1254 1697
f 1696 2415 1184
f 1696 1423 2415
f 2415 1697 1698
f 1697 1922 1424
f 1424 1145 2046
f 1698 1424 1325
f 1699 1425 2049
f 1184 1698 1425
f 1425 1325 2047
f 2049 2047 1114
f 1114 1426 2049
f 2053 1700 1426
f 1700 1185 1703
f 1426 1703 1326
f 1328 1427 1700
f 2052 1926 1427
f 1427 1256 1701
f 1427 1701 1185
f 1185 1428 1702
f 1701 1925 1428
f 1925 1124 1931
f 1428 1931 1259
f 1326 1429 2048
f 1703 1702 1429
f 1702 1259 1932
f 1429 1932 1146
f 1147 1430 1926
f 2054 1704 1430
f 1430 1186 1707
f 1926 1707 1256
f 1329 1431 1704
f 2055 2057 1431
f 1431 1330 1705
f 1704 1705 1186
f 1186 1432 1706
f 1705 2056 1432
f 1432 1148 1928
f 1706 1928 1257
f 1256 1433 1925
f 1707 1706 1433
f 1706 1257 1927
f 1433 1927 1124
f 1124 1434 1929
f 1927 1708 1434
f 1434 1187 1711
f 1929 1711 1258
f 1257 1435 1708
f 1928 2058 1435
f 1435 1331 1709
f 1708 1709 1187
f 1436 1710 1187
f 1331 1436 1709
f 2059 2035 1436
f 2035 1319 1710
f 1258 1437 1930
f 1711 1710 1437
f 1437 1319 2034
f 1930 2034 1142
f 1146 1438 2050
f 1932 1712 1438
f 1438 1188 1715
f 2050 1715 1327
f 1259 1439 1712
f 1931 1929 1439
f 1439 1258 1713
f 1712 1713 1188
f 1188 1440 1714
f 1713 1930 1440
f 1440 1142 2032
f 1714 2032 1318
f 1327 1441 2051
f 1715 1714 1441
f 1441 1318 2033
f 2051 2033 1113
f 1114 1442 2071
f 2047 1716 1442
f 1442 1189 1719
f 2071 1719 1337
f 1325 2046 1716
f 2046 1934 1443
f 1934 1717 1443
f 1716 1443 1189
f 1717 1718 1189
f 1260 1444 1717
f 2423 1939 1444
f 1444 1263 1718
f 1337 1445 2070
f 1189 1445 1719
f 1718 1940 1445
f 2070 1940 1151
f 1145 1446 1934
f 2044 2416 1446
f 2416 1720 2417
f 1446 2417 2418
f 2417 1190 1723
f 2418 1260 1934
f 2418 1723 1260
f 1324 1447 1720
f 2045 2061 1447
f 1447 1332 1721
f 1720 1721 1190
f 2419 2060 1448
f 1721 2497 2419
f 2420 1149 1936
f 2060 2496 2420
f 1448 2421 1722
f 2420 1261 2421
f 1448 2420 2421
f 1723 1933 1260
f 1190 1722 1723
f 1722 2422 1449
f 2421 1935 2422
f 2422 1125 2423
f 1449 2423 1933
f 2424 1937 2438
f 1935 2424 1125
f 2425 1450 2424
f 1261 2425 1935
f 2431 1727 2426
f 1724 2426 1450
f 2427 1262 2439
f 2426 1262 2427
f 1450 2427 1937
f 2428 1724 2425
f 1936 2428 1261
f 1936 2429 2428
f 2429 1451 2428
f 2429 2062 1451
f 2430 1333 1725
f 1451 2485 2430
f 2430 1191 2431
f 1451 2431 1724
f 1725 1726 1191
f 1333 1452 1725
f 2063 2065 1452
f 1452 1334 1726
f 1727 2432 1938
f 1727 1938 1262
f 1191 1453 1727
f 1726 2064 1453
f 2432 1150 1938
f 1453 2459 2432
f 1151 2433 2453
f 1940 2433 1151
f 2434 1454 2433
f 1263 2434 1940
f 2435 1731 2436
f 1728 2435 1454
f 2068 2436 2450
f 2436 1336 2450
f 1454 2436 2068
f 2437 1728 2434
f 1939 2437 1263
f 2438 1455 2437
f 1125 2438 1939
f 2439 1729 2440
f 1937 2439 1455
f 2440 1192 2435
f 1455 2440 1728
f 1729 1730 1192
f 1262 1456 1729
f 1938 2066 1456
f 1456 1335 1730
f 2441 2069 2443
f 1457 2069 2441
f 1731 2441 1336
f 1192 1457 1731
f 1730 2067 1457
f 2067 2458 2069
f 2073 1458 1115
f 2073 1338 1458
f 2442 1193 1735
f 1732 2445 2442
f 1458 2443 2069
f 2443 1735 1336
f 1458 2442 2443
f 1338 1459 1732
f 2072 1942 1459
f 2444 1264 1733
f 1942 2455 2444
f 2445 1733 1193
f 1459 2444 2445
f 2446 1460 1734
f 1733 2447 2446
f 2447 1941 1460
f 1264 2456 2447
f 2448 1126 1947
f 1941 2457 2448
f 2449 1947 1267
f 1460 2448 2449
f 2450 1461 2068
f 1735 2451 2450
f 2451 1734 1461
f 1193 2446 2451
f 2452 1267 1948
f 1734 2449 2452
f 2453 1948 1151
f 1461 2452 2453
f 1152 1462 1942
f 2074 1736 1462
f 2454 1194 1739
f 1736 2544 2454
f 2455 1739 1264
f 1462 2454 2455
f 1339 1463 1736
f 2075 2077 1463
f 1463 1340 1737
f 1736 1463 2544
f 2544 1737 1194
f 1194 1464 1738
f 1737 2076 1464
f 1464 1153 1944
f 1738 1944 1265
f 2456 1465 1941
f 1739 2545 2456
f 1739 1194 2545
f 2545 1738 1465
f 1465 1738 2546
f 2546 1265 1943
f 2457 1943 1126
f 1465 2546 2457
f 1126 1466 1945
f 1943 1740 1466
f 1466 1195 1743
f 1945 1743 1266
f 1265 1467 1740
f 1944 2078 1467
f 1467 1341 1741
f 1740 1741 1195
f 1195 1468 1742
f 1741 2079 1468
f 1468 1108 2055
f 1742 2055 1329
f 1266 1469 1946
f 1743 1742 1469
f 1469 1329 2054
f 1946 2054 1147
f 1151 1470 2070
f 1948 1744 1470
f 1470 1196 1747
f 2070 1747 1337
f 1267 1471 1744
f 1947 1945 1471
f 1471 1266 1745
f 1744 1745 1196
f 1196 1472 1746
f 1745 1946 1472
f 1472 1147 2052
f 1746 2052 1328
f 1337 1473 2071
f 1747 1746 1473
f 1473 1328 2053
f 2071 2053 1114
f 2458 2087 1115
f 1474 2087 2458
f 1335 1474 2067
f 1748 1751 1474
f 1751 1345 2087
f 2066 1748 1335
f 1150 1475 2066
f 1950 1749 1475
f 1475 1197 1748
f 1749 1750 1197
f 1268 1476 1749
f 1949 1955 1476
f 1476 1271 1750
f 1477 2086 1345
f 1197 1477 1751
f 1750 1956 1477
f 1956 2464 2086
f 2459 1950 1150
f 2064 2460 2459
f 1334 1478 2064
f 1752 1755 1478
f 2460 1268 1950
f 1478 2461 2460
f 2065 1752 1334
f 1112 1479 2065
f 2081 1753 1479
f 1479 1198 1752
f 1753 1754 1198
f 1342 1480 1753
f 2080 1952 1480
f 1480 1269 1754
f 2461 1949 1268
f 1755 2462 2461
f 1198 1481 1755
f 1754 1951 1481
f 2462 1127 1949
f 1481 2463 2462
f 2463 1953 1127
f 1951 2547 2463
f 1269 1482 1951
f 1756 1199 1482
f 2547 1270 1953
f 1482 1270 2547
f 1952 1756 1269
f 1154 1483 1952
f 2082 1343 1483
f 1483 1757 1756
f 1757 1758 1199
f 1343 1484 1757
f 2083 1038 1484
f 1484 265 1758
f 1759 1954 1270
f 1199 1485 1759
f 1758 1037 1485
f 1485 62 1954
f 2464 2084 1155
f 1486 2084 2464
f 1271 1760 1956
f 1760 1763 1486
f 1763 1344 2472
f 1486 1763 2084
f 1955 1487 1271
f 1127 1953 1955
f 1953 1761 1487
f 1487 1200 1760
f 1761 1762 1200
f 1270 1488 1761
f 1954 1039 1488
f 1488 266 1762
f 1489 2085 1344
f 2465 1489 1763
f 1200 2466 2465
f 2466 1040 1489
f 1762 2467 2466
f 1040 15 2085
f 1046 2085 15
f 269 1490 1046
f 1764 1767 1490
f 1490 1344 2085
f 1045 1764 269
f 64 1491 1045
f 1958 1765 1491
f 1491 1201 1764
f 2469 1492 2468
f 1765 2468 1201
f 2476 1957 2469
f 1272 2469 1765
f 1957 2470 1492
f 2548 1128 2470
f 1492 2471 1766
f 2470 1963 2471
f 2473 1493 2472
f 1767 2472 1344
f 2468 1766 2473
f 1201 2473 1767
f 1766 1964 1493
f 2471 1275 1964
f 1493 1155 2084
f 1047 1958 64
f 270 1494 1047
f 1768 2549 1494
f 1768 1771 2549
f 1494 2474 1958
f 2549 1771 2474
f 1048 1768 270
f 1 1495 1048
f 2089 1769 1495
f 1495 1202 1768
f 1769 1770 1202
f 2475 1496 1769
f 2088 1960 1496
f 1496 1273 1770
f 1771 2476 1272
f 2550 1497 2476
f 1202 2550 1771
f 1202 1497 2550
f 1770 1959 1497
f 1497 2548 1957
f 1497 1128 2548
f 1959 1961 1128
f 1273 1498 1959
f 1772 1775 1498
f 1498 1274 1961
f 1960 1772 1273
f 1156 1499 1960
f 2090 1773 1499
f 1499 1203 1772
f 1773 1774 1203
f 1347 1500 1773
f 1500 1107 2075
f 1774 2075 1339
f 1775 1962 1274
f 1203 1501 1775
f 1501 1339 2074
f 1962 2074 1152
f 1964 1502 1155
f 1275 1502 1964
f 1776 1779 1502
f 1502 1345 2086
f 1963 1776 1275
f 1128 1503 1963
f 1961 1777 1503
f 1503 1204 1776
f 1777 1778 1204
f 1274 1504 1777
f 1504 1152 2072
f 1778 2072 1338
f 1779 2087 1345
f 1204 1505 1779
f 1778 2073 1505
f 1505 1115 2087
f 1116 1506 2099
f 2093 1780 1506
f 1506 1205 1783
f 2099 1783 1351
f 1348 2092 1780
f 2092 1966 1507
f 1507 1276 1781
f 1780 1507 1205
f 1205 2477 1782
f 1205 1781 2477
f 1781 1965 1508
f 1508 1129 1971
f 1782 2478 2479
f 2478 1971 1279
f 2477 1508 2478
f 1351 1509 2518
f 2518 1509 2098
f 1783 1782 1509
f 1509 2479 2480
f 2479 1279 1972
f 2480 1972 1158
f 1157 1510 1966
f 2094 1784 1510
f 1510 1206 1787
f 1966 1787 1276
f 1349 1511 1784
f 2095 2023 1511
f 2481 1313 1785
f 2023 2343 2481
f 1784 1785 1206
f 1785 1512 1786
f 1313 2022 1512
f 1512 1139 1968
f 1786 1968 1277
f 1276 1513 1965
f 1206 1786 1513
f 1513 1277 1967
f 1965 1967 1129
f 1129 1514 1969
f 1277 1788 1514
f 1514 1207 1791
f 1969 1791 1278
f 1968 1515 1788
f 1139 2020 1515
f 1515 1312 1789
f 1788 1789 1207
f 1207 1516 1790
f 1789 2021 1516
f 1516 6 1058
f 1790 1058 275
f 1278 1517 1970
f 1791 1790 1517
f 1517 275 1057
f 1970 1057 67
f 1158 1518 2096
f 1972 1792 1518
f 1518 1208 1795
f 2096 1795 1350
f 1279 1519 1792
f 1971 1969 1519
f 1519 1278 1793
f 1792 1793 1208
f 1208 1520 1794
f 1793 1970 1520
f 1520 67 1059
f 1794 1059 276
f 1350 1521 2097
f 1795 1794 1521
f 1521 276 1060
f 2097 1060 16
f 1117 1522 2107
f 2101 1796 1522
f 1522 1209 1799
f 2107 1799 1355
f 1352 2100 1796
f 2100 1974 1523
f 1523 1280 1797
f 1796 1523 1209
f 1209 1797 1798
f 1797 1973 1524
f 1524 1130 1979
f 1798 1524 1283
f 1355 1525 2106
f 1799 1798 1525
f 1525 1283 1980
f 2106 1980 1160
f 1159 1526 1974
f 2102 1800 1526
f 1526 1210 1803
f 1974 1803 1280
f 1353 1527 1800
f 2103 2043 1527
f 1527 1323 1801
f 1800 1801 1210
f 1210 1528 1802
f 1801 2042 1528
f 1528 1144 1976
f 1802 1976 1281
f 1280 1529 1973
f 1803 1802 1529
f 1529 1281 1975
f 1973 1975 1130
f 1130 1530 1977
f 1975 1804 1530
f 1530 1211 1807
f 1977 1807 1282
f 1281 1531 1804
f 1976 2040 1531
f 1531 1322 1805
f 1804 1805 1211
f 1211 1532 1806
f 1805 2041 1532
f 1532 1110 2095
f 1806 2095 1349
f 1282 1533 1978
f 1807 1806 1533
f 1533 1349 2094
f 1978 2094 1157
f 1160 1534 2104
f 1980 1808 1534
f 1534 1212 1811
f 2104 1811 1354
f 1283 1979 1808
f 1979 1977 1535
f 1535 1282 1809
f 1808 1535 1212
f 1212 1809 1810
f 1809 1978 1536
f 1536 1157 2092
f 1810 1536 1348
f 1354 1537 2105
f 1811 1810 1537
f 1537 1348 2093
f 2105 2093 1116
f 1118 1538 2114
f 1569 1812 1538
f 1538 1213 1815
f 2114 1815 1359
f 1356 1539 1812
f 2108 1982 1539
f 1539 1284 1813
f 1812 1813 1213
f 1213 1540 1814
f 1813 1981 1540
f 1540 2482 2483
f 2483 1131 1987
f 1981 2491 2482
f 1814 1987 1287
f 1359 1541 2113
f 1815 1814 1541
f 1541 1287 1988
f 2113 1541 1162
f 1161 1542 1982
f 2109 1816 1542
f 1542 1214 1819
f 1982 1819 1284
f 2110 1816 1357
f 1112 1543 2110
f 1543 1333 1817
f 1816 1817 1214
f 1214 2484 2489
f 2489 1544 1818
f 1817 2485 2484
f 2484 2062 1544
f 2486 1149 1984
f 2062 2429 2486
f 2487 1984 1285
f 1544 2486 2487
f 1284 1545 1981
f 1819 2489 2488
f 2488 1818 1545
f 2490 1285 1983
f 1818 2487 2490
f 2491 1983 1131
f 1545 2490 2491
f 1131 2492 2502
f 2492 1546 1985
f 1983 2493 2492
f 2493 1820 1546
f 1546 1215 2494
f 2494 1215 1823
f 1985 2494 2551
f 2551 1823 1286
f 1285 2495 2493
f 2495 1547 1820
f 1984 2496 2495
f 2496 2060 1547
f 1547 2497 2498
f 2498 1332 1821
f 1820 2498 1215
f 2499 1548 1822
f 1821 1548 2499
f 1821 2061 1548
f 1548 1111 2103
f 1822 2103 1353
f 1823 1549 1986
f 2500 1822 1549
f 1215 2499 2500
f 1549 1353 2102
f 1986 2102 1159
f 1162 1988 2529
f 1988 1550 2111
f 1287 1824 1550
f 1550 1216 1827
f 2111 1827 1358
f 2501 1551 1824
f 1987 2502 2501
f 2502 1985 1551
f 1551 1286 1825
f 1824 1551 1216
f 1216 1825 1826
f 1825 1986 1552
f 1552 1159 2100
f 1826 1552 1352
f 1358 1553 2112
f 1827 1826 1553
f 1553 1352 2101
f 2112 2101 1117
f 1082 2117 20
f 287 1554 1082
f 1828 1831 1554
f 1554 1361 2117
f 1081 1828 287
f 2503 1555 1081
f 73 1555 2503
f 1990 1829 1555
f 1555 1217 1828
f 1829 1830 1217
f 1288 1989 1829
f 1989 1994 1556
f 1556 1291 1830
f 1831 2116 1361
f 1217 1557 1831
f 1830 2504 1557
f 1557 1995 2116
f 1083 1990 73
f 288 1558 1083
f 1832 1835 1558
f 1558 1288 1990
f 1559 1832 288
f 10 1559 1084
f 2083 1833 1559
f 1833 1218 1832
f 1343 2082 1833
f 2082 1991 1560
f 1560 1289 1834
f 1835 1561 1288
f 1218 1834 1835
f 1834 1562 1561
f 1561 1132 1989
f 1562 1992 1132
f 1836 1839 1562
f 1839 1290 1992
f 1991 1836 1289
f 1154 1563 1991
f 2080 1837 1563
f 1563 1219 1836
f 1837 1838 1219
f 1342 1564 1837
f 2081 2110 1564
f 1564 1357 1838
f 1565 1993 1290
f 1219 1565 1839
f 1838 2109 1565
f 2109 1161 1993
f 1995 2115 1163
f 2504 1566 1995
f 1291 1840 2504
f 1840 1843 1566
f 1566 1360 2115
f 1994 1567 1291
f 1132 1992 1994
f 1992 1841 1567
f 1567 1220 1840
f 1841 1842 1220
f 1290 1568 1841
f 1568 1161 2108
f 1842 2108 1356
f 1220 1569 1843
f 1360 1569 1118
f 1119 1570 1367
f 2119 1844 1847
f 1570 1847 1367
f 1362 1571 1844
f 2118 1164 1571
f 1571 1996 1845
f 1996 1292 1845
f 1844 1845 1221
f 1221 2505 1846
f 1221 1845 2505
f 1845 1292 1572
f 1572 1133 2001
f 2505 1572 1295
f 1367 1573 2125
f 1847 1846 1573
f 1846 1295 2002
f 1573 2002 1166
f 1164 1574 1996
f 2120 2507 1574
f 2507 1848 2508
f 2508 1222 1851
f 1574 1851 1292
f 1363 1575 1848
f 2121 2107 1575
f 1575 1355 1849
f 1848 1849 1222
f 1222 1576 1850
f 1849 2106 1576
f 1576 1160 1998
f 1850 1998 1293
f 1851 1850 1577
f 1577 1293 1997
f 1292 1577 1133
f 1133 1997 1999
f 1997 1852 1578
f 1578 1223 1855
f 1999 1578 1294
f 1293 1579 1852
f 1998 2104 1579
f 1579 1354 1853
f 1852 1853 1223
f 1223 2509 1854
f 1223 1580 2509
f 1853 2105 1580
f 1580 1116 2123
f 2509 2123 1364
f 1294 1855 2000
f 1855 1854 1581
f 1854 1364 2122
f 2000 1581 1165
f 1166 1582 1366
f 2002 1856 1582
f 1582 1224 1858
f 1295 2001 1856
f 2001 1999 1583
f 1583 1294 1857
f 1856 1583 1224
f 1224 2510 1365
f 1224 1857 2510
f 1857 2000 1584
f 1584 1165 2124
f 2510 1584 2511
f 1366 1585 1120
f 1858 1365 1585
f 1120 1587 1366
f 1587 1225 1226
f 1366 1226 1166
f 1225 2512 1588
f 1226 1588 1369
f 2512 1167 1588
f 2125 1589 1367
f 1367 1899 1119
f 1120 1590 2127
f 1585 1859 1590
f 1590 1227 1862
f 2127 1862 1371
f 1365 2513 1859
f 2511 2124 2513
f 2124 2004 1591
f 1591 1296 1860
f 1859 2514 1227
f 2513 1591 2514
f 1227 2515 1861
f 2514 1860 2515
f 1860 2003 1592
f 1592 2516 2009
f 1592 1134 2516
f 1861 2009 1299
f 1371 1593 2126
f 1862 1861 1593
f 1593 1299 2010
f 2126 2010 1168
f 1165 2122 2004
f 2122 1863 1594
f 1594 1228 1866
f 2004 1594 1296
f 1364 1595 1863
f 2123 2099 1595
f 1595 1351 2517
f 1863 1864 1228
f 1864 1596 1865
f 2518 2098 1596
f 1596 1158 2006
f 1865 2006 1297
f 1296 1866 2003
f 1228 1865 1597
f 1597 1865 2005
f 2003 2005 1134
f 1134 1598 2007
f 2005 1297 1598
f 1598 1867 1870
f 2007 1870 1298
f 1297 1599 1867
f 2006 2096 1599
f 1599 1350 1868
f 1867 1868 1229
f 1229 1600 1869
f 1868 2097 1600
f 1600 16 1097
f 1869 1097 299
f 1870 2008 1298
f 1870 1229 1601
f 1869 1096 1601
f 1601 79 2008
f 1168 1602 1608
f 2010 1871 1602
f 1602 1230 1874
f 1608 1874 1370
f 1299 1603 1871
f 2009 2519 1603
f 2516 2007 2519
f 1603 2520 1872
f 2519 1298 2520
f 1871 1872 1230
f 1230 1604 1873
f 2520 1604 1872
f 1298 2521 2520
f 2521 1098 1604
f 2008 2522 2521
f 1604 300 1873
f 1370 1605 1606
f 1874 1873 1605
f 1873 541 1605
f 1606 541 23
f 23 1231 1606
f 1606 1231 1370
f 1370 1607 1608
f 1168 1609 2126
f 1608 1300 1609
f 1609 1875 1232
f 1232 1586 1368
f 1232 1610 1586
f 1371 1368 2127
f 1371 1232 1368
f 2127 1368 1120
f 547 1375 24
f 305 1611 547
f 548 1233 305
f 81 1612 548
f 2011 1876 1612
f 1876 1304 1233
f 1301 1613 1876
f 1135 1624 1613
f 1613 1883 1304
f 1611 1170 1375
f 1233 1614 1611
f 1304 1623 1614
f 1101 2011 81
f 304 1615 1101
f 1877 1879 1615
f 1615 1301 2011
f 1102 1877 304
f 20 1616 1102
f 2117 1878 1616
f 1616 1234 1877
f 1878 1302 1234
f 1361 1617 1878
f 2116 1620 1617
f 1617 1880 1302
f 1879 1135 1301
f 1234 1618 1879
f 1302 1619 1618
f 1618 2012 1135
f 1880 1235 1619
f 1619 1882 2012
f 1163 1881 1620
f 1620 1881 1880
f 1881 1372 1235
f 2115 1621 1881
f 1235 1622 1882
f 1622 1169 1303
f 1623 1374 1170
f 1883 1236 1623
f 2012 1303 1624
f 1624 1884 1883
f 1303 1625 1884
f 1626 2128 1374
f 1884 1373 1236
f 1629 1885 1627
f 1628 1305 1237
f 2013 1632 1171
f 1171 1886 1305
f 1885 1170 1374
f 1629 1170 1885
f 1237 2014 1629
f 1305 1631 1237
f 1630 1136 2013
f 1630 82 1136
f 1305 1887 1631
f 1886 1633 1887
f 1631 2524 2014
f 1632 1238 1886
f 1136 567 1632
f 567 306 1238
f 1238 2324 1633
f 2524 24 1375
f 1633 2325 2524
f 1626 1239 1635
f 2128 1635 1377
f 1625 1306 1634
f 1373 1634 1239
f 1634 1137 2019
f 1239 2019 1309
f 1635 1309 1895
f 1377 1895 1172
f 1622 1636 1169
f 1622 1888 1636
f 1888 1240 1636
f 1372 1637 1888
f 1621 2114 1637
f 1637 1889 1240
f 1240 1638 1890
f 1889 2113 1638
f 1889 1359 2113
f 1638 1162 2016
f 1890 2016 2525
f 1169 1639 1306
f 1636 1890 1639
f 1639 1307 2015
f 1639 2525 1307
f 1306 2015 1137
f 1137 1640 2017
f 2015 2526 1640
f 2526 1891 2527
f 1307 2528 2526
f 1640 2527 1894
f 2527 1241 1894
f 2017 1643 1308
f 2017 1894 1643
f 2528 1641 1891
f 2525 1641 2528
f 2016 2529 1641
f 2529 2111 1641
f 1641 1358 1892
f 1891 1892 1241
f 1241 1642 1893
f 1892 2112 1642
f 1642 1117 2121
f 1893 2121 1363
f 1308 2120 2018
f 1894 1893 2530
f 1643 2530 2120
f 2530 1363 2507
f 2018 2506 1164
f 1644 1242 1898
f 1172 1898 2129
f 1309 2531 1895
f 1309 1645 2531
f 2019 2017 1645
f 2531 1896 1242
f 1242 1646 1897
f 1896 1308 1646
f 1646 2018 2118
f 1897 2118 1362
f 2129 1647 1376
f 1898 1897 1647
f 1647 1362 2119
f 1376 2119 1119
f 1589 1369 1899
f 1119 1900 1376
f 1369 1649 1899
f 1588 1310 1649
f 1588 1167 1310
f 1899 1650 1243
f 1649 1138 1650
f 1376 1651 2129
f 1648 1243 1900
f 1900 1311 1651
f 2129 1237 1172
f 1172 1627 1377
f 1172 1629 1627
f 1243 1171 1311
f 1650 2013 1171
f 1311 1171 1628
f 1651 1628 1237
f 966 980 313
f 966 313 589
f 313 592 86
f 980 236 592
f 229 589 314
f 965 314 839
f 314 590 158
f 589 86 590
f 590 591 315
f 158 315 838
f 315 844 26
f 591 161 844
f 236 2176 592
f 592 979 316
f 86 316 591
f 316 2130 591
f 2130 845 161
f 979 2131 2130
f 2131 47 845
f 44 839 317
f 967 317 593
f 317 596 87
f 839 158 596
f 230 593 318
f 968 318 970
f 318 594 231
f 593 87 594
f 87 595 319
f 594 319 969
f 969 841 45
f 319 159 841
f 596 838 320
f 596 320 595
f 595 840 159
f 838 26 840
f 26 2132 321
f 2132 842 321
f 840 321 597
f 321 600 88
f 842 160 600
f 159 597 322
f 841 322 971
f 322 598 232
f 597 88 598
f 88 599 323
f 598 323 972
f 323 974 7
f 599 233 974
f 160 2140 2133
f 160 2133 324
f 2133 2134 324
f 2140 843 2134
f 600 324 599
f 324 973 233
f 2134 46 973
f 47 2135 2136
f 2135 977 325
f 845 2136 2137
f 2136 325 601
f 325 604 89
f 977 235 604
f 161 2137 2138
f 2137 601 326
f 844 2138 2132
f 2138 326 842
f 326 602 160
f 601 89 602
f 89 603 2139
f 602 2139 2140
f 2139 327 843
f 843 975 46
f 603 234 327
f 327 2186 975
f 235 978 328
f 604 328 603
f 328 976 234
f 978 12 976
f 12 978 329
f 982 329 605
f 329 608 90
f 978 235 608
f 237 605 330
f 981 330 847
f 330 606 162
f 605 90 606
f 90 2146 2141
f 2146 607 331
f 606 2141 2142
f 2141 331 846
f 331 2144 2143
f 2144 852 27
f 607 2147 2144
f 2147 165 852
f 235 977 332
f 608 2145 2146
f 2145 332 607
f 332 2148 2147
f 2148 853 165
f 977 2135 2148
f 2135 47 853
f 48 847 333
f 983 333 609
f 333 612 91
f 847 162 612
f 609 334 984
f 334 986 4
f 610 239 986
f 609 91 610
f 91 2154 2149
f 2154 611 335
f 610 2149 2150
f 2149 335 985
f 335 2152 2151
f 2152 849 49
f 611 2155 2152
f 2155 163 849
f 162 2142 2153
f 2142 846 336
f 612 2153 2154
f 2153 336 611
f 336 2156 2155
f 2156 848 163
f 846 2143 2156
f 2143 27 848
f 27 2178 2157
f 2178 850 337
f 848 2157 2158
f 2157 337 613
f 337 2160 2159
f 2160 616 92
f 850 2179 2160
f 2179 164 616
f 163 2158 2161
f 2158 613 338
f 849 2161 2162
f 2161 338 987
f 338 2164 2163
f 2164 614 240
f 613 2159 2164
f 2159 92 614
f 92 2170 2165
f 2170 615 339
f 614 2165 2166
f 2165 339 988
f 339 2168 2167
f 990 5 2167
f 615 2171 2168
f 241 990 2168
f 164 2182 2169
f 2182 851 340
f 616 2169 2170
f 2169 340 615
f 340 2172 2171
f 2172 989 241
f 851 2183 2172
f 2183 50 989
f 47 2131 2173
f 2131 979 341
f 853 2173 2174
f 2173 341 617
f 617 2175 2532
f 2175 620 93
f 341 2176 2175
f 2176 236 620
f 165 2174 2177
f 2174 617 342
f 852 2177 2178
f 2177 342 850
f 342 2180 2179
f 2180 618 164
f 617 2532 2180
f 2532 93 618
f 93 2185 2181
f 2185 619 343
f 618 2181 2182
f 2181 343 851
f 343 2184 2183
f 2184 991 50
f 619 242 2184
f 236 980 344
f 620 344 2185
f 344 992 242
f 980 11 992
f 12 1004 345
f 976 345 621
f 345 624 94
f 1004 248 624
f 234 621 2186
f 2186 2187 346
f 975 346 855
f 346 622 166
f 621 94 2187
f 2187 2188 622
f 94 623 2188
f 2188 2189 347
f 622 347 854
f 347 860 28
f 623 169 2189
f 2189 169 860
f 624 1003 348
f 94 348 623
f 348 861 169
f 1003 53 861
f 46 855 349
f 973 349 625
f 349 628 95
f 855 166 628
f 233 625 350
f 974 350 994
f 350 626 243
f 625 95 626
f 626 627 351
f 243 351 993
f 351 857 51
f 627 167 857
f 166 854 352
f 95 352 627
f 352 856 167
f 854 28 856
f 28 858 353
f 856 353 629
f 353 632 96
f 858 168 632
f 167 629 354
f 857 354 995
f 354 630 244
f 629 96 630
f 96 631 355
f 630 355 996
f 355 998 8
f 631 245 998
f 168 859 356
f 632 356 631
f 356 997 245
f 859 52 997
f 53 1001 357
f 861 357 633
f 357 636 97
f 1001 247 636
f 169 633 860
f 860 358 858
f 358 634 858
f 633 97 634
f 97 635 359
f 634 359 168
f 359 999 859
f 635 246 999
f 247 1002 360
f 636 360 635
f 360 1000 246
f 1002 13 1000
f 13 1002 361
f 1006 361 637
f 361 640 98
f 1002 247 640
f 2190 2191 362
f 249 637 2191
f 1005 362 863
f 362 638 170
f 2191 2192 638
f 637 98 2192
f 2192 2193 363
f 98 639 2193
f 638 363 862
f 363 868 29
f 2193 2533 868
f 639 173 2533
f 247 1001 364
f 640 364 639
f 364 869 173
f 1001 53 869
f 54 863 365
f 1007 365 641
f 365 644 99
f 863 170 644
f 250 641 366
f 1008 366 1010
f 366 642 251
f 641 99 642
f 99 643 367
f 642 367 1009
f 367 865 55
f 643 171 865
f 644 862 368
f 99 368 643
f 368 864 171
f 862 29 864
f 29 866 369
f 864 369 645
f 369 648 100
f 866 172 648
f 171 645 370
f 865 370 1011
f 370 646 252
f 645 100 646
f 647 371 646
f 371 1012 252
f 984 4 1012
f 238 984 371
f 172 867 372
f 648 372 647
f 372 983 238
f 867 48 983
f 53 1003 373
f 869 373 649
f 373 652 101
f 1003 248 652
f 173 649 374
f 868 374 866
f 374 650 172
f 649 101 650
f 101 651 375
f 650 375 867
f 375 981 48
f 651 237 981
f 248 1004 376
f 652 376 651
f 376 982 237
f 1004 12 982
f 13 1024 377
f 1000 377 653
f 377 656 102
f 1024 258 656
f 246 653 378
f 999 378 52
f 378 654 871
f 654 174 871
f 653 102 654
f 655 379 102
f 379 870 654
f 2195 2194 870
f 876 30 2194
f 2196 2195 379
f 177 876 2195
f 258 1023 380
f 656 380 655
f 2197 2196 655
f 877 177 2196
f 1023 2236 2197
f 2197 58 877
f 52 871 381
f 997 381 657
f 381 660 103
f 871 174 660
f 245 657 382
f 998 382 1014
f 382 658 253
f 657 103 658
f 103 2203 2198
f 2198 659 383
f 658 2198 2199
f 2199 383 1013
f 383 2200 2281
f 2200 873 56
f 659 2201 2200
f 175 873 2200
f 870 2202 174
f 2534 384 2202
f 870 2534 2202
f 660 2202 2203
f 384 659 2203
f 2204 2201 659
f 872 175 2201
f 2194 2205 2534
f 2205 2204 384
f 30 872 2204
f 2535 2206 30
f 874 385 2206
f 2206 2207 872
f 385 661 2207
f 664 104 661
f 2208 664 385
f 2207 2209 175
f 661 386 2209
f 873 2209 2210
f 2210 386 1015
f 386 2211 2270
f 662 254 2270
f 104 2211 386
f 104 662 2211
f 2214 2212 104
f 663 387 2212
f 2212 2213 662
f 387 1016 2213
f 1018 9 1016
f 255 1018 387
f 176 2536 664
f 875 388 2536
f 2536 2214 664
f 388 663 2214
f 1017 255 663
f 57 1017 388
f 58 2215 2216
f 2215 1021 389
f 2216 2218 177
f 389 665 2218
f 668 105 665
f 1021 2217 668
f 2217 257 668
f 2218 2219 876
f 665 390 2219
f 2219 2535 30
f 390 874 2535
f 390 2208 874
f 666 176 2208
f 105 666 390
f 667 391 666
f 391 875 176
f 1019 57 875
f 256 1019 391
f 257 1022 392
f 392 667 105
f 1020 256 667
f 1022 14 1020
f 14 1022 393
f 1026 393 669
f 393 672 106
f 1022 257 672
f 259 669 394
f 1025 394 879
f 394 670 178
f 669 106 670
f 106 2225 2220
f 2225 671 395
f 670 2220 2221
f 2220 395 878
f 395 2223 2222
f 2223 884 31
f 671 2226 2223
f 2226 181 884
f 257 2217 2224
f 2217 1021 396
f 672 2224 2225
f 2224 396 671
f 396 2227 2226
f 2227 885 181
f 1021 2215 2227
f 2215 58 885
f 879 397 1027
f 397 673 260
f 397 676 107
f 879 178 676
f 260 673 398
f 1028 398 1030
f 398 674 261
f 673 107 674
f 107 2233 2228
f 2233 675 399
f 674 2228 2229
f 2228 399 1029
f 399 2231 2230
f 2231 881 60
f 675 2234 2231
f 2234 179 881
f 178 2221 2232
f 2221 878 400
f 676 2232 2233
f 2232 400 675
f 400 2235 2234
f 2235 880 179
f 878 2222 2235
f 2222 31 880
f 880 882 401
f 880 401 677
f 401 680 108
f 882 180 680
f 179 677 402
f 881 402 1031
f 402 678 262
f 677 108 678
f 108 679 403
f 678 403 1032
f 403 1008 3
f 679 250 1008
f 180 883 404
f 680 404 679
f 404 1007 250
f 883 54 1007
f 885 2236 2237
f 2236 1023 405
f 181 2237 2238
f 2237 405 681
f 405 684 109
f 1023 258 684
f 884 2238 406
f 2238 681 406
f 31 406 882
f 406 682 180
f 681 2239 682
f 681 109 2239
f 2239 2240 407
f 109 683 2240
f 682 407 883
f 407 1005 54
f 2240 2190 1005
f 683 249 2190
f 258 1024 408
f 684 408 683
f 408 1006 249
f 1024 13 1006
f 14 409 1020
f 409 685 256
f 688 110 685
f 1044 688 409
f 685 410 1019
f 410 887 57
f 686 182 887
f 110 686 410
f 687 411 686
f 411 886 182
f 892 32 886
f 185 892 411
f 268 412 688
f 412 687 110
f 893 185 687
f 1043 893 412
f 887 413 1017
f 413 689 255
f 692 111 689
f 182 692 413
f 689 414 1018
f 414 1034 9
f 690 263 1034
f 111 690 414
f 691 415 690
f 415 1033 263
f 889 61 1033
f 183 889 415
f 886 416 692
f 416 691 111
f 888 183 691
f 32 888 416
f 890 417 888
f 417 693 183
f 696 112 417
f 184 696 417
f 693 418 183
f 418 1035 889
f 694 264 1035
f 693 694 418
f 695 419 694
f 419 1036 264
f 1038 10 1036
f 265 1038 419
f 891 420 696
f 696 695 112
f 420 265 695
f 62 1037 420
f 63 421 893
f 421 697 185
f 2241 2242 697
f 2243 113 2242
f 700 2243 2241
f 1041 2241 421
f 267 700 1041
f 697 422 892
f 422 890 32
f 698 184 890
f 113 698 422
f 699 423 698
f 423 891 184
f 1039 62 891
f 266 1039 423
f 1042 424 700
f 2244 699 113
f 424 2244 2243
f 2467 266 699
f 1040 2467 2244
f 15 1040 424
f 1042 425 1046
f 425 701 269
f 704 114 701
f 267 704 425
f 701 426 1045
f 1045 2245 64
f 2245 895 64
f 702 2247 895
f 702 186 2247
f 701 702 426
f 703 2246 114
f 2246 427 702
f 427 894 186
f 900 33 427
f 189 900 2246
f 1041 428 267
f 428 703 704
f 901 189 703
f 63 901 428
f 895 429 1047
f 429 705 270
f 2537 115 705
f 2247 2537 429
f 186 708 2247
f 705 430 1048
f 430 1050 1
f 706 2248 1050
f 706 271 2248
f 115 706 430
f 707 431 706
f 431 1049 271
f 897 65 1049
f 187 897 431
f 894 432 708
f 432 707 115
f 896 187 707
f 33 896 432
f 898 433 896
f 433 709 187
f 712 116 709
f 188 712 433
f 709 434 897
f 434 1051 65
f 710 272 1051
f 116 710 434
f 711 435 710
f 435 1052 272
f 435 1028 2
f 260 1028 435
f 899 436 712
f 436 711 116
f 1027 260 711
f 59 1027 436
f 1043 437 901
f 437 713 189
f 716 117 713
f 268 716 437
f 713 438 900
f 438 898 33
f 714 188 898
f 117 714 438
f 715 439 714
f 439 899 188
f 1025 59 899
f 259 1025 439
f 1044 440 716
f 440 715 117
f 440 1026 259
f 1044 14 1026
f 17 1064 441
f 1054 441 717
f 441 720 118
f 1064 278 720
f 273 717 442
f 1053 442 2249
f 2262 2249 903
f 442 718 190
f 717 118 718
f 118 719 443
f 718 443 902
f 902 908 2254
f 443 193 908
f 278 1063 444
f 720 444 719
f 719 909 193
f 444 68 909
f 66 903 445
f 1055 445 721
f 445 724 119
f 903 190 724
f 274 721 1056
f 1056 446 972
f 446 722 232
f 721 119 2250
f 721 2250 446
f 2250 723 722
f 722 447 971
f 447 905 45
f 723 2251 447
f 2251 191 905
f 190 902 2252
f 724 2252 448
f 119 448 723
f 448 2253 2251
f 2253 904 191
f 2252 2254 2253
f 2254 34 904
f 34 906 449
f 191 449 725
f 449 728 120
f 906 192 728
f 905 725 450
f 45 450 969
f 450 726 231
f 725 120 726
f 120 727 451
f 726 451 970
f 1058 6 970
f 275 1058 451
f 192 907 452
f 728 452 727
f 452 1057 275
f 907 67 1057
f 68 1061 453
f 909 453 729
f 453 732 121
f 1061 277 732
f 193 729 454
f 908 454 34
f 454 730 906
f 729 121 730
f 121 731 455
f 730 455 192
f 455 1059 907
f 731 276 1059
f 277 1062 456
f 732 456 731
f 456 1060 276
f 1062 16 1060
f 18 1072 457
f 1066 457 733
f 457 736 122
f 1072 282 736
f 279 733 458
f 1065 458 2255
f 2290 2255 911
f 458 734 2256
f 2255 2256 194
f 733 122 734
f 122 735 459
f 734 459 2257
f 2256 2257 910
f 459 916 2258
f 2257 2258 35
f 735 197 916
f 282 1071 460
f 736 460 735
f 460 917 197
f 1071 70 917
f 69 911 461
f 1067 461 737
f 461 740 123
f 911 194 740
f 280 737 1068
f 1068 462 996
f 462 738 244
f 737 123 462
f 123 739 738
f 738 463 995
f 463 913 51
f 739 195 463
f 194 910 464
f 740 464 739
f 464 912 195
f 910 35 912
f 35 914 465
f 912 465 741
f 465 744 124
f 914 196 744
f 195 741 913
f 913 466 993
f 993 742 243
f 741 124 466
f 124 743 742
f 742 467 994
f 467 1056 7
f 743 274 467
f 196 915 468
f 744 468 743
f 468 1055 274
f 915 66 1055
f 70 1069 469
f 917 469 745
f 469 748 125
f 1069 281 748
f 197 745 470
f 916 470 2259
f 2258 2259 914
f 470 746 2260
f 2259 2260 196
f 745 125 746
f 125 747 471
f 746 471 2261
f 2260 2261 915
f 471 1053 2262
f 2261 2262 66
f 747 273 1053
f 281 1070 472
f 748 472 747
f 472 1054 273
f 1070 17 1054
f 19 1080 473
f 1074 473 749
f 473 752 126
f 1080 286 752
f 283 749 474
f 1073 474 919
f 474 750 198
f 749 126 750
f 126 751 475
f 750 475 918
f 918 2263 2275
f 2263 924 36
f 475 2264 2263
f 2264 201 924
f 286 1079 752
f 752 476 751
f 751 2265 2264
f 2265 925 201
f 1079 2326 476
f 476 72 925
f 71 919 477
f 1075 477 753
f 477 2266 2268
f 2266 756 127
f 919 198 756
f 753 478 1076
f 478 1016 9
f 2267 2213 1016
f 2267 754 254
f 753 2268 2267
f 2268 127 754
f 127 2273 2269
f 2273 755 479
f 754 2269 2270
f 2269 479 1015
f 1015 2271 2210
f 2271 921 56
f 479 2272 2271
f 2272 199 921
f 198 918 480
f 756 480 755
f 755 2274 2272
f 2274 920 199
f 480 2275 2274
f 2275 36 920
f 36 2287 2276
f 2287 922 481
f 920 2276 2277
f 2276 481 757
f 757 2278 2283
f 2278 760 128
f 481 2279 2278
f 2279 200 760
f 199 2277 2280
f 2277 757 482
f 921 2280 2281
f 2280 482 1013
f 1013 2282 2199
f 2282 758 253
f 482 2283 2282
f 2283 128 758
f 758 759 2538
f 758 2538 253
f 2538 483 1014
f 483 1068 8
f 759 280 483
f 760 923 484
f 128 484 759
f 484 1067 280
f 923 69 1067
f 72 2330 2284
f 2284 1077 485
f 925 2284 2285
f 2285 485 761
f 485 764 129
f 1077 2331 764
f 2331 285 764
f 201 2285 2286
f 2286 761 486
f 924 2286 2287
f 2286 486 922
f 922 762 2279
f 761 129 2288
f 761 2288 762
f 129 763 487
f 762 487 2289
f 762 2289 923
f 487 1065 2290
f 2289 2290 69
f 763 279 1065
f 285 1078 488
f 764 488 763
f 488 1066 279
f 1078 18 1066
f 1087 489 1082
f 489 765 287
f 768 130 765
f 290 768 489
f 765 490 1081
f 490 927 73
f 766 202 927
f 130 766 490
f 767 491 766
f 491 926 202
f 2291 2295 926
f 932 37 2295
f 2292 2291 491
f 205 932 2291
f 1086 492 768
f 492 767 130
f 2294 2293 492
f 2293 2292 767
f 2296 205 2292
f 933 2296 2293
f 2320 2294 1086
f 74 933 2294
f 927 493 1083
f 493 769 288
f 772 131 769
f 202 772 493
f 769 494 1084
f 494 1036 10
f 770 264 1036
f 131 770 494
f 771 495 770
f 495 1035 264
f 929 61 495
f 203 929 771
f 926 496 772
f 496 771 131
f 928 203 496
f 2295 928 496
f 37 497 928
f 497 773 203
f 776 132 773
f 930 776 497
f 773 498 929
f 498 1033 61
f 774 263 1033
f 132 774 498
f 775 499 774
f 499 1034 263
f 1076 9 1034
f 284 1076 499
f 204 500 776
f 500 775 132
f 1075 284 775
f 931 1075 500
f 1085 501 933
f 2297 777 205
f 501 2297 2296
f 780 133 777
f 2298 780 501
f 289 2298 501
f 777 502 932
f 502 930 37
f 778 204 930
f 133 778 502
f 779 503 778
f 503 931 204
f 1073 71 931
f 779 283 1073
f 19 504 780
f 504 779 133
f 504 1074 283
f 1105 21 505
f 1089 505 781
f 505 784 134
f 21 296 784
f 291 781 506
f 1088 506 75
f 506 782 935
f 781 134 782
f 134 783 507
f 782 507 206
f 507 940 934
f 783 209 940
f 784 2299 783
f 784 508 2299
f 2299 2305 209
f 508 941 2305
f 75 935 509
f 1090 509 292
f 509 788 785
f 935 206 788
f 292 785 510
f 1091 510 1072
f 510 786 282
f 785 135 786
f 135 787 511
f 786 511 1071
f 1071 937 70
f 511 207 937
f 788 512 135
f 512 936 787
f 206 2300 936
f 934 38 2300
f 2300 2301 513
f 38 938 2301
f 936 513 207
f 513 792 789
f 2301 2302 792
f 938 208 2302
f 207 789 514
f 937 514 1069
f 514 790 281
f 789 136 790
f 136 791 515
f 790 515 1070
f 515 1093 17
f 791 293 1093
f 2302 2303 516
f 208 939 2303
f 792 516 136
f 516 1092 791
f 2303 2304 1092
f 939 76 2304
f 77 295 941
f 2305 2306 793
f 941 517 2306
f 2306 2307 137
f 517 520 2307
f 209 793 518
f 940 518 38
f 518 794 938
f 793 137 794
f 137 294 519
f 794 519 208
f 519 1094 939
f 295 22 520
f 2307 2308 294
f 520 1095 2308
f 297 521 138
f 22 295 521
f 297 138 522
f 138 210 2539
f 521 139 210
f 295 77 523
f 523 525 139
f 77 296 525
f 139 298 524
f 296 21 585
f 525 156 298
f 22 1100 1095
f 2308 526 795
f 526 798 140
f 1100 302 526
f 526 302 798
f 294 795 527
f 1094 527 76
f 527 796 943
f 795 140 796
f 140 797 528
f 796 528 211
f 528 2540 942
f 942 2315 39
f 2540 948 2315
f 797 2309 2540
f 2309 214 948
f 302 546 529
f 546 1099 529
f 798 2310 797
f 529 949 2310
f 1099 80 949
f 2304 2311 530
f 76 943 2311
f 1092 530 293
f 530 802 799
f 2311 2312 802
f 943 211 2312
f 293 799 531
f 1093 531 1064
f 531 800 278
f 799 141 800
f 141 801 532
f 1063 945 68
f 532 212 945
f 211 942 533
f 802 533 801
f 801 2313 212
f 2313 944 212
f 533 2314 2313
f 2314 39 944
f 39 946 534
f 944 534 803
f 534 806 142
f 213 806 534
f 212 803 535
f 945 535 1061
f 535 804 277
f 803 142 804
f 142 805 536
f 804 536 1062
f 536 1097 16
f 805 299 1097
f 947 537 806
f 806 805 142
f 537 299 805
f 537 1096 299
f 79 1096 537
f 80 543 538
f 949 538 807
f 538 810 143
f 543 301 810
f 214 807 539
f 2315 2316 946
f 948 539 2316
f 2317 213 946
f 539 808 2317
f 807 143 808
f 809 540 808
f 2318 947 213
f 540 2318 2317
f 2522 79 947
f 1098 2522 2318
f 300 1098 540
f 301 23 541
f 810 541 809
f 541 300 809
f 23 301 144
f 301 543 542
f 543 80 542
f 80 1099 544
f 80 544 215
f 544 546 145
f 1099 546 544
f 215 544 545
f 544 145 545
f 545 522 2319
f 145 297 522
f 546 297 145
f 1100 22 297
f 550 146 305
f 310 550 547
f 811 216 81
f 146 811 548
f 812 549 811
f 549 950 216
f 954 40 950
f 219 954 549
f 550 812 146
f 955 219 812
f 84 955 550
f 81 551 1101
f 551 813 304
f 816 147 813
f 216 816 551
f 813 552 1102
f 552 1087 20
f 814 290 1087
f 147 814 552
f 815 553 814
f 553 1086 290
f 952 2320 553
f 217 952 815
f 950 554 816
f 554 815 147
f 951 217 554
f 40 951 554
f 953 555 951
f 555 817 217
f 819 148 817
f 218 819 555
f 817 556 952
f 556 74 2320
f 818 1085 74
f 148 818 556
f 307 557 818
f 557 289 1085
f 307 574 557
f 2321 558 819
f 558 307 148
f 1103 559 955
f 559 820 219
f 822 149 820
f 309 822 559
f 820 560 954
f 560 953 40
f 821 561 560
f 561 218 953
f 149 821 820
f 570 2322 561
f 2322 83 218
f 308 570 821
f 25 562 309
f 562 308 149
f 563 150 157
f 309 2323 312
f 150 564 228
f 564 957 220
f 1103 84 2323
f 84 565 563
f 565 958 150
f 958 222 150
f 41 221 43
f 82 1630 221
f 310 566 565
f 566 823 222
f 151 41 957
f 823 151 564
f 306 567 41
f 567 82 41
f 2325 568 824
f 24 2325 566
f 2324 306 151
f 568 2324 823
f 562 25 569
f 562 569 308
f 308 569 152
f 570 571 223
f 308 152 571
f 571 963 42
f 152 226 963
f 312 1106 572
f 569 572 226
f 572 85 581
f 2321 83 573
f 558 573 825
f 573 828 153
f 83 223 828
f 307 825 574
f 574 826 286
f 574 286 1080
f 825 153 826
f 153 827 575
f 826 575 1079
f 575 960 2326
f 2326 960 72
f 827 2327 960
f 828 223 576
f 153 576 827
f 576 959 224
f 576 224 2327
f 223 42 959
f 42 961 577
f 959 577 829
f 224 829 2329
f 2328 225 832
f 2327 2329 578
f 2329 2332 578
f 2329 829 2332
f 960 578 2330
f 2330 578 1077
f 578 2332 2331
f 2332 830 285
f 829 154 830
f 154 831 579
f 830 579 1078
f 579 1091 18
f 831 292 1091
f 225 962 580
f 832 580 154
f 580 1090 831
f 962 75 1090
f 572 581 833
f 581 836 155
f 85 1104 836
f 226 833 582
f 963 582 961
f 833 155 834
f 155 835 583
f 834 583 225
f 583 1088 962
f 835 291 1088
f 1104 311 584
f 836 584 835
f 584 1089 291
f 311 1105 1089
f 21 1105 585
f 585 837 156
f 1105 588 837
f 298 156 586
f 524 586 78
f 156 220 587
f 586 587 43
f 311 1104 588
f 837 228 220
f 588 964 228
f 1104 85 964
f 964 157 150
f 587 220 956
f 1106 312 563
f 11 966 1378
f 966 229 1652
f 1378 1652 1173
f 2031 1378 1655
f 229 965 1379
f 965 44 1902
f 1379 1902 1653
f 1652 1379 2333
f 1173 2333 1654
f 2333 1653 1380
f 1653 1244 1901
f 2335 2334 1907
f 1380 1901 2334
f 2338 2335 1247
f 1654 1380 2335
f 1317 1655 2336
f 2336 2337 1381
f 1655 1173 2337
f 2339 2338 1908
f 1381 1654 2338
f 2390 2339 1141
f 2030 1381 2339
f 44 967 1382
f 1382 230 1656
f 1659 1656 1174
f 1902 1382 1244
f 230 968 1383
f 968 6 2021
f 1383 2021 1312
f 1656 1383 1657
f 1174 1657 1658
f 1657 1312 2020
f 1384 2020 1904
f 1658 1384 1904
f 1244 1659 1385
f 1385 1174 2340
f 2341 2340 1903
f 2340 1658 1245
f 1901 1385 2341
f 2334 2341 1121
f 1121 1903 1386
f 1903 1245 1660
f 1386 1660 1175
f 1905 1386 1663
f 1245 1904 1387
f 1904 1139 2022
f 1387 2022 1313
f 1660 1387 1661
f 2344 2342 1662
f 1175 1661 2342
f 2342 2343 1388
f 1661 1313 2343
f 1388 2023 1110
f 1662 1388 2025
f 1246 1663 1389
f 1389 2344 2345
f 1663 1175 2344
f 2024 2345 2407
f 2345 1662 1314
f 1906 1389 2024
f 2346 2347 1390
f 1141 1908 2347
f 2347 2350 1664
f 1908 1247 2350
f 1390 1664 1176
f 2349 2348 1667
f 2028 1390 2348
f 1247 1907 1391
f 1391 1121 1905
f 1391 1905 1246
f 1664 1391 1665
f 2353 2351 1392
f 1176 1665 2351
f 2351 2352 1906
f 1665 1246 2352
f 1392 1906 1140
f 1666 1392 2026
f 1316 1667 1393
f 1393 2353 1666
f 1667 1176 2353
f 2027 1666 1315
f 2029 1393 2027
f 1113 2033 1394
f 2033 1318 1668
f 1394 1668 1177
f 2029 1394 1671
f 1318 2032 1395
f 2032 1142 1910
f 1395 1910 1248
f 1668 1395 1669
f 1177 1669 2354
f 2359 2354 1396
f 1669 1248 2355
f 2354 2355 1909
f 1396 1909 2356
f 2357 2356 1122
f 1670 1396 2357
f 2360 2357 1915
f 1316 1671 2358
f 2349 2358 1397
f 1671 1177 2359
f 2358 2359 1670
f 1397 1670 2360
f 2361 2360 1251
f 2028 1397 2361
f 2346 2361 1916
f 1142 2034 1398
f 2034 1319 1672
f 1398 1672 2362
f 2363 2362 1178
f 1910 1398 2363
f 1910 2363 1675
f 2035 1399 1319
f 1109 2037 1399
f 2037 2364 2365
f 2365 2364 1320
f 1672 1399 2365
f 2362 2365 1673
f 1178 1673 2366
f 2371 2366 1400
f 1673 1320 2367
f 2366 2367 2036
f 1400 2036 2368
f 2369 2368 1143
f 1674 1400 2369
f 2372 2369 1912
f 1248 1675 2370
f 2355 2370 1401
f 1675 1178 2371
f 2370 2371 1674
f 1401 1674 2372
f 2373 2372 1249
f 1909 1401 2373
f 2356 2373 1911
f 1122 1911 2374
f 2395 2374 1402
f 1911 1249 2375
f 2374 2375 1676
f 1402 1676 2376
f 2377 2376 1179
f 1913 1402 2377
f 2396 2377 1679
f 1249 1912 2378
f 2375 2378 1403
f 1912 1143 2379
f 2378 2379 2038
f 1403 2038 2380
f 2381 2380 1321
f 1676 1403 2381
f 2376 2381 1677
f 1179 1677 2382
f 2387 2382 1404
f 1677 1321 2383
f 2382 2383 2039
f 1404 2039 2384
f 2385 2384 5
f 1678 1404 2385
f 2388 2385 990
f 1250 1679 2386
f 2399 2386 1405
f 1679 1179 2387
f 2386 2387 1678
f 1405 1678 2388
f 2389 2388 241
f 1914 1405 2389
f 2400 2389 989
f 1141 1916 2390
f 2390 2541 1406
f 1916 1251 2391
f 2541 2391 1680
f 1406 1680 2392
f 2393 2392 1180
f 2030 1406 2393
f 2336 2393 1317
f 1251 1915 2394
f 2391 2394 1407
f 1915 1122 2395
f 2394 2395 1913
f 1407 1913 2396
f 2397 2396 1250
f 1680 1407 2397
f 2392 2397 1681
f 1180 1681 2398
f 2403 2398 1408
f 1681 1250 2399
f 2398 2399 1914
f 1408 1914 2400
f 2401 2400 50
f 1682 1408 2401
f 2401 991 242
f 2402 2543 1409
f 1317 1683 2543
f 1683 1180 2403
f 2543 2403 1682
f 1409 1682 2404
f 2404 242 992
f 2031 2404 992
f 2031 1409 2404
f 1113 2027 1410
f 1410 1315 1684
f 1687 1684 1181
f 2051 1410 1687
f 1315 2026 1411
f 2026 1140 1918
f 1411 1918 1252
f 1684 1411 1685
f 1181 1685 2405
f 2405 1685 1412
f 1685 1252 1917
f 1412 1917 1923
f 1686 2405 2406
f 2406 1412 1923
f 1327 1687 1413
f 1413 1181 1686
f 1924 1686 1255
f 2050 1413 1924
f 1140 2024 1414
f 1414 2407 2408
f 2407 1314 1688
f 1691 2408 2409
f 2408 1688 1182
f 1918 1414 1691
f 1314 2025 1415
f 2025 1110 2041
f 1415 2041 1322
f 1688 1415 1689
f 1182 1689 1416
f 1689 1322 2040
f 1416 2040 1144
f 1690 1416 1920
f 1252 1691 1417
f 1417 2409 2410
f 2409 1182 1690
f 1919 2410 2411
f 2410 1690 1253
f 1917 1417 1919
f 1123 1919 1418
f 1418 2411 2412
f 2411 1253 1692
f 1695 2412 2413
f 2412 1692 1183
f 1921 1418 1695
f 1253 1920 1419
f 1920 1144 2042
f 1419 2042 1323
f 1692 1419 1693
f 1183 1693 1420
f 1693 1323 2043
f 1420 2043 1111
f 1694 1420 2045
f 1254 1695 1421
f 1421 2413 2414
f 2413 1183 1694
f 2044 2414 2416
f 2414 1694 1324
f 1922 1421 2044
f 1146 1924 2048
f 1924 1255 1422
f 1422 1696 1184
f 2048 1422 1699
f 1255 2406 1696
f 1696 1923 1423
f 1923 1123 1921
f 1423 1921 1254
f 2415 1423 1697
f 1184 2415 1698
f 1698 1697 1424
f 1697 1254 1922
f 1424 1922 1145
f 1325 1424 2046
f 1326 1699 2049
f 1699 1184 1425
f 1425 1698 1325
f 2049 1425 2047
f 1114 2053 1426
f 2053 1328 1700
f 1426 1700 1703
f 2049 1426 1326
f 1328 2052 1427
f 2052 1147 1926
f 1427 1926 1256
f 1700 1427 1185
f 1185 1701 1428
f 1701 1256 1925
f 1428 1925 1931
f 1702 1428 1259
f 1326 1703 1429
f 1703 1185 1702
f 1429 1702 1932
f 2048 1429 1146
f 1147 2054 1430
f 2054 1329 1704
f 1430 1704 1186
f 1926 1430 1707
f 1329 2055 1431
f 2055 1108 2057
f 1431 2057 1330
f 1704 1431 1705
f 1186 1705 1432
f 1705 1330 2056
f 1432 2056 1148
f 1706 1432 1928
f 1256 1707 1433
f 1707 1186 1706
f 1433 1706 1927
f 1925 1433 1124
f 1124 1927 1434
f 1927 1257 1708
f 1434 1708 1187
f 1929 1434 1711
f 1257 1928 1435
f 1928 1148 2058
f 1435 2058 1331
f 1708 1435 1709
f 1187 1709 1436
f 1331 2059 1436
f 2059 1109 2035
f 1436 2035 1710
f 1258 1711 1437
f 1711 1187 1710
f 1437 1710 1319
f 1930 1437 2034
f 1146 1932 1438
f 1932 1259 1712
f 1438 1712 1188
f 2050 1438 1715
f 1259 1931 1439
f 1931 1124 1929
f 1439 1929 1258
f 1712 1439 1713
f 1188 1713 1440
f 1713 1258 1930
f 1440 1930 1142
f 1714 1440 2032
f 1327 1715 1441
f 1715 1188 1714
f 1441 1714 1318
f 2051 1441 2033
f 1114 2047 1442
f 2047 1325 1716
f 1442 1716 1189
f 2071 1442 1719
f 1716 2046 1443
f 2046 1145 1934
f 1934 1260 1717
f 1189 1443 1717
f 1717 1444 1718
f 1260 1933 1444
f 2423 1125 1939
f 1933 2423 1444
f 1444 1939 1263
f 1337 1719 1445
f 1189 1718 1445
f 1718 1263 1940
f 2070 1445 1940
f 1145 2044 1446
f 1446 2416 2417
f 2416 1324 1720
f 2418 2417 1723
f 2417 1720 1190
f 1934 1446 2418
f 1324 2045 1447
f 2045 1111 2061
f 1447 2061 1332
f 1720 1447 1721
f 1190 1448 1722
f 1190 2419 1448
f 1190 1721 2419
f 2419 2497 2060
f 1721 1332 2497
f 1448 2060 2420
f 2420 2496 1149
f 2420 1936 1261
f 1723 1449 1933
f 1723 1722 1449
f 2421 1261 1935
f 1722 2421 2422
f 2422 1935 1125
f 1449 2422 2423
f 1125 2424 2438
f 2424 1450 1937
f 1935 2425 2424
f 2425 1724 1450
f 2431 1191 1727
f 1724 2431 2426
f 1937 2427 2439
f 2426 1727 1262
f 1450 2426 2427
f 1261 2428 2425
f 2428 1451 1724
f 1936 1149 2429
f 2430 2485 1333
f 1451 2062 2485
f 2430 1725 1191
f 1451 2430 2431
f 1725 1452 1726
f 1333 2063 1452
f 2063 1112 2065
f 1452 2065 1334
f 1727 1453 2432
f 1191 1726 1453
f 1726 1334 2064
f 2432 2459 1150
f 1453 2064 2459
f 2453 2433 2068
f 2433 1454 2068
f 1940 2434 2433
f 2434 1728 1454
f 1454 2435 2436
f 2435 1192 1731
f 2436 1731 1336
f 1263 2437 2434
f 2437 1455 1728
f 1939 2438 2437
f 2438 1937 1455
f 1455 2439 2440
f 2439 1262 1729
f 1728 2440 2435
f 2440 1729 1192
f 1729 1456 1730
f 1262 1938 1456
f 1938 1150 2066
f 1456 2066 1335
f 1336 2441 2443
f 1731 1457 2441
f 1192 1730 1457
f 1730 1335 2067
f 2069 2458 1115
f 1457 2067 2069
f 1115 1458 2069
f 1458 1338 1732
f 1458 1732 2442
f 2442 2445 1193
f 2443 2442 1735
f 1338 2072 1459
f 2072 1152 1942
f 1459 1942 2444
f 2444 2455 1264
f 1732 1459 2445
f 2445 2444 1733
f 1193 1733 2446
f 2446 2447 1460
f 1733 1264 2447
f 2447 2456 1941
f 1460 1941 2448
f 2448 2457 1126
f 1734 1460 2449
f 2449 2448 1947
f 1336 1735 2450
f 2450 2451 1461
f 1735 1193 2451
f 2451 2446 1734
f 1461 1734 2452
f 2452 2449 1267
f 2068 1461 2453
f 2453 2452 1948
f 1152 2074 1462
f 2074 1339 1736
f 1462 1736 2454
f 2454 2544 1194
f 1942 1462 2455
f 2455 2454 1739
f 1339 2075 1463
f 2075 1107 2077
f 1463 2077 1340
f 2544 1463 1737
f 1194 1737 1464
f 1737 1340 2076
f 1464 2076 1153
f 1738 1464 1944
f 1264 1739 2456
f 2456 2545 1465
f 2545 1194 1738
f 2546 1738 1265
f 1941 1465 2457
f 2457 2546 1943
f 1126 1943 1466
f 1943 1265 1740
f 1466 1740 1195
f 1945 1466 1743
f 1265 1944 1467
f 1944 1153 2078
f 1467 2078 1341
f 1740 1467 1741
f 1195 1741 1468
f 1741 1341 2079
f 1468 2079 1108
f 1742 1468 2055
f 1266 1743 1469
f 1743 1195 1742
f 1469 1742 1329
f 1946 1469 2054
f 1151 1948 1470
f 1948 1267 1744
f 1470 1744 1196
f 2070 1470 1747
f 1267 1947 1471
f 1947 1126 1945
f 1471 1945 1266
f 1744 1471 1745
f 1196 1745 1472
f 1745 1266 1946
f 1472 1946 1147
f 1746 1472 2052
f 1337 1747 1473
f 1747 1196 1746
f 1473 1746 1328
f 2071 1473 2053
f 2067 1474 2458
f 1335 1748 1474
f 1748 1197 1751
f 1474 1751 2087
f 2066 1475 1748
f 1150 1950 1475
f 1950 1268 1749
f 1475 1749 1197
f 1749 1476 1750
f 1268 1949 1476
f 1949 1127 1955
f 1476 1955 1271
f 1751 1477 1345
f 1197 1750 1477
f 1750 1271 1956
f 2086 2464 1155
f 1477 1956 2086
f 2459 2460 1950
f 2064 1478 2460
f 1334 1752 1478
f 1752 1198 1755
f 2460 2461 1268
f 1478 1755 2461
f 2065 1479 1752
f 1112 2081 1479
f 2081 1342 1753
f 1479 1753 1198
f 1753 1480 1754
f 1342 2080 1480
f 2080 1154 1952
f 1480 1952 1269
f 2461 2462 1949
f 1755 1481 2462
f 1198 1754 1481
f 1754 1269 1951
f 2462 2463 1127
f 1481 1951 2463
f 2463 2547 1953
f 1951 1482 2547
f 1269 1756 1482
f 1482 1199 1759
f 1482 1759 1270
f 1952 1483 1756
f 1154 2082 1483
f 1483 1343 1757
f 1756 1757 1199
f 1757 1484 1758
f 1343 2083 1484
f 2083 10 1038
f 1484 1038 265
f 1759 1485 1954
f 1199 1758 1485
f 1758 265 1037
f 1485 1037 62
f 1956 1486 2464
f 1956 1760 1486
f 1760 2465 1763
f 1760 1200 2465
f 2084 1763 2472
f 1271 1487 1760
f 1955 1953 1487
f 1953 1270 1761
f 1487 1761 1200
f 1761 1488 1762
f 1270 1954 1488
f 1954 62 1039
f 1488 1039 266
f 1763 1489 1344
f 2465 2466 1489
f 1200 1762 2466
f 2466 2467 1040
f 1762 266 2467
f 1489 1040 2085
f 1046 1490 2085
f 269 1764 1490
f 1764 1201 1767
f 1490 1767 1344
f 1045 1491 1764
f 64 1958 1491
f 2474 1272 1765
f 1958 2474 1765
f 1491 1765 1201
f 2468 1492 1766
f 1765 2469 2468
f 2469 1957 1492
f 1272 2476 2469
f 2470 1128 1963
f 1957 2548 2470
f 2471 1963 1275
f 1492 2470 2471
f 2472 1493 2084
f 1767 2473 2472
f 2473 1766 1493
f 1201 2468 2473
f 1766 2471 1964
f 1493 1964 1155
f 1047 1494 1958
f 270 1768 1494
f 1768 1202 1771
f 2474 1771 1272
f 1494 2549 2474
f 1048 1495 1768
f 1 2089 1495
f 2089 1346 1769
f 1495 1769 1202
f 1769 1496 1770
f 1346 2475 1769
f 2475 2088 1496
f 2088 1156 1960
f 1496 1960 1273
f 2476 1497 1957
f 1771 2550 2476
f 1202 1770 1497
f 1770 1273 1959
f 1497 1959 1128
f 1959 1498 1961
f 1273 1772 1498
f 1772 1203 1775
f 1498 1775 1274
f 1960 1499 1772
f 1156 2090 1499
f 2090 1347 1773
f 1499 1773 1203
f 1773 1500 1774
f 1347 2091 1500
f 1500 2091 1107
f 1774 1500 2075
f 1775 1501 1962
f 1203 1774 1501
f 1501 1774 1339
f 1962 1501 2074
f 1155 1502 2086
f 1275 1776 1502
f 1776 1204 1779
f 1502 1779 1345
f 1963 1503 1776
f 1128 1961 1503
f 1961 1274 1777
f 1503 1777 1204
f 1777 1504 1778
f 1274 1962 1504
f 1504 1962 1152
f 1778 1504 2072
f 1779 1505 2087
f 1204 1778 1505
f 1778 1338 2073
f 1505 2073 1115
f 1116 2093 1506
f 2093 1348 1780
f 1506 1780 1205
f 2099 1506 1783
f 1780 2092 1507
f 2092 1157 1966
f 1507 1966 1276
f 1205 1507 1781
f 2477 1781 1508
f 1781 1276 1965
f 1508 1965 1129
f 1782 2477 2478
f 2479 2478 1279
f 2478 1508 1971
f 1351 1783 1509
f 1783 1205 1782
f 1509 1782 2479
f 2480 2479 1972
f 2098 1509 2480
f 2098 2480 1158
f 1157 2094 1510
f 2094 1349 1784
f 1510 1784 1206
f 1966 1510 1787
f 1349 2095 1511
f 2095 1110 2023
f 1511 2023 2481
f 2481 2343 1313
f 1784 2481 1785
f 1784 1511 2481
f 1206 1785 1786
f 1785 1313 1512
f 1512 2022 1139
f 1786 1512 1968
f 1276 1787 1513
f 1787 1206 1513
f 1513 1786 1277
f 1965 1513 1967
f 1129 1967 1514
f 1967 1277 1514
f 1514 1788 1207
f 1969 1514 1791
f 1277 1968 1788
f 1968 1139 1515
f 1515 2020 1312
f 1788 1515 1789
f 1207 1789 1516
f 1789 1312 2021
f 1516 2021 6
f 1790 1516 1058
f 1278 1791 1517
f 1791 1207 1790
f 1517 1790 275
f 1970 1517 1057
f 1158 1972 1518
f 1972 1279 1792
f 1518 1792 1208
f 2096 1518 1795
f 1279 1971 1519
f 1971 1129 1969
f 1519 1969 1278
f 1792 1519 1793
f 1208 1793 1520
f 1793 1278 1970
f 1520 1970 67
f 1794 1520 1059
f 1350 1795 1521
f 1795 1208 1794
f 1521 1794 276
f 2097 1521 1060
f 1117 2101 1522
f 2101 1352 1796
f 1522 1796 1209
f 2107 1522 1799
f 1796 2100 1523
f 2100 1159 1974
f 1523 1974 1280
f 1209 1523 1797
f 1798 1797 1524
f 1797 1280 1973
f 1524 1973 1130
f 1283 1524 1979
f 1355 1799 1525
f 1799 1209 1798
f 1525 1798 1283
f 2106 1525 1980
f 1159 2102 1526
f 2102 1353 1800
f 1526 1800 1210
f 1974 1526 1803
f 1353 2103 1527
f 2103 1111 2043
f 1527 2043 1323
f 1800 1527 1801
f 1210 1801 1528
f 1801 1323 2042
f 1528 2042 1144
f 1802 1528 1976
f 1280 1803 1529
f 1803 1210 1802
f 1529 1802 1281
f 1973 1529 1975
f 1130 1975 1530
f 1975 1281 1804
f 1530 1804 1211
f 1977 1530 1807
f 1281 1976 1531
f 1976 1144 2040
f 1531 2040 1322
f 1804 1531 1805
f 1211 1805 1532
f 1805 1322 2041
f 1532 2041 1110
f 1806 1532 2095
f 1282 1807 1533
f 1807 1211 1806
f 1533 1806 1349
f 1978 1533 2094
f 1160 1980 1534
f 1980 1283 1808
f 1534 1808 1212
f 2104 1534 1811
f 1808 1979 1535
f 1979 1130 1977
f 1535 1977 1282
f 1212 1535 1809
f 1810 1809 1536
f 1809 1282 1978
f 1536 1978 1157
f 1348 1536 2092
f 1354 1811 1537
f 1811 1212 1810
f 1537 1810 1348
f 2105 1537 2093
f 1118 1569 1538
f 1569 1356 1812
f 1538 1812 1213
f 2114 1538 1815
f 1356 2108 1539
f 2108 1161 1982
f 1539 1982 1284
f 1812 1539 1813
f 1213 1813 1540
f 1813 1284 1981
f 1540 1981 2482
f 2483 2482 1131
f 2482 2491 1131
f 1814 1540 2483
f 1814 2483 1987
f 1359 1815 1541
f 1815 1213 1814
f 1541 1814 1287
f 1162 1541 1988
f 1161 2109 1542
f 2109 1357 1816
f 1542 1816 1214
f 1982 1542 1819
f 2110 1543 1816
f 1112 2063 1543
f 1543 2063 1333
f 1816 1543 1817
f 1214 1817 2484
f 2489 2484 1544
f 1817 1333 2485
f 2484 2485 2062
f 1544 2062 2486
f 2486 2429 1149
f 1818 1544 2487
f 2487 2486 1984
f 1284 1819 2488
f 1284 2488 1545
f 1819 1214 2489
f 2488 2489 1818
f 1545 1818 2490
f 2490 2487 1285
f 1981 1545 2491
f 2491 2490 1983
f 1131 1983 2492
f 2502 2492 1985
f 1983 1285 2493
f 2492 2493 1546
f 1546 1820 1215
f 2551 2494 1823
f 1985 1546 2494
f 1285 1984 2495
f 2493 2495 1820
f 1984 1149 2496
f 2495 2496 1547
f 2498 2497 1332
f 1547 2060 2497
f 1215 2498 1821
f 1820 1547 2498
f 1215 1821 2499
f 1821 1332 2061
f 1548 2061 1111
f 1822 1548 2103
f 1286 1823 1986
f 1823 1215 2500
f 1823 2500 1549
f 2500 2499 1822
f 1549 1822 1353
f 1986 1549 2102
f 2529 1988 2111
f 1988 1287 1550
f 1550 1824 1216
f 2111 1550 1827
f 1287 1987 2501
f 1287 2501 1824
f 1987 1131 2502
f 2501 2502 1551
f 1551 2551 1286
f 1551 1985 2551
f 1216 1551 1825
f 1826 1825 1552
f 1825 1286 1986
f 1552 1986 1159
f 1352 1552 2100
f 1358 1827 1553
f 1827 1216 1826
f 1553 1826 1352
f 2112 1553 2101
f 1082 1554 2117
f 287 1828 1554
f 1828 1217 1831
f 1554 1831 1361
f 1081 1555 1828
f 73 1990 1555
f 1990 1288 1829
f 1555 1829 1217
f 1829 1556 1830
f 1829 1989 1556
f 1989 1132 1994
f 1556 1994 1291
f 1831 1557 2116
f 1217 1830 1557
f 1557 2504 1995
f 1830 1291 2504
f 2116 1995 1163
f 1083 1558 1990
f 288 1832 1558
f 1832 1218 1835
f 1558 1835 1288
f 1084 1559 288
f 10 2083 1559
f 2083 1343 1833
f 1559 1833 1832
f 1218 1560 1834
f 1833 1560 1218
f 1833 2082 1560
f 2082 1154 1991
f 1560 1991 1289
f 1288 1561 1989
f 1835 1834 1561
f 1834 1289 1562
f 1561 1562 1132
f 1289 1836 1562
f 1836 1219 1839
f 1562 1839 1992
f 1991 1563 1836
f 1154 2080 1563
f 2080 1342 1837
f 1563 1837 1219
f 1837 1564 1838
f 1342 2081 1564
f 2081 1112 2110
f 1564 2110 1357
f 1839 1565 1290
f 1219 1838 1565
f 1838 1357 2109
f 1565 2109 1993
f 1995 1566 2115
f 2504 1840 1566
f 1840 1220 1843
f 1566 1843 1360
f 1291 1567 1840
f 1994 1992 1567
f 1992 1290 1841
f 1567 1841 1220
f 1841 1568 1842
f 1290 1993 1568
f 1568 1993 1161
f 1842 1568 2108
f 1843 1569 1360
f 1220 1842 1569
f 1569 1842 1356
f 1119 2119 1570
f 1570 2119 1847
f 2119 1362 1844
f 1847 1844 1221
f 1362 2118 1571
f 1571 1164 1996
f 1844 1571 1845
f 2505 1845 1572
f 1572 1292 1133
f 1846 2505 1295
f 1295 1572 2001
f 1367 1847 1573
f 1847 1221 1846
f 1573 1846 2002
f 2125 1573 1166
f 1164 2506 1574
f 2506 2120 1574
f 1574 2507 2508
f 2507 1363 1848
f 1574 2508 1851
f 2508 1848 1222
f 1996 1574 1292
f 1363 2121 1575
f 2121 1117 2107
f 1575 2107 1355
f 1848 1575 1849
f 1222 1849 1576
f 1849 1355 2106
f 1576 2106 1160
f 1850 1576 1998
f 1292 1851 1577
f 1851 1222 1850
f 1577 1850 1293
f 1133 1577 1997
f 1999 1997 1578
f 1997 1293 1852
f 1578 1852 1223
f 1294 1578 1855
f 1293 1998 1579
f 1998 1160 2104
f 1579 2104 1354
f 1852 1579 1853
f 1223 1853 1580
f 1853 1354 2105
f 1580 2105 1116
f 1854 2509 1364
f 2509 1580 2123
f 2000 1855 1581
f 1855 1223 1854
f 1581 1854 2122
f 1165 1581 2122
f 1166 2002 1582
f 2002 1295 1856
f 1582 1856 1224
f 1366 1582 1858
f 1856 2001 1583
f 2001 1133 1999
f 1583 1999 1294
f 1224 1583 1857
f 2510 1857 1584
f 1857 1294 2000
f 1584 2000 1165
f 1365 2510 2511
f 2511 1584 2124
f 1366 1858 1585
f 1858 1224 1365
f 1120 1368 1587
f 1368 1586 1225
f 1225 1586 2512
f 1587 1368 1225
f 1366 1587 1226
f 1166 1226 2125
f 2125 1226 1589
f 1226 1225 1588
f 2512 1586 1167
f 1589 1226 1369
f 1367 1589 1899
f 1120 1585 1590
f 1585 1365 1859
f 1590 1859 1227
f 2127 1590 1862
f 1365 2511 2513
f 2513 2124 1591
f 2124 1165 2004
f 1591 2004 1296
f 1859 2513 2514
f 2514 1591 1860
f 1227 2514 2515
f 2515 1860 1592
f 1860 1296 2003
f 1592 2003 1134
f 1861 2515 2009
f 2515 1592 2009
f 1371 1862 1593
f 1862 1227 1861
f 1593 1861 1299
f 2126 1593 2010
f 2004 2122 1594
f 2122 1364 1863
f 1594 1863 1228
f 1296 1594 1866
f 1364 2123 1595
f 2123 1116 2099
f 1595 2099 1351
f 1863 2517 1864
f 1863 1595 2517
f 1228 1864 1865
f 1864 2517 2518
f 1864 2518 1596
f 2517 1351 2518
f 1596 2098 1158
f 1865 1596 2006
f 2003 1866 1597
f 1866 1228 1597
f 2005 1865 1297
f 2003 1597 2005
f 1134 2005 1598
f 1598 1297 1867
f 1870 1867 1229
f 2007 1598 1870
f 1297 2006 1599
f 2006 1158 2096
f 1599 2096 1350
f 1867 1599 1868
f 1229 1868 1600
f 1868 1350 2097
f 1600 2097 16
f 1869 1600 1097
f 1870 1601 2008
f 1601 1229 1869
f 1869 299 1096
f 1601 1096 79
f 1168 2010 1602
f 2010 1299 1871
f 1602 1871 1230
f 1608 1602 1874
f 1299 2009 1603
f 2009 2516 2519
f 2516 1134 2007
f 1603 2519 2520
f 2519 2007 1298
f 1871 1603 1872
f 1230 1872 1604
f 2520 2521 1604
f 1298 2008 2521
f 2521 2522 1098
f 2008 79 2522
f 1604 1098 300
f 1370 1874 1605
f 1874 1230 1873
f 1873 300 541
f 1606 1605 541
f 23 303 1231
f 1370 1231 1607
f 1608 1607 1300
f 1168 1608 1609
f 2126 1232 1371
f 2126 1609 1232
f 1609 1300 1875
f 1232 1875 1610
f 547 1611 1375
f 305 1233 1611
f 548 1612 1233
f 81 2011 1612
f 2011 1301 1876
f 1612 1876 1233
f 1876 1613 1304
f 1301 1135 1613
f 1375 1170 2014
f 1611 1614 1170
f 1233 1304 1614
f 1101 1615 2011
f 304 1877 1615
f 1877 1234 1879
f 1615 1879 1301
f 1102 1616 1877
f 20 2117 1616
f 2117 1361 1878
f 1616 1878 1234
f 1878 1617 1302
f 1361 2116 1617
f 2116 1163 1620
f 1617 1620 1880
f 1879 1618 1135
f 1234 1302 1618
f 1618 1619 2012
f 1302 1880 1619
f 1619 1235 1882
f 2012 1882 1303
f 1163 2115 1881
f 1880 1881 1235
f 1881 1621 1372
f 2115 1360 1621
f 1360 1118 1621
f 1882 1622 1303
f 1235 1372 1622
f 1614 1623 1170
f 1304 1883 1623
f 1623 1236 1626
f 1623 1626 1374
f 1613 1624 1883
f 1135 2012 1624
f 1624 1303 1884
f 1883 1884 1236
f 1303 2523 1625
f 1303 1169 2523
f 1884 1625 1373
f 1236 1373 1626
f 2128 1885 1374
f 1627 1885 2128
f 1628 1171 1305
f 2013 1136 1632
f 1171 1632 1886
f 1237 1631 2014
f 1629 2014 1170
f 1138 1630 2013
f 1305 1886 1887
f 1886 1238 1633
f 2014 2524 1375
f 1631 1887 2524
f 1632 567 1238
f 1136 82 567
f 1887 1633 2524
f 1633 2324 568
f 1238 306 2324
f 2524 2325 24
f 1633 568 2325
f 2128 1626 1635
f 1626 1373 1239
f 1625 2523 1306
f 2523 1169 1306
f 1373 1625 1634
f 1634 1306 1137
f 1239 1634 2019
f 1635 1239 1309
f 1377 1635 1895
f 1622 1372 1888
f 1372 1621 1637
f 1621 1118 2114
f 1637 2114 1889
f 1889 2114 1359
f 1888 1637 1240
f 1240 1889 1638
f 1638 2113 1162
f 1890 1638 2016
f 1169 1636 1639
f 1636 1240 1890
f 1639 1890 2525
f 1306 1639 2015
f 1137 2015 1640
f 2015 1307 2526
f 1640 2526 2527
f 2526 2528 1891
f 2527 1891 1241
f 2017 1640 1894
f 1307 2525 2528
f 2525 2016 1641
f 2016 1162 2529
f 1641 2111 1358
f 1891 1641 1892
f 1241 1892 1642
f 1892 1358 2112
f 1642 2112 1117
f 1893 1642 2121
f 1308 1643 2120
f 1643 1894 2530
f 1894 1241 1893
f 2120 2530 2507
f 2530 1893 1363
f 2018 2120 2506
f 1172 1895 1644
f 1644 1895 1242
f 1172 1644 1898
f 1309 2019 1645
f 2019 1137 2017
f 1896 1645 1308
f 1645 2017 1308
f 1895 2531 1242
f 2531 1645 1896
f 1242 1896 1646
f 1646 1308 2018
f 2118 2018 1164
f 1897 1646 2118
f 2129 1898 1647
f 1898 1242 1897
f 1647 1897 1362
f 1376 1647 2119
f 1119 1899 1648
f 1648 1899 1243
f 1119 1648 1900
f 1369 1588 1649
f 1899 1649 1650
f 1649 1310 1138
f 1376 1900 1651
f 1900 1243 1311
f 2129 1651 1237
f 1172 1237 1629
f 1651 1311 1628
f 1243 1650 1171
f 1650 1138 2013
f 1377 1627 2128
f 78 2571 2539
f 1167 2565 2564
f 1610 2565 1586
f 1231 2558 2562
f 221 2552 43
f 545 2555 215
f 1630 2561 2568
f 227 2552 2557
f 2319 2560 545
f 215 2559 542
f 1607 2562 2566
f 1300 2566 2563
f 1630 2556 221
f 2319 2571 2570
f 144 2558 303
f 1875 2563 2569
f 1167 2564 1310
f 1310 2561 1138
f 1875 2567 1610
f 542 2554 144
f 78 2557 2553
f 2566 2581 2585
f 2553 2577 2573
f 2564 2580 2561
f 2554 2578 2558
f 2570 2589 2588
f 2557 2572 2577
f 2559 2574 2554
f 2555 2579 2559
f 2556 2572 2552
f 2563 2585 2582
f 2570 2588 2560
f 2560 2575 2555
f 2569 2582 2587
f 2567 2584 2565
f 2565 2583 2564
f 2556 2586 2576
f 2569 2587 2567
f 2562 2578 2581
f 2553 2589 2571
f 2568 2580 2586
f 2575 2592 2579
f 2576 2590 2572
f 2582 2593 2595
f 2588 2592 2575
f 2587 2595 2584
f 2584 2594 2583
f 2576 2594 2590
f 2581 2591 2593
f 2573 2596 2589
f 2573 2590 2596
f 2583 2594 2580
f 2574 2591 2578
f 2579 2591 2574
f 78 2553 2571
f 1167 1586 2565
f 1610 2567 2565
f 1231 303 2558
f 221 2556 2552
f 545 2560 2555
f 1630 1138 2561
f 227 43 2552
f 2319 2570 2560
f 215 2555 2559
f 1607 1231 2562
f 1300 1607 2566
f 1630 2568 2556
f 2319 2539 2571
f 144 2554 2558
f 1875 1300 2563
f 1310 2564 2561
f 1875 2569 2567
f 542 2559 2554
f 78 227 2557
f 2566 2562 2581
f 2553 2557 2577
f 2564 2583 2580
f 2554 2574 2578
f 2570 2571 2589
f 2557 2552 2572
f 2559 2579 2574
f 2555 2575 2579
f 2556 2576 2572
f 2563 2566 2585
f 2560 2588 2575
f 2569 2563 2582
f 2567 2587 2584
f 2565 2584 2583
f 2556 2568 2586
f 2562 2558 2578
f 2553 2573 2589
f 2568 2561 2580
f 2582 2585 2593
f 2588 2596 2592
f 2587 2582 2595
f 2584 2595 2594
f 2576 2586 2594
f 2581 2578 2591
f 2586 2580 2594
f 2585 2581 2593
f 2573 2577 2590
f 2588 2589 2596
f 2577 2572 2590
f 2579 2592 2591
f 2595 2596 2590
f 2592 2596 2595
f 2591 2592 2593
f 2595 2593 2592
f 2590 2594 2595

